-- phpMyAdmin SQL Dump
-- version 4.6.6deb5
-- https://www.phpmyadmin.net/
--
-- Client :  localhost:3306
-- Généré le :  Lun 11 Mars 2019 à 00:42
-- Version du serveur :  5.7.25-0ubuntu0.18.04.2
-- Version de PHP :  7.2.15-0ubuntu0.18.04.1

SET SQL_MODE = "NO_AUTO_VALUE_ON_ZERO";
SET time_zone = "+00:00";


/*!40101 SET @OLD_CHARACTER_SET_CLIENT=@@CHARACTER_SET_CLIENT */;
/*!40101 SET @OLD_CHARACTER_SET_RESULTS=@@CHARACTER_SET_RESULTS */;
/*!40101 SET @OLD_COLLATION_CONNECTION=@@COLLATION_CONNECTION */;
/*!40101 SET NAMES utf8mb4 */;

--
-- Base de données :  `dune_api`
--

-- --------------------------------------------------------

--
-- Structure de la table `access_token`
--

CREATE TABLE `access_token` (
  `access_token_id` int(11) NOT NULL,
  `user_id` int(11) DEFAULT NULL,
  `access_token` text,
  `device_type` varchar(45) DEFAULT NULL
) ENGINE=InnoDB DEFAULT CHARSET=latin1;

--
-- Contenu de la table `access_token`
--

INSERT INTO `access_token` (`access_token_id`, `user_id`, `access_token`, `device_type`) VALUES
(1, 1, 'eyJhbGciOiJIUzI1NiIsInR5cCI6IkpXVCJ9.eyJpZCI6MSwiaWF0IjoxNTQyOTEwNzk2LCJleHAiOjE1NDM1MTU1OTZ9.WcbeDSm7q0Uov4MkHXpjzJ-Bnv54RedUqmoLakcaCbQ', 'ios'),
(2, 1, 'eyJhbGciOiJIUzI1NiIsInR5cCI6IkpXVCJ9.eyJpZCI6MSwiaWF0IjoxNTQyOTEwODE2LCJleHAiOjE1NDM1MTU2MTZ9.yftxV5FxjgbpZkcm23_ufvQXmVIcyJR0DdAzkSYZv08', 'ios'),
(3, 1, 'eyJhbGciOiJIUzI1NiIsInR5cCI6IkpXVCJ9.eyJpZCI6MSwiaWF0IjoxNTQyOTEwODM5LCJleHAiOjE1NDM1MTU2Mzl9.nA7XRkqettzX5xWO2ToBryiNxzP7Labg5SKpMMBJopY', 'ios'),
(4, 1, 'eyJhbGciOiJIUzI1NiIsInR5cCI6IkpXVCJ9.eyJpZCI6MSwiaWF0IjoxNTQyOTEwOTY5LCJleHAiOjE1NDM1MTU3Njl9.LtQyxlimoZQdZIL82Asx_dx6UVopLBuaoU-4ZZqXhao', 'ios'),
(5, 1, 'eyJhbGciOiJIUzI1NiIsInR5cCI6IkpXVCJ9.eyJpZCI6MSwiaWF0IjoxNTQyOTExMDE4LCJleHAiOjE1NDM1MTU4MTh9.Q2NCOA4T2sSY3NE0x1KePPkvqrt35PzrCLpsW-V6WSs', 'ios'),
(6, 1, 'eyJhbGciOiJIUzI1NiIsInR5cCI6IkpXVCJ9.eyJpZCI6MSwiaWF0IjoxNTQyOTExMTgyLCJleHAiOjE1NDM1MTU5ODJ9.t0-QnqbkZDLxSTokYkU5uzdMNEnSa5i3Dg7wGc9PPro', 'ios'),
(7, 25, 'eyJhbGciOiJIUzI1NiIsInR5cCI6IkpXVCJ9.eyJpZCI6MjUsImlhdCI6MTU0MzE1MTY3MSwiZXhwIjoxNTQzNzU2NDcxfQ.6LK-C7H5KdBRtzvzhB1Pw0vLHROFgcvV4x1uZn-ywhQ', 'web'),
(8, 27, 'eyJhbGciOiJIUzI1NiIsInR5cCI6IkpXVCJ9.eyJpZCI6MjcsImlhdCI6MTU0MzE1NzgwNSwiZXhwIjoxNTQzNzYyNjA1fQ.Mw_ztVfSAAOGvGSnOi_hQxtzXrMEVlSdmH_d1wrMeGQ', 'android'),
(9, 27, 'eyJhbGciOiJIUzI1NiIsInR5cCI6IkpXVCJ9.eyJpZCI6MjcsImlhdCI6MTU0MzE1ODI5MiwiZXhwIjoxNTQzNzYzMDkyfQ.2YWYzvosMO1e1a0Zwpdnl9iiZpsF6hGOcOkG3VMMZ2w', 'android'),
(10, 27, 'eyJhbGciOiJIUzI1NiIsInR5cCI6IkpXVCJ9.eyJpZCI6MjcsImlhdCI6MTU0MzE2MjkxMCwiZXhwIjoxNTQzNzY3NzEwfQ.2HCzibDDfH9JBlEdfF596VyRPEwO03UFILupitgAxVo', 'android'),
(11, 27, 'eyJhbGciOiJIUzI1NiIsInR5cCI6IkpXVCJ9.eyJpZCI6MjcsImlhdCI6MTU0MzE2MzQ1NSwiZXhwIjoxNTQzNzY4MjU1fQ.KCxE4kwzmcU9evgGf6ygUfCoPOFkV8Rq1Dv1HP2a1j4', 'android'),
(12, 27, 'eyJhbGciOiJIUzI1NiIsInR5cCI6IkpXVCJ9.eyJpZCI6MjcsImlhdCI6MTU0MzE2MzgyMywiZXhwIjoxNTQzNzY4NjIzfQ.UP13c1EJf-JMSELABt0YQo8BR_k6aLks_Q-I2sRvQlw', 'android'),
(13, 27, 'eyJhbGciOiJIUzI1NiIsInR5cCI6IkpXVCJ9.eyJpZCI6MjcsImlhdCI6MTU0MzE2NDAwOSwiZXhwIjoxNTQzNzY4ODA5fQ.zVm9d6bd5aPYo4osgHa4-7WC81nhHVqPdCC6s4h8Fy0', 'android'),
(14, 27, 'eyJhbGciOiJIUzI1NiIsInR5cCI6IkpXVCJ9.eyJpZCI6MjcsImlhdCI6MTU0MzE2NDA2NywiZXhwIjoxNTQzNzY4ODY3fQ.5zfblZxGDRzgwQQoRgghkg5giw0p56A4D2sab-mydjA', 'android'),
(15, 27, 'eyJhbGciOiJIUzI1NiIsInR5cCI6IkpXVCJ9.eyJpZCI6MjcsImlhdCI6MTU0MzE2NTAxNywiZXhwIjoxNTQzNzY5ODE3fQ.G1yiXFOaQcSwfm0aKCKVz4WfaKJh39LWJgrCoXG943Y', 'android'),
(16, 27, 'eyJhbGciOiJIUzI1NiIsInR5cCI6IkpXVCJ9.eyJpZCI6MjcsImlhdCI6MTU0MzE2NTQ0NiwiZXhwIjoxNTQzNzcwMjQ2fQ.x3fLMnSF3eLkcJe4dhFRJOrHfpliomBgIy2BKZ7N53Y', 'android'),
(17, 27, 'eyJhbGciOiJIUzI1NiIsInR5cCI6IkpXVCJ9.eyJpZCI6MjcsImlhdCI6MTU0MzE2NTgxOSwiZXhwIjoxNTQzNzcwNjE5fQ.oK8B4RExqEQA1ZQFMuHvuCBWcl4ja5TL3rZOaOl-RRY', 'android'),
(18, 27, 'eyJhbGciOiJIUzI1NiIsInR5cCI6IkpXVCJ9.eyJpZCI6MjcsImlhdCI6MTU0MzE2NjM2OSwiZXhwIjoxNTQzNzcxMTY5fQ.UgmGOn6YmrKR_uDYTJR-LmBPS4a97osWqmuwJVY6i8c', 'android'),
(19, 25, 'eyJhbGciOiJIUzI1NiIsInR5cCI6IkpXVCJ9.eyJpZCI6MjUsImlhdCI6MTU0MzE2Njc1OSwiZXhwIjoxNTQzNzcxNTU5fQ.RA6WRzr4gatQ76_A1ZAEcJdxDiCRWzDYO6qn20Kaj44', 'web'),
(20, 27, 'eyJhbGciOiJIUzI1NiIsInR5cCI6IkpXVCJ9.eyJpZCI6MjcsImlhdCI6MTU0MzE2Njc3NywiZXhwIjoxNTQzNzcxNTc3fQ.00zxH43rWP6E231N9RrhT7glINIZzHpUpYJf75XMFvw', 'android'),
(21, 28, 'eyJhbGciOiJIUzI1NiIsInR5cCI6IkpXVCJ9.eyJpZCI6MjgsImlhdCI6MTU0MzE3MDY2NiwiZXhwIjoxNTQzNzc1NDY2fQ.c72gu64Hhwbb6QOtRd_RDug62EdZ4c0fgLZRt6Ta_64', 'web'),
(22, 28, 'eyJhbGciOiJIUzI1NiIsInR5cCI6IkpXVCJ9.eyJpZCI6MjgsImlhdCI6MTU0MzE3MTI1NCwiZXhwIjoxNTQzNzc2MDU0fQ.f47T2uuRRibbJfowVjaY7nYIMHv8HDEeCCUGr_EauOo', 'web'),
(23, 25, 'eyJhbGciOiJIUzI1NiIsInR5cCI6IkpXVCJ9.eyJpZCI6MjUsImlhdCI6MTU0MzI0MDA1NywiZXhwIjoxNTQzODQ0ODU3fQ.Jbt01FRQe59IpLFHqmOrchgDPRHT1gnTS_47gr-JmBw', 'web'),
(24, 27, 'eyJhbGciOiJIUzI1NiIsInR5cCI6IkpXVCJ9.eyJpZCI6MjcsImlhdCI6MTU0MzI0MDA3NSwiZXhwIjoxNTQzODQ0ODc1fQ.00PwWWaPDiRs3WGdv_eneTrkOUzzOuLZqN8nM07bX44', 'android'),
(25, 25, 'eyJhbGciOiJIUzI1NiIsInR5cCI6IkpXVCJ9.eyJpZCI6MjUsImlhdCI6MTU0MzI0MDE3NywiZXhwIjoxNTQzODQ0OTc3fQ.Upn-ddRMrZBNha81xKis61HX_J4nnPdsTKe36sT-ep0', 'web'),
(26, 25, 'eyJhbGciOiJIUzI1NiIsInR5cCI6IkpXVCJ9.eyJpZCI6MjUsInBlcm0iOjEsImlhdCI6MTU0MzI0MDIzMCwiZXhwIjoxNTQzODQ1MDMwfQ.-ewXIu9kVmJQgUOiFDlyJ3sBUIJt3w7R2OOQekVb1ls', 'web'),
(27, 27, 'eyJhbGciOiJIUzI1NiIsInR5cCI6IkpXVCJ9.eyJpZCI6MjcsInBlcm0iOjIsImlhdCI6MTU0MzI0MDI3MiwiZXhwIjoxNTQzODQ1MDcyfQ.w0P9Ny-7XTrFj3heXuU7XAqaNvSP4X0obeML6XMzXKE', 'android'),
(28, 1, 'eyJhbGciOiJIUzI1NiIsInR5cCI6IkpXVCJ9.eyJpZCI6MSwiaWF0IjoxNTQzMjQzMTM5LCJleHAiOjE1NDM4NDc5Mzl9.NV0y0sbHovep0F6xs_Tu9zXc-BqK9swgIqIF53SYTJk', 'ios'),
(29, 1, 'eyJhbGciOiJIUzI1NiIsInR5cCI6IkpXVCJ9.eyJpZCI6MSwiaWF0IjoxNTQzNDE2MDI4LCJleHAiOjE1NDQwMjA4Mjh9.HiBT6z5TFGrz4tNFRpzwWurHkYoCSUOEGgOv2_vU68Y', 'ios'),
(30, 25, 'eyJhbGciOiJIUzI1NiIsInR5cCI6IkpXVCJ9.eyJpZCI6MjUsImlhdCI6MTU0MzQxNjE3NywiZXhwIjoxNTQ0MDIwOTc3fQ.N9wKOToi5LiSFB_g2SORb4T8oJ049-vPgbHPApo4d18', 'web'),
(31, 27, 'eyJhbGciOiJIUzI1NiIsInR5cCI6IkpXVCJ9.eyJpZCI6MjcsImlhdCI6MTU0MzUzODY4MiwiZXhwIjoxNTQ0MTQzNDgyfQ.XI5JHXqexb-b8jcOoQ_CSUqsMQuPGIVaTWOdiEAuZso', 'android'),
(32, 27, 'eyJhbGciOiJIUzI1NiIsInR5cCI6IkpXVCJ9.eyJpZCI6MjcsInBlcm0iOjIsImlhdCI6MTU0MzUzODcwOSwiZXhwIjoxNTQ0MTQzNTA5fQ.Uayne_DojgH2IzzxV6Ps0lFA7Q9r5BzoG2-H1kNyI0Y', 'android'),
(33, 27, 'eyJhbGciOiJIUzI1NiIsInR5cCI6IkpXVCJ9.eyJpZCI6MjcsInBlcm0iOjIsImlhdCI6MTU0MzUzODg2NywiZXhwIjoxNTQ0MTQzNjY3fQ.xaj8_dTwc4qLNupvAYcONzOmzVZ9em6cxihfE4Ob798', 'android'),
(34, 1, 'eyJhbGciOiJIUzI1NiIsInR5cCI6IkpXVCJ9.eyJpZCI6MSwiaWF0IjoxNTQzNTc3OTgwLCJleHAiOjE1NDQxODI3ODB9.gtUMC44puBMv2NsFp1i7-J76zg0we7bY368X9U2O4H4', 'ios'),
(35, 1, 'eyJhbGciOiJIUzI1NiIsInR5cCI6IkpXVCJ9.eyJpZCI6MSwiaWF0IjoxNTQzNjAwMzYwLCJleHAiOjE1NDQyMDUxNjB9.Bw1H7WbC3zDfUW8lIktYjW3FThEhux7wWw7Y4NCvV4w', 'ios'),
(36, 1, 'eyJhbGciOiJIUzI1NiIsInR5cCI6IkpXVCJ9.eyJpZCI6MSwiaWF0IjoxNTQzNzYyNTY1LCJleHAiOjE1NDQzNjczNjV9.Fkl_iUJEeeNyvdL-2LgZEkmSjT2LcZk-JRb8XjmGKjc', 'ios'),
(37, 1, 'eyJhbGciOiJIUzI1NiIsInR5cCI6IkpXVCJ9.eyJpZCI6MSwiaWF0IjoxNTQzNzY0ODI1LCJleHAiOjE1NDQzNjk2MjV9.J6zsdvf7FseveZdcuibMvhZ9Q9ljzdwojeUHoVkZToU', 'ios'),
(38, 1, 'eyJhbGciOiJIUzI1NiIsInR5cCI6IkpXVCJ9.eyJpZCI6MSwiaWF0IjoxNTQzNzY0OTAzLCJleHAiOjE1NDQzNjk3MDN9.RZ9uYL5E_vXmoaP7AG1B882iUWMxawRKnuR57wbA798', 'ios'),
(40, 1, 'eyJhbGciOiJIUzI1NiIsInR5cCI6IkpXVCJ9.eyJpZCI6MSwiaWF0IjoxNTQzNzY1MTUwLCJleHAiOjE1NDQzNjk5NTB9.Z4zkCOLfF4h-Z0D1KiMAoF6bV6es1UWV23ypudugDeY', 'ios'),
(41, 1, 'eyJhbGciOiJIUzI1NiIsInR5cCI6IkpXVCJ9.eyJpZCI6MSwiaWF0IjoxNTQzNzY1MTYwLCJleHAiOjE1NDQzNjk5NjB9.0FmW60AWs4LWZ9CiyhMTON6dqoT14g2XVy2MIoVRwI4', 'ios'),
(42, 1, 'eyJhbGciOiJIUzI1NiIsInR5cCI6IkpXVCJ9.eyJpZCI6MSwiaWF0IjoxNTQzNzY1MjUxLCJleHAiOjE1NDQzNzAwNTF9.h0MIaEmUrVI7sJ6N2XFGpGtQVeyrp-MpCRapPzUpC9o', 'ios'),
(43, 1, 'eyJhbGciOiJIUzI1NiIsInR5cCI6IkpXVCJ9.eyJpZCI6MSwiaWF0IjoxNTQzNzY1MjcxLCJleHAiOjE1NDQzNzAwNzF9.nUaWAinse1ygiH6bRuks8X7LfM7p0DpRJbd66YA1C2w', 'ios'),
(44, 1, 'eyJhbGciOiJIUzI1NiIsInR5cCI6IkpXVCJ9.eyJpZCI6MSwiaWF0IjoxNTQzNzY1MzMwLCJleHAiOjE1NDQzNzAxMzB9.gmiJsn-j2CCJkFEN2F7kycZdZDtdkUMXfQT953EiNGE', 'ios'),
(45, 1, 'eyJhbGciOiJIUzI1NiIsInR5cCI6IkpXVCJ9.eyJpZCI6MSwiaWF0IjoxNTQzNzY1MzM4LCJleHAiOjE1NDQzNzAxMzh9.VK6SbCt0weiLvrPCs_tzvXcXBofIRYDy6aCHfuPjqyg', 'ios'),
(46, 25, 'eyJhbGciOiJIUzI1NiIsInR5cCI6IkpXVCJ9.eyJpZCI6MjUsImlhdCI6MTU0Mzg1NDg1MSwiZXhwIjoxNTQ0NDU5NjUxfQ.IKmaxmtr7H6K8T7MzjVzxGLFxp7gkZPuJSkOBQ0Vvjw', 'web'),
(47, 27, 'eyJhbGciOiJIUzI1NiIsInR5cCI6IkpXVCJ9.eyJpZCI6MjcsImlhdCI6MTU0Mzg1NDg4MiwiZXhwIjoxNTQ0NDU5NjgyfQ.w18KMtDxE1BL55Y-KV6_cqL4mu8N8v61_UofIm_9RZw', 'android'),
(48, 1, 'eyJhbGciOiJIUzI1NiIsInR5cCI6IkpXVCJ9.eyJpZCI6MSwiaWF0IjoxNTQ0MDIwNjcyLCJleHAiOjE1NDQ2MjU0NzJ9.G0lZpUw8kweBYjmTXlC_o6IvhRJwkERcnY1m7dGlx1k', 'ios'),
(49, 1, 'eyJhbGciOiJIUzI1NiIsInR5cCI6IkpXVCJ9.eyJpZCI6MSwiaWF0IjoxNTQ0MDIwNzg2LCJleHAiOjE1NDQ2MjU1ODZ9.oDgNtwliZHGPwLagzcZyQrTCmaAjehBnRB_kR7hbWrM', 'ios'),
(50, 1, 'eyJhbGciOiJIUzI1NiIsInR5cCI6IkpXVCJ9.eyJpZCI6MSwiaWF0IjoxNTQ0MDIwOTM2LCJleHAiOjE1NDQ2MjU3MzZ9.6aeshU7ArHMi5YTKKpBqUKSk-mo3behZQC62qCqBm0E', 'ios'),
(51, 1, 'eyJhbGciOiJIUzI1NiIsInR5cCI6IkpXVCJ9.eyJpZCI6MSwiaWF0IjoxNTQ0MDIxMzQ5LCJleHAiOjE1NDQ2MjYxNDl9.YHiAxPVPQ7hGAtDUtHKa1FYbvarjtPkun_sEV3JnFPI', 'ios'),
(52, 1, 'eyJhbGciOiJIUzI1NiIsInR5cCI6IkpXVCJ9.eyJpZCI6MSwiaWF0IjoxNTQ0MDIxMzc4LCJleHAiOjE1NDQ2MjYxNzh9.5ollozhWaAI9vLnUfLX6qCFkhy6wikKe6Hzck95k4T4', 'ios'),
(53, 1, 'eyJhbGciOiJIUzI1NiIsInR5cCI6IkpXVCJ9.eyJpZCI6MSwiaWF0IjoxNTQ0MDIxNzgwLCJleHAiOjE1NDQ2MjY1ODB9.YbaNsoQxYBU-X32osKrdWJJZMfrBXXcaKaYbcETWAOo', 'ios'),
(54, 27, 'eyJhbGciOiJIUzI1NiIsInR5cCI6IkpXVCJ9.eyJpZCI6MjcsImlhdCI6MTU0NDAyNjgwNCwiZXhwIjoxNTQ0NjMxNjA0fQ.Fw34NILv6CmXvQlQKA8W7O0dOaguX3myevI9DQMdO5E', 'android'),
(55, 25, 'eyJhbGciOiJIUzI1NiIsInR5cCI6IkpXVCJ9.eyJpZCI6MjUsImlhdCI6MTU0NDAyNjg0MywiZXhwIjoxNTQ0NjMxNjQzfQ.d3vlUqgE24cDsAjejJBJX28uNL6JwBuDZyruhogZYro', 'web'),
(56, 27, 'eyJhbGciOiJIUzI1NiIsInR5cCI6IkpXVCJ9.eyJpZCI6MjcsImlhdCI6MTU0NDAyNzI1MSwiZXhwIjoxNTQ0NjMyMDUxfQ.ND186xoYRbqVdp6hRFzql4KbdHxM-SD1_x0WiYAFFf0', 'android'),
(57, 27, 'eyJhbGciOiJIUzI1NiIsInR5cCI6IkpXVCJ9.eyJpZCI6MjcsImlhdCI6MTU0NDAyNzMzOSwiZXhwIjoxNTQ0NjMyMTM5fQ.Sw4cl0by3cnWkNLIWNwSiNF_4bVKKfNUnIMnSNJREME', 'android'),
(58, 27, 'eyJhbGciOiJIUzI1NiIsInR5cCI6IkpXVCJ9.eyJpZCI6MjcsImlhdCI6MTU0NDAyNzM4MywiZXhwIjoxNTQ0NjMyMTgzfQ.mLFAIMijQfe1NvDyRJ8e_YZ4UmwW84A3HyEtNs7KmiI', 'android'),
(59, 25, 'eyJhbGciOiJIUzI1NiIsInR5cCI6IkpXVCJ9.eyJpZCI6MjUsImlhdCI6MTU0NDAyNzUwMSwiZXhwIjoxNTQ0NjMyMzAxfQ.kTWRNQUGmUJgJ5mnPOSeNO3FyBiTuvKljBYYlZNal6I', 'web'),
(60, 28, 'eyJhbGciOiJIUzI1NiIsInR5cCI6IkpXVCJ9.eyJpZCI6MjgsImlhdCI6MTU0NDAyNzkxMiwiZXhwIjoxNTQ0NjMyNzEyfQ.-MplK8eWOW8b53Zk5kEg9BURw73Zh1_5Z7kF2QUCYQU', 'web'),
(61, 1, 'eyJhbGciOiJIUzI1NiIsInR5cCI6IkpXVCJ9.eyJpZCI6MSwiaWF0IjoxNTQ0MDI4MjI1LCJleHAiOjE1NDQ2MzMwMjV9.3Y2cr3xuXbjp6ICI2EE5ANpIj0tx-0yOdR_Euiidvws', 'ios'),
(62, 28, 'eyJhbGciOiJIUzI1NiIsInR5cCI6IkpXVCJ9.eyJpZCI6MjgsImlhdCI6MTU0NDEwNzQ0NCwiZXhwIjoxNTQ0NzEyMjQ0fQ.puAiz9b5x1YYKleYNVueAsWPhhH1BiCOBE-rZ_mms-c', 'web'),
(63, 1, 'eyJhbGciOiJIUzI1NiIsInR5cCI6IkpXVCJ9.eyJpZCI6MSwiaWF0IjoxNTQ0MTE0NTIzLCJleHAiOjE1NDQ3MTkzMjN9.WntLUQH5y4FMa7qUiy6dnZ4YXSh-exM5HPnmfVset-E', 'ios'),
(64, 30, 'eyJhbGciOiJIUzI1NiIsInR5cCI6IkpXVCJ9.eyJpZCI6MzAsImlhdCI6MTU0NDExNTIxOCwiZXhwIjoxNTQ0NzIwMDE4fQ.z0gyuL6kTbSvvI--pTNNkGDJVJU6i5koKyb7Y8_Ilgg', 'web'),
(65, 1, 'eyJhbGciOiJIUzI1NiIsInR5cCI6IkpXVCJ9.eyJpZCI6MSwiaWF0IjoxNTQ0MTE1Mjg4LCJleHAiOjE1NDQ3MjAwODh9.l4NSi9qt3fJOLJyfvzwZ2eDXKXlMlYj3g2_ftpQnLQA', 'ios'),
(66, 1, 'eyJhbGciOiJIUzI1NiIsInR5cCI6IkpXVCJ9.eyJpZCI6MSwiaWF0IjoxNTQ0MTE1Mjg4LCJleHAiOjE1NDQ3MjAwODh9.l4NSi9qt3fJOLJyfvzwZ2eDXKXlMlYj3g2_ftpQnLQA', 'ios'),
(67, 30, 'eyJhbGciOiJIUzI1NiIsInR5cCI6IkpXVCJ9.eyJpZCI6MzAsImlhdCI6MTU0NDExNTQ0OSwiZXhwIjoxNTQ0NzIwMjQ5fQ._pxacxJ5iRc_kpEWpP0Th2bn7_xZPJ-QgLsRaHmKvbI', 'web'),
(68, 1, 'eyJhbGciOiJIUzI1NiIsInR5cCI6IkpXVCJ9.eyJpZCI6MSwiaWF0IjoxNTQ0MTE1ODU4LCJleHAiOjE1NDQ3MjA2NTh9.CX213w3awBz1ZfLZvvkpNxaoEH1Dkh3Iiww_51odwQ4', 'ios'),
(69, 31, 'eyJhbGciOiJIUzI1NiIsInR5cCI6IkpXVCJ9.eyJpZCI6MzEsImlhdCI6MTU0NDExNjE1NCwiZXhwIjoxNTQ0NzIwOTU0fQ.KpYKR-ommxoV4YZDWcYKyBsHRX7redVstvBllPLh8Z8', 'android'),
(70, 32, 'eyJhbGciOiJIUzI1NiIsInR5cCI6IkpXVCJ9.eyJpZCI6MzIsImlhdCI6MTU0NDExNjc1NiwiZXhwIjoxNTQ0NzIxNTU2fQ.OUN35G1LZs8gTr1iR3m7VSJzC_HerRFQ4_wiv5DCWss', 'android'),
(71, 33, 'eyJhbGciOiJIUzI1NiIsInR5cCI6IkpXVCJ9.eyJpZCI6MzMsImlhdCI6MTU0NDExNjgwOCwiZXhwIjoxNTQ0NzIxNjA4fQ.IhZJ7mP-WkOEvHieBDtNzSZBq7DDhPRQg-fdUlv7KHU', 'web'),
(72, 31, 'eyJhbGciOiJIUzI1NiIsInR5cCI6IkpXVCJ9.eyJpZCI6MzEsImlhdCI6MTU0NDExODM4MywiZXhwIjoxNTQ0NzIzMTgzfQ.pvZfS-1JNmY_JVjNIEknSzepU3c4vuw86TD6pQF4Zl8', 'android'),
(73, 32, 'eyJhbGciOiJIUzI1NiIsInR5cCI6IkpXVCJ9.eyJpZCI6MzIsImlhdCI6MTU0NDExODUwNCwiZXhwIjoxNTQ0NzIzMzA0fQ.hezuP2PyLKvIlS9DEyGVB5XLTPloLKxBn2r8IQ1seaU', 'android'),
(74, 33, 'eyJhbGciOiJIUzI1NiIsInR5cCI6IkpXVCJ9.eyJpZCI6MzMsImlhdCI6MTU0NDExODU2MCwiZXhwIjoxNTQ0NzIzMzYwfQ.odTL9_3GRrtKLpwqG6-9VTXw7Qhj-_qgJLoa8-Abw-g', 'web'),
(75, 31, 'eyJhbGciOiJIUzI1NiIsInR5cCI6IkpXVCJ9.eyJpZCI6MzEsImlhdCI6MTU0NDExOTM1MywiZXhwIjoxNTQ0NzI0MTUzfQ.Pncg_PyFh8FwzWxXe6doJys1vD7UGBMMB9W2rHEAHB4', 'android'),
(76, 30, 'eyJhbGciOiJIUzI1NiIsInR5cCI6IkpXVCJ9.eyJpZCI6MzAsImlhdCI6MTU0NDExOTYzNywiZXhwIjoxNTQ0NzI0NDM3fQ.FQR6MaRGNYgAgli3_BeCaHs9ZPYHvuYHGPVy037ERNw', 'web'),
(77, 1, 'eyJhbGciOiJIUzI1NiIsInR5cCI6IkpXVCJ9.eyJpZCI6MSwiaWF0IjoxNTQ0MTE5NjQ5LCJleHAiOjE1NDQ3MjQ0NDl9.Ai_NnCPEboXQ_tFpbwoSTHtrP0WzpG4KyMUW0C37iJs', 'ios'),
(78, 30, 'eyJhbGciOiJIUzI1NiIsInR5cCI6IkpXVCJ9.eyJpZCI6MzAsImlhdCI6MTU0NDEyMDU0NywiZXhwIjoxNTQ0NzI1MzQ3fQ.A2cP5OXfjVcT8qVe-74gl4I1r4akO9el84PNJTbGeE8', 'web'),
(79, 1, 'eyJhbGciOiJIUzI1NiIsInR5cCI6IkpXVCJ9.eyJpZCI6MSwiaWF0IjoxNTQ0MTIwNTgxLCJleHAiOjE1NDQ3MjUzODF9.a0eHXBox5HDJzFA4IgKysyUw7NzLdT8fvGcFc5e_yd4', 'ios'),
(80, 31, 'eyJhbGciOiJIUzI1NiIsInR5cCI6IkpXVCJ9.eyJpZCI6MzEsImlhdCI6MTU0NDEyMDU4MywiZXhwIjoxNTQ0NzI1MzgzfQ.oBzm0RtmZdppren99l6i6c7ecWOToqA9vKfBy0EoScc', 'android'),
(81, 30, 'eyJhbGciOiJIUzI1NiIsInR5cCI6IkpXVCJ9.eyJpZCI6MzAsImlhdCI6MTU0NDEyMjMzNiwiZXhwIjoxNTQ0NzI3MTM2fQ.RLb3KJ9ksG7gY8pUXZdsjNM-qKTg0PL-CNeWPE4BMTs', 'web'),
(82, 1, 'eyJhbGciOiJIUzI1NiIsInR5cCI6IkpXVCJ9.eyJpZCI6MSwiaWF0IjoxNTQ0MTIyNzAwLCJleHAiOjE1NDQ3Mjc1MDB9.CGBc1Dcjqi99ahfX8tb0Q1-cYi6vjxNtRNHXbzXN3Nk', 'ios'),
(83, 30, 'eyJhbGciOiJIUzI1NiIsInR5cCI6IkpXVCJ9.eyJpZCI6MzAsImlhdCI6MTU0NDEyMjczNCwiZXhwIjoxNTQ0NzI3NTM0fQ.S7NobilhEO-ALbCK1799svRo0cnaTDapYbmkzrKOtjw', 'web'),
(84, 1, 'eyJhbGciOiJIUzI1NiIsInR5cCI6IkpXVCJ9.eyJpZCI6MSwiaWF0IjoxNTQ0MTIyNzk2LCJleHAiOjE1NDQ3Mjc1OTZ9.sErxofHqoKbSIPoCkHhsUogN_tm2tTF9eAdasRK8Q6k', 'ios'),
(85, 33, 'eyJhbGciOiJIUzI1NiIsInR5cCI6IkpXVCJ9.eyJpZCI6MzMsImlhdCI6MTU0NDEyMzI4NCwiZXhwIjoxNTQ0NzI4MDg0fQ.Zwz_FFO961JkcjtuQtwFswxkRSwj_6HQv3AvHNZ-n4g', 'web'),
(86, 1, 'eyJhbGciOiJIUzI1NiIsInR5cCI6IkpXVCJ9.eyJpZCI6MSwiaWF0IjoxNTQ0MTIzNDEwLCJleHAiOjE1NDQ3MjgyMTB9.MqPOoDxtrW_8v8_LscpGGuBdV6uBoi2e2Xq9Qd3D7WQ', 'ios'),
(87, 1, 'eyJhbGciOiJIUzI1NiIsInR5cCI6IkpXVCJ9.eyJpZCI6MSwiaWF0IjoxNTQ0MTIzNjQ0LCJleHAiOjE1NDQ3Mjg0NDR9.DPiAmvzrHjLgKRRHjNkYsWaWXAhIwi8pE4xwAgHvBxI', 'ios'),
(88, 1, 'eyJhbGciOiJIUzI1NiIsInR5cCI6IkpXVCJ9.eyJpZCI6MSwiaWF0IjoxNTQ0MTI0MzQzLCJleHAiOjE1NDQ3MjkxNDN9.Pt1AUYNFae6VXp9KSG2E4_bdydGw1g2P_Tiu6q86pc4', 'ios'),
(89, 1, 'eyJhbGciOiJIUzI1NiIsInR5cCI6IkpXVCJ9.eyJpZCI6MSwiaWF0IjoxNTQ0MTM2NDM5LCJleHAiOjE1NDQ3NDEyMzl9.nm9V9YKduFzTm3OcXmIyaBgM1Z-TLijdImRryLp_toM', 'ios'),
(90, 30, 'eyJhbGciOiJIUzI1NiIsInR5cCI6IkpXVCJ9.eyJpZCI6MzAsImlhdCI6MTU0NDEzNzA0NSwiZXhwIjoxNTQ0NzQxODQ1fQ.DaPaxO-_phE8N5KxpfOD2Z19NUHOay5lsNF7vVz61V0', 'web'),
(91, 1, 'eyJhbGciOiJIUzI1NiIsInR5cCI6IkpXVCJ9.eyJpZCI6MSwiaWF0IjoxNTQ0MTM3MTM4LCJleHAiOjE1NDQ3NDE5Mzh9.cN_A9eJyCxjXWRjxa6eQbCsiNQOtOxGJO2FIeOPKcP8', 'ios'),
(92, 1, 'eyJhbGciOiJIUzI1NiIsInR5cCI6IkpXVCJ9.eyJpZCI6MSwiaWF0IjoxNTQ0MTc1MzgwLCJleHAiOjE1NDQ3ODAxODB9.z7urEUDXFOKF-ubBvS2zigRmTjNZQhFEzMfd4uwGL9Y', 'ios'),
(93, 30, 'eyJhbGciOiJIUzI1NiIsInR5cCI6IkpXVCJ9.eyJpZCI6MzAsImlhdCI6MTU0NDI2NDQ5MCwiZXhwIjoxNTQ0ODY5MjkwfQ._WnmTCSVglIuw7URJgemGW38jwZD-qG23dFOCEvpTmc', 'web'),
(94, 30, 'eyJhbGciOiJIUzI1NiIsInR5cCI6IkpXVCJ9.eyJpZCI6MzAsImlhdCI6MTU0NDI2NDUwNiwiZXhwIjoxNTQ0ODY5MzA2fQ.fD6KSMOyWbZLnIifnJxdiNxaJsjZAvH8qt7Enm2J1qI', 'web'),
(95, 1, 'eyJhbGciOiJIUzI1NiIsInR5cCI6IkpXVCJ9.eyJpZCI6MSwiaWF0IjoxNTQ0MjY0NTE5LCJleHAiOjE1NDQ4NjkzMTl9.S8bldAavt_vxSy1i3KmmTq7riCG35ivgsz9yVhxLEEM', 'ios'),
(96, 31, 'eyJhbGciOiJIUzI1NiIsInR5cCI6IkpXVCJ9.eyJpZCI6MzEsImlhdCI6MTU0NDMwMTQxNywiZXhwIjoxNTQ0OTA2MjE3fQ.GkU2I1LNYk6ElW5smdGG8JxKjM0T5tHZYFOS-k3vEFo', 'android'),
(97, 33, 'eyJhbGciOiJIUzI1NiIsInR5cCI6IkpXVCJ9.eyJpZCI6MzMsImlhdCI6MTU0NDMwMTc3NywiZXhwIjoxNTQ0OTA2NTc3fQ.wwi0ElAQ6DVD0nxqCCNwF6eSR_vXHRyy3kz15VOH0ec', 'web'),
(98, 31, 'eyJhbGciOiJIUzI1NiIsInR5cCI6IkpXVCJ9.eyJpZCI6MzEsImlhdCI6MTU0NDM3NTY0MSwiZXhwIjoxNTQ0OTgwNDQxfQ.4zXIdhqxjNMlDvG4XHYuppUwzUc0_hgoBcyW73O3iWQ', 'android'),
(99, 33, 'eyJhbGciOiJIUzI1NiIsInR5cCI6IkpXVCJ9.eyJpZCI6MzMsImlhdCI6MTU0NDM3NTY4NSwiZXhwIjoxNTQ0OTgwNDg1fQ.GY6PF0wBxFv4B0PG6fkyNe4uW1f1AP1FoyqOioiYOW8', 'web'),
(100, 30, 'eyJhbGciOiJIUzI1NiIsInR5cCI6IkpXVCJ9.eyJpZCI6MzAsImlhdCI6MTU0NDM3NzYzMSwiZXhwIjoxNTQ0OTgyNDMxfQ._whToSJfULS-G6epmtkikeFZcvTJXgjjs7ivaZ1Cx-8', 'web'),
(101, 1, 'eyJhbGciOiJIUzI1NiIsInR5cCI6IkpXVCJ9.eyJpZCI6MSwiaWF0IjoxNTQ0Mzc3NjQ2LCJleHAiOjE1NDQ5ODI0NDZ9.LNgv-ebMvESI6QPNBdP8XjTQHJfGkXBRJQPy8pnWmGA', 'ios'),
(102, 33, 'eyJhbGciOiJIUzI1NiIsInR5cCI6IkpXVCJ9.eyJpZCI6MzMsImlhdCI6MTU0NDM3NzY2MywiZXhwIjoxNTQ0OTgyNDYzfQ.I6od4sosm-EYiDq3Tg4SpkEEV8Zjn_ORliT3bZ-FHwE', 'web'),
(103, 30, 'eyJhbGciOiJIUzI1NiIsInR5cCI6IkpXVCJ9.eyJpZCI6MzAsImlhdCI6MTU0NDQ1NTQxMywiZXhwIjoxNTQ1MDYwMjEzfQ.W_TPjI5remDLg4CJH0lMsLsADgSAlH3W0I-o7UdudI8', 'web'),
(104, 30, 'eyJhbGciOiJIUzI1NiIsInR5cCI6IkpXVCJ9.eyJpZCI6MzAsImlhdCI6MTU0NDQ1NTU5NCwiZXhwIjoxNTQ1MDYwMzk0fQ.9pxnD7SvFGmdAjHJlZH0Ciynqp-9VG1DdnRChyAv230', 'web'),
(105, 30, 'eyJhbGciOiJIUzI1NiIsInR5cCI6IkpXVCJ9.eyJpZCI6MzAsImlhdCI6MTU0NDQ1NTYyOSwiZXhwIjoxNTQ1MDYwNDI5fQ.IIbtDI9fgPEEgL0oRfpxYX_2ps-RISZpie4EAbWBRGk', 'web'),
(106, 30, 'eyJhbGciOiJIUzI1NiIsInR5cCI6IkpXVCJ9.eyJpZCI6MzAsImlhdCI6MTU0NDQ1NTczMCwiZXhwIjoxNTQ1MDYwNTMwfQ.4MN8fGziCfY95Js7ZPEfVh6adOPks-8ji4kXzhRWcc8', 'web'),
(107, 30, 'eyJhbGciOiJIUzI1NiIsInR5cCI6IkpXVCJ9.eyJpZCI6MzAsImlhdCI6MTU0NDQ1NTc2NSwiZXhwIjoxNTQ1MDYwNTY1fQ.xX63gA99aZs0LiTLUAWEWT29626LV7t1P8N9j1PkJFs', 'web'),
(108, 30, 'eyJhbGciOiJIUzI1NiIsInR5cCI6IkpXVCJ9.eyJpZCI6MzAsImlhdCI6MTU0NDQ1NTc3OSwiZXhwIjoxNTQ1MDYwNTc5fQ.SVK-_PpEDocuzQELKtwlcc-rn883746wTfoC2L9UPcw', 'web'),
(109, 30, 'eyJhbGciOiJIUzI1NiIsInR5cCI6IkpXVCJ9.eyJpZCI6MzAsImlhdCI6MTU0NDQ1NTg2OCwiZXhwIjoxNTQ1MDYwNjY4fQ.WAzG6FwqPzkZoDdx6oiqe1yLHl_igd8lU_L_mVN6vF8', 'web'),
(110, 30, 'eyJhbGciOiJIUzI1NiIsInR5cCI6IkpXVCJ9.eyJpZCI6MzAsImlhdCI6MTU0NDQ1NjY4MCwiZXhwIjoxNTQ1MDYxNDgwfQ.g1_uJok4esGXVgkhqmEWXwmc4rcF8BcEm1V4x_kUIp8', 'web'),
(111, 30, 'eyJhbGciOiJIUzI1NiIsInR5cCI6IkpXVCJ9.eyJpZCI6MzAsImlhdCI6MTU0NDQ1NjgxNywiZXhwIjoxNTQ1MDYxNjE3fQ.XIl8X8QBMkQOLRJrc4jZyIV5FLfymtdxzs9J4ZSHYsM', 'web'),
(112, 30, 'eyJhbGciOiJIUzI1NiIsInR5cCI6IkpXVCJ9.eyJpZCI6MzAsImlhdCI6MTU0NDQ1NjgzNywiZXhwIjoxNTQ1MDYxNjM3fQ.WG2jXu3bR3Jb6QnQxpTFoEzwpgP6TWmh_oeX1f5EeJs', 'web'),
(113, 30, 'eyJhbGciOiJIUzI1NiIsInR5cCI6IkpXVCJ9.eyJpZCI6MzAsImlhdCI6MTU0NDQ1Njk1MiwiZXhwIjoxNTQ1MDYxNzUyfQ.1OfoFaOdvGR0wc6segL0BtiLMTZIGA6eHD6Aw65PDAQ', 'web'),
(114, 30, 'eyJhbGciOiJIUzI1NiIsInR5cCI6IkpXVCJ9.eyJpZCI6MzAsImlhdCI6MTU0NDQ1NzA4NSwiZXhwIjoxNTQ1MDYxODg1fQ.hrL1Kxy7Mczjgc5lkg1zGw_3biGIalUT4fusZmde79U', 'web'),
(115, 30, 'eyJhbGciOiJIUzI1NiIsInR5cCI6IkpXVCJ9.eyJpZCI6MzAsImlhdCI6MTU0NDQ1NzA5MCwiZXhwIjoxNTQ1MDYxODkwfQ.CcYj9Vp94_O79nJ6eIAl5-7C6N7T1r_GT5CEE5whhl4', 'web'),
(116, 30, 'eyJhbGciOiJIUzI1NiIsInR5cCI6IkpXVCJ9.eyJpZCI6MzAsImlhdCI6MTU0NDQ1NzI4MSwiZXhwIjoxNTQ1MDYyMDgxfQ.5gzoFRbkY9LU_DZqiF2fO8DxbH9iy08aUVg_4AhSjyw', 'web'),
(117, 1, 'eyJhbGciOiJIUzI1NiIsInR5cCI6IkpXVCJ9.eyJpZCI6MSwiaWF0IjoxNTQ0NDU3MzAxLCJleHAiOjE1NDUwNjIxMDF9.-bBLC2ZKE0QnVyiJt-Fo8R-mfhuoSmy1voTPejSVCKQ', 'ios'),
(118, 30, 'eyJhbGciOiJIUzI1NiIsInR5cCI6IkpXVCJ9.eyJpZCI6MzAsImlhdCI6MTU0NDQ1NzUyNiwiZXhwIjoxNTQ1MDYyMzI2fQ.IiYMCdAooGivgUXmN4iTQ_ifhhvgm8vyQCoOOkLXTqg', 'web'),
(119, 1, 'eyJhbGciOiJIUzI1NiIsInR5cCI6IkpXVCJ9.eyJpZCI6MSwiaWF0IjoxNTQ0NDU3NTY2LCJleHAiOjE1NDUwNjIzNjZ9.U_6yM9zBUzxcUBMubV23EGWn3FLvWPvZzcAd565zBzw', 'ios'),
(120, 28, 'eyJhbGciOiJIUzI1NiIsInR5cCI6IkpXVCJ9.eyJpZCI6MjgsImlhdCI6MTU0NDUzOTUxOCwiZXhwIjoxNTQ1MTQ0MzE4fQ.-SoOFk-iqUP4JZvXs17ZpdUVlqdS30AtEP-E-JVMESM', 'web'),
(121, 1, 'eyJhbGciOiJIUzI1NiIsInR5cCI6IkpXVCJ9.eyJpZCI6MSwiaWF0IjoxNTQ0NTQ3NjcwLCJleHAiOjE1NDUxNTI0NzB9.R79oxbttz26zrnJdNjBsOxj8uUUrZHug7fIqT88v63I', 'ios'),
(122, 25, 'eyJhbGciOiJIUzI1NiIsInR5cCI6IkpXVCJ9.eyJpZCI6MjUsImlhdCI6MTU0NDU0OTczNiwiZXhwIjoxNTQ1MTU0NTM2fQ.MYFzJcUAYY-tmHhgY9QZhcphd3MnV6PTWsS_V0K2u5o', 'web'),
(123, 28, 'eyJhbGciOiJIUzI1NiIsInR5cCI6IkpXVCJ9.eyJpZCI6MjgsImlhdCI6MTU0NDYyODYxMiwiZXhwIjoxNTQ1MjMzNDEyfQ.vGDvethTcGRx_99gNbGiJFzNcqsGWtdrkecnMyTpnX0', 'web'),
(124, 33, 'eyJhbGciOiJIUzI1NiIsInR5cCI6IkpXVCJ9.eyJpZCI6MzMsInBlcm0iOjIsImlhdCI6MTU0NDYzMzQ5OCwiZXhwIjoxNTQ1MjM4Mjk4fQ.q_zLS9zj-j3-ID8bu5NUtBWwsUVkl3sp0ILnLzkMVFo', 'web'),
(125, 33, 'eyJhbGciOiJIUzI1NiIsInR5cCI6IkpXVCJ9.eyJpZCI6MzMsInBlcm0iOjIsImlhdCI6MTU0NDYzMzc3MywiZXhwIjoxNTQ1MjM4NTczfQ.DHabCsC-31F3IBVt0GVpPxh96yfP-8PbEmiD1KiJJy0', 'web'),
(126, 33, 'eyJhbGciOiJIUzI1NiIsInR5cCI6IkpXVCJ9.eyJpZCI6MzMsInBlcm0iOjIsImlhdCI6MTU0NDYzMzgzNiwiZXhwIjoxNTQ1MjM4NjM2fQ.LB9rgb-7cLIlDBJO8lwjlgNJLkafDNpI2mA0iXPZxaI', 'web'),
(127, 1, 'eyJhbGciOiJIUzI1NiIsInR5cCI6IkpXVCJ9.eyJpZCI6MSwiaWF0IjoxNTQ0ODE0NTk0LCJleHAiOjE1NDU0MTkzOTR9.oHRgyo-SxD8kZhC_TfdCzgxwqSqJjmgdT2rYORZDIes', 'ios'),
(128, 1, 'eyJhbGciOiJIUzI1NiIsInR5cCI6IkpXVCJ9.eyJpZCI6MSwiaWF0IjoxNTQ0ODE0NzcyLCJleHAiOjE1NDU0MTk1NzJ9.9zpcG7OJU4Isp4dveBfghdoEnajuWlMMnb8GdkQvjhA', 'ios'),
(129, 1, 'eyJhbGciOiJIUzI1NiIsInR5cCI6IkpXVCJ9.eyJpZCI6MSwiaWF0IjoxNTQ0ODE0ODM3LCJleHAiOjE1NDU0MTk2Mzd9.V8up6GxC7kaWCV35pXTscbKo1n-5Xyc-lbX9PKlbsmI', 'ios'),
(130, 1, 'eyJhbGciOiJIUzI1NiIsInR5cCI6IkpXVCJ9.eyJpZCI6MSwicGVybSI6MiwiaWF0IjoxNTQ0ODE0ODc0LCJleHAiOjE1NDU0MTk2NzR9.bXBLaHu9rRRx_-fP77f5xNDCGA2-c-XiTKvetDpf_ZI', 'ios'),
(131, 28, 'eyJhbGciOiJIUzI1NiIsInR5cCI6IkpXVCJ9.eyJpZCI6MjgsImlhdCI6MTU0NDg4NTg3MSwiZXhwIjoxNTQ1NDkwNjcxfQ.Ymj0VEYLGEN7K5rLoyGtr7FZhf3PsED629cM_JaAbP8', 'web'),
(132, 1, 'eyJhbGciOiJIUzI1NiIsInR5cCI6IkpXVCJ9.eyJpZCI6MSwiaWF0IjoxNTQ0ODg1OTMxLCJleHAiOjE1NDU0OTA3MzF9.R19ji4jxLVPxdhyHtK_4A_zhdR6_4-8i6fwX_g34_IQ', 'ios'),
(133, 33, 'eyJhbGciOiJIUzI1NiIsInR5cCI6IkpXVCJ9.eyJpZCI6MzMsInBlcm0iOjIsImlhdCI6MTU0NDg5MDIwMiwiZXhwIjoxNTQ1NDk1MDAyfQ.rbmQFtOXYYHTQIQDnjMdUyYgaOVyuWaSlI5hlhANe3g', 'web'),
(134, 1, 'eyJhbGciOiJIUzI1NiIsInR5cCI6IkpXVCJ9.eyJpZCI6MSwicGVybSI6MiwiaWF0IjoxNTQ0OTAxMzg5LCJleHAiOjE1NDU1MDYxODl9.8gKAgN9EqEvSmDiwCwC6FLOkraexwKOGzw2FvYDl4JI', 'ios'),
(135, 33, 'eyJhbGciOiJIUzI1NiIsInR5cCI6IkpXVCJ9.eyJpZCI6MzMsImlhdCI6MTU0NTE0Mzg5MSwiZXhwIjoxNTQ1NzQ4NjkxfQ.EeEcmgtesbcC1cLUYLAscIAmjbeBLKvPCKK1OhdCY84', 'web'),
(136, 1, 'eyJhbGciOiJIUzI1NiIsInR5cCI6IkpXVCJ9.eyJpZCI6MSwicGVybSI6MiwiaWF0IjoxNTQ1MTUwNTEzLCJleHAiOjE1NDU3NTUzMTN9.-gXDAgK1UVtxMzMlRcfH8hhw9L3VynDInkQmAOg8l3U', 'ios'),
(137, 1, 'eyJhbGciOiJIUzI1NiIsInR5cCI6IkpXVCJ9.eyJpZCI6MSwicGVybSI6MiwiaWF0IjoxNTQ1MTUwNzA0LCJleHAiOjE1NDU3NTU1MDR9.bDT0RoQt3f3yGNViGqaprPWbcO16Jphocv35grZFnmE', 'ios'),
(138, 1, 'eyJhbGciOiJIUzI1NiIsInR5cCI6IkpXVCJ9.eyJpZCI6MSwicGVybSI6MiwiaWF0IjoxNTQ1MTUxMTIwLCJleHAiOjE1NDU3NTU5MjB9.RVRy4jipKoee-DE_1RnDBO1ZH483AZYo1G_og005oaM', 'ios'),
(139, 33, 'eyJhbGciOiJIUzI1NiIsInR5cCI6IkpXVCJ9.eyJpZCI6MzMsImlhdCI6MTU0NTY2NjY2MiwiZXhwIjoxNTQ2MjcxNDYyfQ.RatUDs9j8JW8MZdy0r93TNZWiNNp-5jgMYj0LDUFfKA', 'web'),
(140, 1, 'eyJhbGciOiJIUzI1NiIsInR5cCI6IkpXVCJ9.eyJpZCI6MSwicGVybSI6MiwiaWF0IjoxNTQ1NzM3MTI2LCJleHAiOjE1NDYzNDE5MjZ9.yfeHx59NZzyHSca10rmCR2vrmTshNwYzrRDMqKkr5cg', 'ios'),
(141, 33, 'eyJhbGciOiJIUzI1NiIsInR5cCI6IkpXVCJ9.eyJpZCI6MzMsImlhdCI6MTU0NTgzNzcxNCwiZXhwIjoxNTQ2NDQyNTE0fQ._UMIBiAbvzAzK1boHG-GHkzUSOz-vrocUGMRlzyeV6A', 'web'),
(142, 33, 'eyJhbGciOiJIUzI1NiIsInR5cCI6IkpXVCJ9.eyJpZCI6MzMsImlhdCI6MTU0NTg0MDQ5MSwiZXhwIjoxNTQ2NDQ1MjkxfQ.4KuXZ_d73lbv8kj1gAg_tvYJt96CGF1N8sBtaiasV4k', 'web'),
(143, 33, 'eyJhbGciOiJIUzI1NiIsInR5cCI6IkpXVCJ9.eyJpZCI6MzMsImlhdCI6MTU0NTg0MDYwMywiZXhwIjoxNTQ2NDQ1NDAzfQ.ab1ojp7bCnODKI73Rjl5BnUQQUL2a4Jwi4zML0ss0bk', 'web'),
(144, 33, 'eyJhbGciOiJIUzI1NiIsInR5cCI6IkpXVCJ9.eyJpZCI6MzMsImlhdCI6MTU0NTg0MDY3MCwiZXhwIjoxNTQ2NDQ1NDcwfQ.YZpKaHhmm7OD_wXHO_KVzES37abkSa-VTeDyAP2_AaM', 'web'),
(145, 25, 'eyJhbGciOiJIUzI1NiIsInR5cCI6IkpXVCJ9.eyJpZCI6MjUsImlhdCI6MTU0NjAxMTM3NywiZXhwIjoxNTQ2NjE2MTc3fQ.IH9O8LrDP7pJN10Fuqzy8i_MX9EwM7MiA4ZBjw3v88g', 'web'),
(146, 27, 'eyJhbGciOiJIUzI1NiIsInR5cCI6IkpXVCJ9.eyJpZCI6MjcsImlhdCI6MTU0NjAxMTQzNSwiZXhwIjoxNTQ2NjE2MjM1fQ.oRPBGhYSECw61ZgPmn8JIWMRdKcuDmo4dJcCVpiuams', 'android'),
(147, 33, 'eyJhbGciOiJIUzI1NiIsInR5cCI6IkpXVCJ9.eyJpZCI6MzMsImlhdCI6MTU0NjAxMTYwOCwiZXhwIjoxNTQ2NjE2NDA4fQ.XHsWtBruNAOE2NEs6AfJ8IPybZzC56SDlWVUQWItoGg', 'web'),
(148, 33, 'eyJhbGciOiJIUzI1NiIsInR5cCI6IkpXVCJ9.eyJpZCI6MzMsImlhdCI6MTU0NjAxMTk3MywiZXhwIjoxNTQ2NjE2NzczfQ.AUn4DcilBne-UUU0TOaEd2ERIc4kLF17ouY_4fTInnY', 'web'),
(149, 25, 'eyJhbGciOiJIUzI1NiIsInR5cCI6IkpXVCJ9.eyJpZCI6MjUsImlhdCI6MTU0NjAyMjQ3NSwiZXhwIjoxNTQ2NjI3Mjc1fQ.JoIpvSkelqG2yjCHrf2snz9NoQxJ2A8sMMdEyoTC78g', 'web'),
(150, 33, 'eyJhbGciOiJIUzI1NiIsInR5cCI6IkpXVCJ9.eyJpZCI6MzMsImlhdCI6MTU0NjEyMzU5MCwiZXhwIjoxNTQ2NzI4MzkwfQ.9N_an6YelZqtr03KM3g28rzjhUQWxt94FA1rbFJM1mw', 'web'),
(151, 33, 'eyJhbGciOiJIUzI1NiIsInR5cCI6IkpXVCJ9.eyJpZCI6MzMsImlhdCI6MTU0NjEyNDE2OCwiZXhwIjoxNTQ2NzI4OTY4fQ.ZKocDhjdhEABONw9pIdlVtqGtBk-uP4BtrlI1uLAsx4', 'web'),
(152, 33, 'eyJhbGciOiJIUzI1NiIsInR5cCI6IkpXVCJ9.eyJpZCI6MzMsImlhdCI6MTU0NjEyNTQ4OSwiZXhwIjoxNTQ2NzMwMjg5fQ.kOiv3tD6PT1Z1L5iVj42X7pBd3QTkMW-AW05m2znk2I', 'web'),
(153, 33, 'eyJhbGciOiJIUzI1NiIsInR5cCI6IkpXVCJ9.eyJpZCI6MzMsImlhdCI6MTU0NjE3ODU0OCwiZXhwIjoxNTQ2NzgzMzQ4fQ.SAS63F5H7Wu-X645Xg90x10vx4DD4gJiiF6E2UdM3R0', 'web'),
(154, 1, 'eyJhbGciOiJIUzI1NiIsInR5cCI6IkpXVCJ9.eyJpZCI6MSwicGVybSI6MiwiaWF0IjoxNTQ2MTc4NTkzLCJleHAiOjE1NDY3ODMzOTN9.ucchH-k3eDC1q3c89jFXQDa_NL4vJIiEWGs4Al4ZVhI', 'ios'),
(155, 33, 'eyJhbGciOiJIUzI1NiIsInR5cCI6IkpXVCJ9.eyJpZCI6MzMsImlhdCI6MTU0NjE3ODYwMiwiZXhwIjoxNTQ2NzgzNDAyfQ.euKNBVbu2TDl95udc1HZ72V1KZmu9K-xaWnXmMOJbAY', 'web'),
(156, 33, 'eyJhbGciOiJIUzI1NiIsInR5cCI6IkpXVCJ9.eyJpZCI6MzMsImlhdCI6MTU0NjE3ODYwOCwiZXhwIjoxNTQ2NzgzNDA4fQ.z5e1O4c0_Ui-BI_DCzruIvyL3t0dRO5jIRjZGw30_TY', 'web'),
(157, 33, 'eyJhbGciOiJIUzI1NiIsInR5cCI6IkpXVCJ9.eyJpZCI6MzMsImlhdCI6MTU0NjE3ODY2MCwiZXhwIjoxNTQ2NzgzNDYwfQ.yrM2rvt6nGfUA_ebcwoSO3hLDS8UV2mhUMqAj8a0S1o', 'web'),
(158, 33, 'eyJhbGciOiJIUzI1NiIsInR5cCI6IkpXVCJ9.eyJpZCI6MzMsImlhdCI6MTU0NjE3ODY4MCwiZXhwIjoxNTQ2NzgzNDgwfQ.6LESkxJKbZLk8zTIWPvQ-Q11a3_F0E_ASvnovAnSl8o', 'web'),
(159, 33, 'eyJhbGciOiJIUzI1NiIsInR5cCI6IkpXVCJ9.eyJpZCI6MzMsImlhdCI6MTU0NjE3ODcxNSwiZXhwIjoxNTQ2NzgzNTE1fQ.8MC00_1FQ892FEO089jFg8Yu_Gmbc6h5d9jzh4ChkNU', 'web'),
(160, 1, 'eyJhbGciOiJIUzI1NiIsInR5cCI6IkpXVCJ9.eyJpZCI6MSwicGVybSI6MiwiaWF0IjoxNTQ2MTc4NzIxLCJleHAiOjE1NDY3ODM1MjF9.WNI4eDYZfctAZ7gqnz1Q8C2QlRqK1Fu26hSO8daJsdg', 'ios'),
(161, 33, 'eyJhbGciOiJIUzI1NiIsInR5cCI6IkpXVCJ9.eyJpZCI6MzMsImlhdCI6MTU0NjE3ODc5NSwiZXhwIjoxNTQ2NzgzNTk1fQ.YNKUaH_Ylj42l2XnD1DCnhYtpyTij1bb_Txo6X7dhaw', 'web'),
(162, 33, 'eyJhbGciOiJIUzI1NiIsInR5cCI6IkpXVCJ9.eyJpZCI6MzMsImlhdCI6MTU0NjE3ODg1NywiZXhwIjoxNTQ2NzgzNjU3fQ.kMcFHFZF4RnQpsY1NTVzyVrlygYFm4-nJ_fDgJZl9YE', 'web'),
(163, 33, 'eyJhbGciOiJIUzI1NiIsInR5cCI6IkpXVCJ9.eyJpZCI6MzMsImlhdCI6MTU0NjE3ODk3NywiZXhwIjoxNTQ2NzgzNzc3fQ.AFwh70V0nHikgspA27g86hs9_uyORPz-iP4x-BfuE4s', 'web'),
(164, 33, 'eyJhbGciOiJIUzI1NiIsInR5cCI6IkpXVCJ9.eyJpZCI6MzMsImlhdCI6MTU0NjE3OTE1MywiZXhwIjoxNTQ2NzgzOTUzfQ.TsRy-1k2EWbv0ExSvypy_nzUk31Fwxde40gpRBUjmy0', 'web'),
(165, 1, 'eyJhbGciOiJIUzI1NiIsInR5cCI6IkpXVCJ9.eyJpZCI6MSwicGVybSI6MiwiaWF0IjoxNTQ2NTIxNjI2LCJleHAiOjE1NDcxMjY0MjZ9.vpdZmVAsqEojBMpaCPO3mkglCxZNph0coPaA3tUM08s', 'ios'),
(166, 1, 'eyJhbGciOiJIUzI1NiIsInR5cCI6IkpXVCJ9.eyJpZCI6MSwicGVybSI6MiwiaWF0IjoxNTQ2NTI3MjI1LCJleHAiOjE1NDcxMzIwMjV9.9jhMpn23OSQ96lC5IuHO81oX1i6MQQEY5DymuUGqHnc', 'ios'),
(167, 33, 'eyJhbGciOiJIUzI1NiIsInR5cCI6IkpXVCJ9.eyJpZCI6MzMsInBlcm0iOjIsImlhdCI6MTU0NjUzMDgzNiwiZXhwIjoxNTQ3MTM1NjM2fQ.0ogRlAb0jMMqUiedW8ZWer4nTb9vUlJffc8A4U3i3S0', 'web'),
(168, 1, 'eyJhbGciOiJIUzI1NiIsInR5cCI6IkpXVCJ9.eyJpZCI6MSwicGVybSI6MiwiaWF0IjoxNTQ2Nzc1NzMyLCJleHAiOjE1NDczODA1MzJ9.WB1Cr10SP6gRK5u0MeEg2mIso0dktEPNRH9-zNXk7KU', 'ios'),
(169, 1, 'eyJhbGciOiJIUzI1NiIsInR5cCI6IkpXVCJ9.eyJpZCI6MSwicGVybSI6MiwiaWF0IjoxNTQ2Nzc1Nzc1LCJleHAiOjE1NDczODA1NzV9.OHQ3NKw9Rl2s48mNkvUbPtB0HXRbtThuyGBwu2J9l3E', 'ios'),
(170, 1, 'eyJhbGciOiJIUzI1NiIsInR5cCI6IkpXVCJ9.eyJpZCI6MSwicGVybSI6MiwiaWF0IjoxNTQ2NzgwNjMyLCJleHAiOjE1NDczODU0MzJ9.50akSWydevtXYOqHXmpR7hofxyeYjkKZ-6TkKVtideA', 'ios'),
(171, 1, 'eyJhbGciOiJIUzI1NiIsInR5cCI6IkpXVCJ9.eyJpZCI6MSwicGVybSI6MiwiaWF0IjoxNTQ2NzgzNjMwLCJleHAiOjE1NDczODg0MzB9.BrYhDhFLsbB8gZAWUkM49AxQCRX_ikdY8Aps20Z_5a0', 'ios'),
(172, 1, 'eyJhbGciOiJIUzI1NiIsInR5cCI6IkpXVCJ9.eyJpZCI6MSwicGVybSI6MiwiaWF0IjoxNTQ2Nzk4NDY3LCJleHAiOjE1NDc0MDMyNjd9.QRRSWYB2CAdSp1wDFqVL6H2e4txIFyPJBK_ielUJT5U', 'ios'),
(173, 1, 'eyJhbGciOiJIUzI1NiIsInR5cCI6IkpXVCJ9.eyJpZCI6MSwicGVybSI6MiwiaWF0IjoxNTQ2Nzk4Njc0LCJleHAiOjE1NDc0MDM0NzR9.WtZKQcDX5DMGbn-1--PuZDxaVe9ydotVnflEEdhx8lo', 'ios'),
(174, 1, 'eyJhbGciOiJIUzI1NiIsInR5cCI6IkpXVCJ9.eyJpZCI6MSwicGVybSI6MiwiaWF0IjoxNTQ2Nzk4ODkyLCJleHAiOjE1NDc0MDM2OTJ9.kLxM_8Srgjm6ak0maIeETU0xRCyIXdR_rFYBAYzAe0s', 'ios'),
(175, 1, 'eyJhbGciOiJIUzI1NiIsInR5cCI6IkpXVCJ9.eyJpZCI6MSwicGVybSI6MiwiaWF0IjoxNTQ2ODAyMjQ4LCJleHAiOjE1NDc0MDcwNDh9.wIWU1q6NDQySgRBvfvEeYBh8yB51zkcWAHncsIPHvnY', 'ios'),
(176, 36, 'eyJhbGciOiJIUzI1NiIsInR5cCI6IkpXVCJ9.eyJpZCI6MzYsInBlcm0iOjEsImlhdCI6MTU0NjgwMjYyMiwiZXhwIjoxNTQ3NDA3NDIyfQ.26A9O3ae3MDRNswa-qOdMVf47tSoM2UCJOqSlHPCS9Q', 'web'),
(177, 1, 'eyJhbGciOiJIUzI1NiIsInR5cCI6IkpXVCJ9.eyJpZCI6MSwicGVybSI6MiwiaWF0IjoxNTQ2ODA5ODY1LCJleHAiOjE1NDc0MTQ2NjV9.pR3GNH8KovNHVP4UbzRZC2_FduGHidk8K2nn6GDuFQs', 'ios'),
(178, 36, 'eyJhbGciOiJIUzI1NiIsInR5cCI6IkpXVCJ9.eyJpZCI6MzYsInBlcm0iOjEsImlhdCI6MTU0NjgwOTg3MCwiZXhwIjoxNTQ3NDE0NjcwfQ.M17FXopx3pYMw1O2-rRqgcC3ekkl52TuA0bKMil2shA', 'web'),
(179, 1, 'eyJhbGciOiJIUzI1NiIsInR5cCI6IkpXVCJ9.eyJpZCI6MSwicGVybSI6MiwiaWF0IjoxNTQ2ODA5OTk0LCJleHAiOjE1NDc0MTQ3OTR9.D74CQ9Pi0YRanwbMmttIoDlJMeiEYu96r7NMhZP3jkM', 'ios'),
(180, 1, 'eyJhbGciOiJIUzI1NiIsInR5cCI6IkpXVCJ9.eyJpZCI6MSwicGVybSI6MiwiaWF0IjoxNTQ2ODEwMjEwLCJleHAiOjE1NDc0MTUwMTB9.QhOsYACqGjnpL-MJFHI4iamYP1ughano4A1f3JxsUS0', 'ios'),
(181, 31, 'eyJhbGciOiJIUzI1NiIsInR5cCI6IkpXVCJ9.eyJpZCI6MzEsInBlcm0iOjEsImlhdCI6MTU0NjgxMDM5MSwiZXhwIjoxNTQ3NDE1MTkxfQ.ujQwn-TF5Toa1ZdEaGSfAZrZ9NzrApb_P99aP41UCKY', 'android'),
(182, 1, 'eyJhbGciOiJIUzI1NiIsInR5cCI6IkpXVCJ9.eyJpZCI6MSwicGVybSI6MiwiaWF0IjoxNTQ2ODY0NjUxLCJleHAiOjE1NDc0Njk0NTF9.OJLOr3dfLEn6YYtKxwWxBMk2aK0HgrqqTuYtUiczykQ', 'ios'),
(183, 33, 'eyJhbGciOiJIUzI1NiIsInR5cCI6IkpXVCJ9.eyJpZCI6MzMsInBlcm0iOjIsImlhdCI6MTU0Njg2ODcwMSwiZXhwIjoxNTQ3NDczNTAxfQ.T0lGEUxHOrDxnj3t3IQ_Z-J3oCrgDsXt5nXKv7_oEe8', 'web'),
(184, 33, 'eyJhbGciOiJIUzI1NiIsInR5cCI6IkpXVCJ9.eyJpZCI6MzMsImlhdCI6MTU0Njg2ODk0MiwiZXhwIjoxNTQ3NDczNzQyfQ.lQG012qAwphb1UHX7JjRmcZqOeEsHlwhFSaVMEIJeT8', 'web'),
(185, 25, 'eyJhbGciOiJIUzI1NiIsInR5cCI6IkpXVCJ9.eyJpZCI6MjUsImlhdCI6MTU0Njg3MDU0NiwiZXhwIjoxNTQ3NDc1MzQ2fQ.dt0A_I7kPX39OoYfb7fyrDV_eU9ixU4-w5sytmQ4Qko', 'web'),
(186, 33, 'eyJhbGciOiJIUzI1NiIsInR5cCI6IkpXVCJ9.eyJpZCI6MzMsImlhdCI6MTU0Njg3MTAxNiwiZXhwIjoxNTQ3NDc1ODE2fQ.TxNBCw8LjMxLhDfuPlV0l26W2pKUtbgqXBz4cpl9Bqs', 'web'),
(187, 1, 'eyJhbGciOiJIUzI1NiIsInR5cCI6IkpXVCJ9.eyJpZCI6MSwicGVybSI6MiwiaWF0IjoxNTQ2OTUyODE3LCJleHAiOjE1NDc1NTc2MTd9.CtSy0a7hzEIz5zvJKR9mCD-TLrsA7F5q7PHwp54Z6pk', 'ios'),
(188, 33, 'eyJhbGciOiJIUzI1NiIsInR5cCI6IkpXVCJ9.eyJpZCI6MzMsInBlcm0iOjIsImlhdCI6MTU0Njk1MzAyNSwiZXhwIjoxNTQ3NTU3ODI1fQ.DZIxckuLumg6-56CrjtCssnVVgg7aS1WMINLfp6nTCg', 'web'),
(189, 33, 'eyJhbGciOiJIUzI1NiIsInR5cCI6IkpXVCJ9.eyJpZCI6MzMsInBlcm0iOjIsImlhdCI6MTU0Njk1MzA3NiwiZXhwIjoxNTQ3NTU3ODc2fQ.cBo0l26ZDIM9EMr8HTv5c2Re_xan_9EJbcjGTAf2krA', 'web'),
(190, 33, 'eyJhbGciOiJIUzI1NiIsInR5cCI6IkpXVCJ9.eyJpZCI6MzMsInBlcm0iOjIsImlhdCI6MTU0Njk1MzA5MiwiZXhwIjoxNTQ3NTU3ODkyfQ.ZLb_YAJNh-vF8CeRqUiV33zfluyvUMCqB6aWwpi6el8', 'web'),
(191, 32, 'eyJhbGciOiJIUzI1NiIsInR5cCI6IkpXVCJ9.eyJpZCI6MzIsInBlcm0iOjEsImlhdCI6MTU0Njk1MzE0MiwiZXhwIjoxNTQ3NTU3OTQyfQ.F7EHhuGCg5fpmC1WczPnSqbi_t1Nao0wScFjKsmMoas', 'android'),
(192, 31, 'eyJhbGciOiJIUzI1NiIsInR5cCI6IkpXVCJ9.eyJpZCI6MzEsInBlcm0iOjEsImlhdCI6MTU0Njk1MzE3NywiZXhwIjoxNTQ3NTU3OTc3fQ.fVn8M8uTLKs-ARacUwjCFEhWEfl7hpfFxj9Uedg9Thw', 'android'),
(193, 1, 'eyJhbGciOiJIUzI1NiIsInR5cCI6IkpXVCJ9.eyJpZCI6MSwicGVybSI6MiwiaWF0IjoxNTQ2OTUzODIxLCJleHAiOjE1NDc1NTg2MjF9.OqyZoK_29PHelWtaD8dcDkBs9e3Ci5eS8nXQ6HP5aqk', 'ios'),
(194, 1, 'eyJhbGciOiJIUzI1NiIsInR5cCI6IkpXVCJ9.eyJpZCI6MSwicGVybSI6MiwiaWF0IjoxNTQ2OTUzODY2LCJleHAiOjE1NDc1NTg2NjZ9.LGTvMd9dPAm5Vz1D6SU2BfbpYA4DwnQynPsvdLHkEkA', 'ios'),
(195, 36, 'eyJhbGciOiJIUzI1NiIsInR5cCI6IkpXVCJ9.eyJpZCI6MzYsInBlcm0iOjEsImlhdCI6MTU0Njk2Njg1MSwiZXhwIjoxNTQ3NTcxNjUxfQ.AuVHZFd2keFPdnxip9DwP55_EGVlaiqGVMKXeRUA_Lo', 'web'),
(196, 1, 'eyJhbGciOiJIUzI1NiIsInR5cCI6IkpXVCJ9.eyJpZCI6MSwicGVybSI6MiwiaWF0IjoxNTQ2OTc0MTYzLCJleHAiOjE1NDc1Nzg5NjN9.V0UNwIGxVCXqJCyiNLBUGWm0hmr8iLlyeMz0e1DUCfc', 'ios'),
(197, 36, 'eyJhbGciOiJIUzI1NiIsInR5cCI6IkpXVCJ9.eyJpZCI6MzYsInBlcm0iOjEsImlhdCI6MTU0Njk3NDE3MCwiZXhwIjoxNTQ3NTc4OTcwfQ.Z1oD6rivQ_CyqrwOaLhK8NSSDv58VsVeZqHsxkJi1TM', 'web'),
(198, 36, 'eyJhbGciOiJIUzI1NiIsInR5cCI6IkpXVCJ9.eyJpZCI6MzYsInBlcm0iOjEsImlhdCI6MTU0Njk3NDI3MywiZXhwIjoxNTQ3NTc5MDczfQ.BJImCfDZWDf83nBXZ_iEn_g2rWVp4qVP04jjEe2zmKk', 'web'),
(199, 1, 'eyJhbGciOiJIUzI1NiIsInR5cCI6IkpXVCJ9.eyJpZCI6MSwicGVybSI6MiwiaWF0IjoxNTQ2OTc0Mjg2LCJleHAiOjE1NDc1NzkwODZ9.l6sYZnvQH4HY_bPFVdXp6ZHSkfio6KRblXDFyYddUak', 'ios'),
(200, 36, 'eyJhbGciOiJIUzI1NiIsInR5cCI6IkpXVCJ9.eyJpZCI6MzYsInBlcm0iOjEsImlhdCI6MTU0Njk3NDM1OSwiZXhwIjoxNTQ3NTc5MTU5fQ.NVuWYdtxf7mN3vYEwRtbO125QptgS_gAzurUNX5pXdI', 'web'),
(201, 1, 'eyJhbGciOiJIUzI1NiIsInR5cCI6IkpXVCJ9.eyJpZCI6MSwicGVybSI6MiwiaWF0IjoxNTQ2OTc1MzA5LCJleHAiOjE1NDc1ODAxMDl9.oT6L6shbWgFiRK8WZNscxiUgdLR2vvy3TTC3h-wfq3M', 'ios'),
(202, 1, 'eyJhbGciOiJIUzI1NiIsInR5cCI6IkpXVCJ9.eyJpZCI6MSwicGVybSI6MiwiaWF0IjoxNTQ2OTc2OTgxLCJleHAiOjE1NDc1ODE3ODF9.BTA8N3hd4smFSD2BA-vd2HAhdU0Oazb_FITu4OOMh6g', 'ios'),
(203, 36, 'eyJhbGciOiJIUzI1NiIsInR5cCI6IkpXVCJ9.eyJpZCI6MzYsInBlcm0iOjEsImlhdCI6MTU0Njk4NTY4OSwiZXhwIjoxNTQ3NTkwNDg5fQ.R5KI-BgTdZuTOE3GPGzgnANUkiwg-2VPZJIsv645Vfg', 'web'),
(204, 1, 'eyJhbGciOiJIUzI1NiIsInR5cCI6IkpXVCJ9.eyJpZCI6MSwicGVybSI6MiwiaWF0IjoxNTQ2OTg1ODcyLCJleHAiOjE1NDc1OTA2NzJ9.PcP3ATWXobFLM92LEe5MGefn2d9YKtHolDn_-Ebjmdw', 'ios'),
(205, 36, 'eyJhbGciOiJIUzI1NiIsInR5cCI6IkpXVCJ9.eyJpZCI6MzYsInBlcm0iOjEsImlhdCI6MTU0Njk4NjMxNiwiZXhwIjoxNTQ3NTkxMTE2fQ.h89WbqtQujpY1V0PbI_8BKBk4zB-y4IKxfcY-fgG27E', 'web'),
(206, 1, 'eyJhbGciOiJIUzI1NiIsInR5cCI6IkpXVCJ9.eyJpZCI6MSwicGVybSI6MiwiaWF0IjoxNTQ2OTg2NTI4LCJleHAiOjE1NDc1OTEzMjh9.xfrvikS8USjO8R12qUMSn8XqcHjHPihDVsIoj9T0eKI', 'ios'),
(207, 33, 'eyJhbGciOiJIUzI1NiIsInR5cCI6IkpXVCJ9.eyJpZCI6MzMsInBlcm0iOjEsImlhdCI6MTU0NzAzNzkyMSwiZXhwIjoxNTQ3NjQyNzIxfQ.w1mVgqrWqwGZFr1qorVCf6HGW6wk8sNtBnr5PbL14Fo', 'web'),
(208, 36, 'eyJhbGciOiJIUzI1NiIsInR5cCI6IkpXVCJ9.eyJpZCI6MzYsInBlcm0iOjEsImlhdCI6MTU0NzAzOTg2OSwiZXhwIjoxNTQ3NjQ0NjY5fQ.tUcIQVaHnS71cA3Qv6C0CtK2BgOQNb_G-fhu8cnrpYU', 'web'),
(209, 1, 'eyJhbGciOiJIUzI1NiIsInR5cCI6IkpXVCJ9.eyJpZCI6MSwicGVybSI6MiwiaWF0IjoxNTQ3MDM5OTExLCJleHAiOjE1NDc2NDQ3MTF9.WInKVk7_g3GecJ4oK6wrdcGjTMvBdemQHCDGAlpr5Ac', 'ios'),
(210, 1, 'eyJhbGciOiJIUzI1NiIsInR5cCI6IkpXVCJ9.eyJpZCI6MSwicGVybSI6MiwiaWF0IjoxNTQ3MDQwMTQ4LCJleHAiOjE1NDc2NDQ5NDh9.5LrpzIJHPtCw7KEcQm-PhOvUfF8QsUQzHA0H0V-2g5Q', 'ios'),
(211, 36, 'eyJhbGciOiJIUzI1NiIsInR5cCI6IkpXVCJ9.eyJpZCI6MzYsInBlcm0iOjEsImlhdCI6MTU0NzA0MDE2MCwiZXhwIjoxNTQ3NjQ0OTYwfQ.JepcLUuYnKNl9igIprBEh18AdQaBNIBZVd6hLXkraWA', 'web'),
(212, 1, 'eyJhbGciOiJIUzI1NiIsInR5cCI6IkpXVCJ9.eyJpZCI6MSwicGVybSI6MiwiaWF0IjoxNTQ3MDQwMTk0LCJleHAiOjE1NDc2NDQ5OTR9.2OYVTcg6VmWMswiKamP9qjbpMTU2-RxgWkPvzMP9UWM', 'ios'),
(213, 36, 'eyJhbGciOiJIUzI1NiIsInR5cCI6IkpXVCJ9.eyJpZCI6MzYsInBlcm0iOjEsImlhdCI6MTU0NzA0MDI4NywiZXhwIjoxNTQ3NjQ1MDg3fQ.wSRzYiXKZ84WmQplWVEhduTIoJUrZUMMDNhVQlkF__8', 'web'),
(214, 1, 'eyJhbGciOiJIUzI1NiIsInR5cCI6IkpXVCJ9.eyJpZCI6MSwicGVybSI6MiwiaWF0IjoxNTQ3MDQwMzE2LCJleHAiOjE1NDc2NDUxMTZ9.MM-zELZ1ux7Kx2ITgJNlBMtycL4xTrUvsRUChUWud2s', 'ios'),
(215, 1, 'eyJhbGciOiJIUzI1NiIsInR5cCI6IkpXVCJ9.eyJpZCI6MSwicGVybSI6MiwiaWF0IjoxNTQ3MDQwMzQ5LCJleHAiOjE1NDc2NDUxNDl9.MbxCj5vgJ-TirXAjQ0dEpe9To5U9B8qzV5_1jeRwWgQ', 'ios'),
(216, 1, 'eyJhbGciOiJIUzI1NiIsInR5cCI6IkpXVCJ9.eyJpZCI6MSwicGVybSI6MiwiaWF0IjoxNTQ3MDQwMzcxLCJleHAiOjE1NDc2NDUxNzF9.X__wUwAQ1-o1jIt0mB5V-2ENWAHYdM3LYF_lJ-P6hc0', 'ios'),
(217, 36, 'eyJhbGciOiJIUzI1NiIsInR5cCI6IkpXVCJ9.eyJpZCI6MzYsInBlcm0iOjEsImlhdCI6MTU0NzA0MDQ1NiwiZXhwIjoxNTQ3NjQ1MjU2fQ.jyChMkEG98YQAL-fAEbjDLbVRIOFbPRViZSzPJx6LM8', 'web'),
(218, 1, 'eyJhbGciOiJIUzI1NiIsInR5cCI6IkpXVCJ9.eyJpZCI6MSwicGVybSI6MiwiaWF0IjoxNTQ3MDQwNDY1LCJleHAiOjE1NDc2NDUyNjV9.ae5E2Btgw2TmR6xgZFVx_xU6Gfp-cyfnq7wafhS-294', 'ios'),
(219, 36, 'eyJhbGciOiJIUzI1NiIsInR5cCI6IkpXVCJ9.eyJpZCI6MzYsInBlcm0iOjEsImlhdCI6MTU0NzA0MTU1NiwiZXhwIjoxNTQ3NjQ2MzU2fQ.79iQeV1dSnqTxoyhib2WeXVDTnF8nHKT3E1TKGgTOLU', 'web'),
(220, 36, 'eyJhbGciOiJIUzI1NiIsInR5cCI6IkpXVCJ9.eyJpZCI6MzYsInBlcm0iOjEsImlhdCI6MTU0NzA0MzQwMywiZXhwIjoxNTQ3NjQ4MjAzfQ.Ugje8I2EzZvDwK1E20fVcCqO07tBl5CsSAwh-Sn3FUc', 'web'),
(221, 1, 'eyJhbGciOiJIUzI1NiIsInR5cCI6IkpXVCJ9.eyJpZCI6MSwicGVybSI6MiwiaWF0IjoxNTQ3MDQzNDUxLCJleHAiOjE1NDc2NDgyNTF9.dvh5AL6nswLio0Y_X75yvq9-IYGrEG9X48_A21dpMlA', 'ios'),
(222, 36, 'eyJhbGciOiJIUzI1NiIsInR5cCI6IkpXVCJ9.eyJpZCI6MzYsInBlcm0iOjEsImlhdCI6MTU0NzA0MzQ3MSwiZXhwIjoxNTQ3NjQ4MjcxfQ._lqacWsAo2wrpxYcDmOAe5Oo0nzMQJAE3Iola4tuYg4', 'web'),
(223, 36, 'eyJhbGciOiJIUzI1NiIsInR5cCI6IkpXVCJ9.eyJpZCI6MzYsInBlcm0iOjEsImlhdCI6MTU0NzA0MzYwMCwiZXhwIjoxNTQ3NjQ4NDAwfQ.FnPsifMWtk3-3um2erVygGikdMkDzB7vROPKRfh5M0Y', 'web'),
(224, 1, 'eyJhbGciOiJIUzI1NiIsInR5cCI6IkpXVCJ9.eyJpZCI6MSwicGVybSI6MiwiaWF0IjoxNTQ3MDQzNjE5LCJleHAiOjE1NDc2NDg0MTl9.sUSI4J8aqJU-0rdP55QXboVSOm_nGF5zFl4VhdXbrkw', 'ios'),
(225, 36, 'eyJhbGciOiJIUzI1NiIsInR5cCI6IkpXVCJ9.eyJpZCI6MzYsInBlcm0iOjEsImlhdCI6MTU0NzA0NDExNiwiZXhwIjoxNTQ3NjQ4OTE2fQ.1R77hptOPWQK1BF6OvXCFI78htJUBnnFEVC82aMezwg', 'web'),
(226, 36, 'eyJhbGciOiJIUzI1NiIsInR5cCI6IkpXVCJ9.eyJpZCI6MzYsInBlcm0iOjEsImlhdCI6MTU0NzA0NTE0MiwiZXhwIjoxNTQ3NjQ5OTQyfQ.oN_UDRTis-62rg3Fs2vY260-wY7Ikwt73MjcrsNMN0g', 'web'),
(227, 1, 'eyJhbGciOiJIUzI1NiIsInR5cCI6IkpXVCJ9.eyJpZCI6MSwicGVybSI6MiwiaWF0IjoxNTQ3MDQ2NjMyLCJleHAiOjE1NDc2NTE0MzJ9.oYMYBo6p7omF5teYbxlofnhnirM423w-Ewrqx9XzwS4', 'ios'),
(228, 36, 'eyJhbGciOiJIUzI1NiIsInR5cCI6IkpXVCJ9.eyJpZCI6MzYsInBlcm0iOjEsImlhdCI6MTU0NzA0NjcyNSwiZXhwIjoxNTQ3NjUxNTI1fQ.EXCNytbsRwKXGgZiKB4DbatiLPBnJRlth1oMV_OFods', 'web'),
(229, 1, 'eyJhbGciOiJIUzI1NiIsInR5cCI6IkpXVCJ9.eyJpZCI6MSwicGVybSI6MiwiaWF0IjoxNTQ3MDQ2NzkzLCJleHAiOjE1NDc2NTE1OTN9.5UB92pBKmWlI-y1LaTIAGCT2MlPbu6bC9mHpuT8DUTY', 'ios'),
(230, 36, 'eyJhbGciOiJIUzI1NiIsInR5cCI6IkpXVCJ9.eyJpZCI6MzYsInBlcm0iOjEsImlhdCI6MTU0NzA0NjgwNywiZXhwIjoxNTQ3NjUxNjA3fQ.QsAJqJge6MzqRMBoKNxCR3p_yINw-cHQ5JcMMySnNNw', 'web'),
(231, 33, 'eyJhbGciOiJIUzI1NiIsInR5cCI6IkpXVCJ9.eyJpZCI6MzMsImlhdCI6MTU0NzA0ODgwOCwiZXhwIjoxNTQ3NjUzNjA4fQ.MZ4Sn4aoGINHXF-Se1xTLDt0kYopdGZzHhrTOKKPa1w', 'web'),
(232, 33, 'eyJhbGciOiJIUzI1NiIsInR5cCI6IkpXVCJ9.eyJpZCI6MzMsImlhdCI6MTU0NzA0ODgwOSwiZXhwIjoxNTQ3NjUzNjA5fQ.cDcefXYIb9QcjG7Qwhh-n1J8Qx4UfGRtki_Ha5KUQ5g', 'web'),
(233, 33, 'eyJhbGciOiJIUzI1NiIsInR5cCI6IkpXVCJ9.eyJpZCI6MzMsImlhdCI6MTU0NzA0ODgxMCwiZXhwIjoxNTQ3NjUzNjEwfQ.c3PgbLg6qfibF7CkYrfY-c99Gp3ctcEe123zBk1y304', 'web'),
(234, 33, 'eyJhbGciOiJIUzI1NiIsInR5cCI6IkpXVCJ9.eyJpZCI6MzMsImlhdCI6MTU0NzA0ODgxMSwiZXhwIjoxNTQ3NjUzNjExfQ.EcAXyyRBTFqQlqjzTiFkM5gy7yEOyHVhbx91SxhKvzg', 'web'),
(235, 33, 'eyJhbGciOiJIUzI1NiIsInR5cCI6IkpXVCJ9.eyJpZCI6MzMsImlhdCI6MTU0NzA0ODgxNCwiZXhwIjoxNTQ3NjUzNjE0fQ.tX7XXfqzy6DvFYo7U4_JKwVGrYyfMu4SoVShsuwWAF8', 'web'),
(236, 33, 'eyJhbGciOiJIUzI1NiIsInR5cCI6IkpXVCJ9.eyJpZCI6MzMsImlhdCI6MTU0NzA0ODgxNCwiZXhwIjoxNTQ3NjUzNjE0fQ.tX7XXfqzy6DvFYo7U4_JKwVGrYyfMu4SoVShsuwWAF8', 'web'),
(237, 33, 'eyJhbGciOiJIUzI1NiIsInR5cCI6IkpXVCJ9.eyJpZCI6MzMsImlhdCI6MTU0NzA0ODgxNSwiZXhwIjoxNTQ3NjUzNjE1fQ.kBMcnYe3Ri_uavRDOcCDETDcO1q0YLwDPz1_HBHK7zw', 'web'),
(238, 1, 'eyJhbGciOiJIUzI1NiIsInR5cCI6IkpXVCJ9.eyJpZCI6MSwicGVybSI6MiwiaWF0IjoxNTQ3MDQ4ODg1LCJleHAiOjE1NDc2NTM2ODV9.0Znc5dDE8qq9AcKRBczgH8obvGwoPPHVPKgj3ak5jPM', 'ios'),
(239, 1, 'eyJhbGciOiJIUzI1NiIsInR5cCI6IkpXVCJ9.eyJpZCI6MSwicGVybSI6MiwiaWF0IjoxNTQ3MDQ4OTUwLCJleHAiOjE1NDc2NTM3NTB9.udPxWbG1Ub_8JADCl0orxWmeIYRegx_fG9VbZp6aOYA', 'ios'),
(240, 1, 'eyJhbGciOiJIUzI1NiIsInR5cCI6IkpXVCJ9.eyJpZCI6MSwicGVybSI6MiwiaWF0IjoxNTQ3MDQ4OTYyLCJleHAiOjE1NDc2NTM3NjJ9.6QKu0iITY8YNkRNeaW0dxGi0sd0msTM-_hWB6EE4kHk', 'ios'),
(241, 33, 'eyJhbGciOiJIUzI1NiIsInR5cCI6IkpXVCJ9.eyJpZCI6MzMsInBlcm0iOjIsImlhdCI6MTU0NzA0OTAwOCwiZXhwIjoxNTQ3NjUzODA4fQ.xYDe19W7bUt-Hdj0xa1l8Frone81h77SDmybfM6Uz9o', 'web'),
(242, 33, 'eyJhbGciOiJIUzI1NiIsInR5cCI6IkpXVCJ9.eyJpZCI6MzMsInBlcm0iOjIsImlhdCI6MTU0NzA0OTA0MiwiZXhwIjoxNTQ3NjUzODQyfQ.QU3atprfaDMvQkHTPwbuf8P9LAndIFvh-CSjkSvmq1Q', 'web'),
(243, 33, 'eyJhbGciOiJIUzI1NiIsInR5cCI6IkpXVCJ9.eyJpZCI6MzMsImlhdCI6MTU0NzA0OTA5NywiZXhwIjoxNTQ3NjUzODk3fQ.0QHAS3G7mQ5EJ0eqEDtAV5cEl-_PFsonzs-jYxSBuiI', 'web'),
(244, 33, 'eyJhbGciOiJIUzI1NiIsInR5cCI6IkpXVCJ9.eyJpZCI6MzMsImlhdCI6MTU0NzA0OTA5OCwiZXhwIjoxNTQ3NjUzODk4fQ.kYU_NqZeGWn7PNSfs9QTAYALW7QaWtv6389UmHjPeRg', 'web'),
(245, 33, 'eyJhbGciOiJIUzI1NiIsInR5cCI6IkpXVCJ9.eyJpZCI6MzMsImlhdCI6MTU0NzA0OTA5OSwiZXhwIjoxNTQ3NjUzODk5fQ.PL8B32OR0i2PG7bO1ZkQo5Mz5zLY9SLAO1rgIhpKbaM', 'web'),
(246, 33, 'eyJhbGciOiJIUzI1NiIsInR5cCI6IkpXVCJ9.eyJpZCI6MzMsImlhdCI6MTU0NzA0OTA5OSwiZXhwIjoxNTQ3NjUzODk5fQ.PL8B32OR0i2PG7bO1ZkQo5Mz5zLY9SLAO1rgIhpKbaM', 'web'),
(247, 36, 'eyJhbGciOiJIUzI1NiIsInR5cCI6IkpXVCJ9.eyJpZCI6MzYsInBlcm0iOjEsImlhdCI6MTU0NzA0OTEwMywiZXhwIjoxNTQ3NjUzOTAzfQ.QJMhhY5SpSc0BDs9rsWU0DcDZteGEUwJ9f-wG0R2iRc', 'web'),
(248, 33, 'eyJhbGciOiJIUzI1NiIsInR5cCI6IkpXVCJ9.eyJpZCI6MzMsImlhdCI6MTU0NzA0OTExMywiZXhwIjoxNTQ3NjUzOTEzfQ.XIidm8Ic2EDRTRhioTqyTA_HRMpk0iJuRKplWlekBT8', 'web'),
(249, 1, 'eyJhbGciOiJIUzI1NiIsInR5cCI6IkpXVCJ9.eyJpZCI6MSwicGVybSI6MiwiaWF0IjoxNTQ3MDQ5NDAzLCJleHAiOjE1NDc2NTQyMDN9.y4geD-Q_FTBFpbsWSl2Vxi7kv5ciNEPw9-F51NJYISE', 'ios'),
(250, 33, 'eyJhbGciOiJIUzI1NiIsInR5cCI6IkpXVCJ9.eyJpZCI6MzMsInBlcm0iOjIsImlhdCI6MTU0NzA0OTQ3MSwiZXhwIjoxNTQ3NjU0MjcxfQ.baP-fFxdd_fcAbNtiTEX_xG8722izpOKMWv4UpocSAk', 'web'),
(251, 1, 'eyJhbGciOiJIUzI1NiIsInR5cCI6IkpXVCJ9.eyJpZCI6MSwicGVybSI6MiwiaWF0IjoxNTQ3MDQ5NTQ2LCJleHAiOjE1NDc2NTQzNDZ9.lkuu00qrhLVkoctSZIJimO-czHMnw4kJujaZEpdQNkc', 'ios'),
(252, 33, 'eyJhbGciOiJIUzI1NiIsInR5cCI6IkpXVCJ9.eyJpZCI6MzMsInBlcm0iOjIsImlhdCI6MTU0NzA0OTU3MiwiZXhwIjoxNTQ3NjU0MzcyfQ.iX2rit49Yj4G4vNekWY8tOBtmKcKw7hzXCdGDPY4a7Q', 'web'),
(253, 31, 'eyJhbGciOiJIUzI1NiIsInR5cCI6IkpXVCJ9.eyJpZCI6MzEsInBlcm0iOjEsImlhdCI6MTU0NzA0OTY5MSwiZXhwIjoxNTQ3NjU0NDkxfQ.k3N4aKlyFDxKKPNnWh9zRBeC-JCYef2cvmz4A8fzW-A', 'android'),
(254, 1, 'eyJhbGciOiJIUzI1NiIsInR5cCI6IkpXVCJ9.eyJpZCI6MSwicGVybSI6MiwiaWF0IjoxNTQ3MDQ5NzI3LCJleHAiOjE1NDc2NTQ1Mjd9.dEq9ZHCkrBZ2YGdO4VrjeWSzV1fpuiATVsSxejc-YDo', 'ios'),
(255, 36, 'eyJhbGciOiJIUzI1NiIsInR5cCI6IkpXVCJ9.eyJpZCI6MzYsInBlcm0iOjEsImlhdCI6MTU0NzA0OTg0NiwiZXhwIjoxNTQ3NjU0NjQ2fQ.DxHRWG-cUPn5QxaYSVrRKo9X2OQUmi5OFpZ0iXbB_Uc', 'web'),
(256, 31, 'eyJhbGciOiJIUzI1NiIsInR5cCI6IkpXVCJ9.eyJpZCI6MzEsInBlcm0iOjEsImlhdCI6MTU0NzA0OTg1MywiZXhwIjoxNTQ3NjU0NjUzfQ.74wCR5wPiK0ffnj7O3ZISG18cBWN_2whI87Em5Wsz5A', 'android'),
(257, 1, 'eyJhbGciOiJIUzI1NiIsInR5cCI6IkpXVCJ9.eyJpZCI6MSwicGVybSI6MiwiaWF0IjoxNTQ3MDQ5OTgxLCJleHAiOjE1NDc2NTQ3ODF9.-F70mpDI_mdeWMbJDSbJMO0vfr83I3y7H7rDadMQcG4', 'ios'),
(258, 1, 'eyJhbGciOiJIUzI1NiIsInR5cCI6IkpXVCJ9.eyJpZCI6MSwicGVybSI6MiwiaWF0IjoxNTQ3MDUwMDQ3LCJleHAiOjE1NDc2NTQ4NDd9.wAjMvy69zsEgWTNiIyYh-o8UxfHYlVy8UIyewVFn1kk', 'ios'),
(259, 31, 'eyJhbGciOiJIUzI1NiIsInR5cCI6IkpXVCJ9.eyJpZCI6MzEsInBlcm0iOjEsImlhdCI6MTU0NzA1MTI4NywiZXhwIjoxNTQ3NjU2MDg3fQ.s93UuRrpJhg70Pl5FwJcQ4Yscs1Upf72uJvtD6ZpA6A', 'android'),
(260, 1, 'eyJhbGciOiJIUzI1NiIsInR5cCI6IkpXVCJ9.eyJpZCI6MSwicGVybSI6MiwiaWF0IjoxNTQ3MDUxMzIwLCJleHAiOjE1NDc2NTYxMjB9.wq29X6iGuz_8W6s_oTu9x7WqDTxO9CO_YhTC0ZPvEYc', 'ios'),
(261, 31, 'eyJhbGciOiJIUzI1NiIsInR5cCI6IkpXVCJ9.eyJpZCI6MzEsInBlcm0iOjEsImlhdCI6MTU0NzA1MTM1MSwiZXhwIjoxNTQ3NjU2MTUxfQ.YOPnxAJIU9hRwA34PWPIfyPEj15yA7ctDMzuyvKakek', 'android'),
(262, 31, 'eyJhbGciOiJIUzI1NiIsInR5cCI6IkpXVCJ9.eyJpZCI6MzEsInBlcm0iOjEsImlhdCI6MTU0NzA1MTM3NSwiZXhwIjoxNTQ3NjU2MTc1fQ.BxuYz5RKPHIFqY984XULyBO4fU1PY-63xqCfIGCkl-0', 'android'),
(263, 1, 'eyJhbGciOiJIUzI1NiIsInR5cCI6IkpXVCJ9.eyJpZCI6MSwicGVybSI6MiwiaWF0IjoxNTQ3MDUxMzkxLCJleHAiOjE1NDc2NTYxOTF9.U58AJGMZqZ7-jLMMyt5TJvZY60alGTAp_Doq86UGzFc', 'ios'),
(264, 31, 'eyJhbGciOiJIUzI1NiIsInR5cCI6IkpXVCJ9.eyJpZCI6MzEsInBlcm0iOjEsImlhdCI6MTU0NzA1MTQwMywiZXhwIjoxNTQ3NjU2MjAzfQ.Jtz-6SYpzplwabg-eNMDalvXWfJrYgoYYZYIRO08_1A', 'android'),
(265, 1, 'eyJhbGciOiJIUzI1NiIsInR5cCI6IkpXVCJ9.eyJpZCI6MSwicGVybSI6MiwiaWF0IjoxNTQ3MDUxNDMyLCJleHAiOjE1NDc2NTYyMzJ9.9KhZrIleaAd3-XTwt5hsSBpdfiCmttaR-Ri71E3t3SE', 'ios'),
(266, 31, 'eyJhbGciOiJIUzI1NiIsInR5cCI6IkpXVCJ9.eyJpZCI6MzEsInBlcm0iOjEsImlhdCI6MTU0NzA1MTUzNywiZXhwIjoxNTQ3NjU2MzM3fQ.CXl6Ie1FzPe9q0cLJ48t6YKvvc3zXvz9LaRdteLAq6w', 'android'),
(267, 1, 'eyJhbGciOiJIUzI1NiIsInR5cCI6IkpXVCJ9.eyJpZCI6MSwicGVybSI6MiwiaWF0IjoxNTQ3MDUxNTQ4LCJleHAiOjE1NDc2NTYzNDh9.EyxoXPcrMUk-e2ULl44_saLDQsY3UwrF4OnZU1P5gkE', 'ios'),
(268, 31, 'eyJhbGciOiJIUzI1NiIsInR5cCI6IkpXVCJ9.eyJpZCI6MzEsInBlcm0iOjEsImlhdCI6MTU0NzA1MzkzMywiZXhwIjoxNTQ3NjU4NzMzfQ.8ZsRlUEOvze2IlD67-pfVNAZQzstvZmYprUcqScHwsw', 'android'),
(269, 1, 'eyJhbGciOiJIUzI1NiIsInR5cCI6IkpXVCJ9.eyJpZCI6MSwicGVybSI6MiwiaWF0IjoxNTQ3MDU0Njg3LCJleHAiOjE1NDc2NTk0ODd9.C1utt3KWpYqPKeP2Zz_yRMb7PWx6K-qKwz4f__63wjU', 'ios'),
(270, 33, 'eyJhbGciOiJIUzI1NiIsInR5cCI6IkpXVCJ9.eyJpZCI6MzMsInBlcm0iOjIsImlhdCI6MTU0NzA1NDgzMywiZXhwIjoxNTQ3NjU5NjMzfQ.uvDXUYAxeEOw97X1O_Lo49B5VghB7V_MQAgiaPUX1YE', 'web'),
(271, 33, 'eyJhbGciOiJIUzI1NiIsInR5cCI6IkpXVCJ9.eyJpZCI6MzMsImlhdCI6MTU0NzA1NTQ4MywiZXhwIjoxNTQ3NjYwMjgzfQ.DqYP_AbCi1imyVcxvWUdaqYQfKA9GpbIAGaREPzZK4w', 'web'),
(272, 33, 'eyJhbGciOiJIUzI1NiIsInR5cCI6IkpXVCJ9.eyJpZCI6MzMsImlhdCI6MTU0NzA1Njc2OSwiZXhwIjoxNTQ3NjYxNTY5fQ.id0YXvmJIE9UOUQeeVpOIBkh5cuvcWPa8MQwIp4eBGE', 'web'),
(273, 31, 'eyJhbGciOiJIUzI1NiIsInR5cCI6IkpXVCJ9.eyJpZCI6MzEsImlhdCI6MTU0NzA1NzM1NiwiZXhwIjoxNTQ3NjYyMTU2fQ.Pt-tffEWkaAfPG3DFr_YhHiDSXkKFVrxruPE2clB0QI', 'android'),
(274, 31, 'eyJhbGciOiJIUzI1NiIsInR5cCI6IkpXVCJ9.eyJpZCI6MzEsInBlcm0iOjEsImlhdCI6MTU0NzA1Nzc1MSwiZXhwIjoxNTQ3NjYyNTUxfQ.S1Y5KO5_9ft1OY7bXMpDDXbz-VR32JakqkOYNJqRpm8', 'android'),
(275, 1, 'eyJhbGciOiJIUzI1NiIsInR5cCI6IkpXVCJ9.eyJpZCI6MSwicGVybSI6MiwiaWF0IjoxNTQ3MDU3NzcyLCJleHAiOjE1NDc2NjI1NzJ9.zN6MQnZZVMeURBAqanxnZwHKfvPcggHyfBNL3G_-IGw', 'ios'),
(276, 1, 'eyJhbGciOiJIUzI1NiIsInR5cCI6IkpXVCJ9.eyJpZCI6MSwicGVybSI6MiwiaWF0IjoxNTQ3MDU3ODE3LCJleHAiOjE1NDc2NjI2MTd9.SFpYg6UhxHG0ttNtDgJKViqt8pC1ZWXphGix8d5UA_c', 'ios'),
(277, 1, 'eyJhbGciOiJIUzI1NiIsInR5cCI6IkpXVCJ9.eyJpZCI6MSwicGVybSI6MiwiaWF0IjoxNTQ3MDU3ODg3LCJleHAiOjE1NDc2NjI2ODd9.nt-hlhiBK1nRvZhc36bkci4onOYiCZaaz70gJDZPQZo', 'ios'),
(278, 31, 'eyJhbGciOiJIUzI1NiIsInR5cCI6IkpXVCJ9.eyJpZCI6MzEsInBlcm0iOjEsImlhdCI6MTU0NzA1ODQ3OCwiZXhwIjoxNTQ3NjYzMjc4fQ.lZieT5g2hQ6rRUzvkwD4JY7qc6kc4-BcT3ClXkknadQ', 'android'),
(279, 1, 'eyJhbGciOiJIUzI1NiIsInR5cCI6IkpXVCJ9.eyJpZCI6MSwicGVybSI6MiwiaWF0IjoxNTQ3MDU4NjQ1LCJleHAiOjE1NDc2NjM0NDV9.hB4S5naHl0bbhbuSQxNC9GqksKS5JMDxBFufwGJRriA', 'ios'),
(280, 31, 'eyJhbGciOiJIUzI1NiIsInR5cCI6IkpXVCJ9.eyJpZCI6MzEsInBlcm0iOjEsImlhdCI6MTU0NzA1ODY5OCwiZXhwIjoxNTQ3NjYzNDk4fQ.dSMm8PTFsAqmPq_nkxUk-esIijibP7wNELZvYyPO6MM', 'android'),
(281, 31, 'eyJhbGciOiJIUzI1NiIsInR5cCI6IkpXVCJ9.eyJpZCI6MzEsInBlcm0iOjEsImlhdCI6MTU0NzA2MjM2OSwiZXhwIjoxNTQ3NjY3MTY5fQ.2SIS7NjARA8t0NTfqjfLdlvGhMNBFxD99BzyUXZ14gw', 'android'),
(282, 33, 'eyJhbGciOiJIUzI1NiIsInR5cCI6IkpXVCJ9.eyJpZFVzZXIiOjMzLCJ0eXBlVXNlciI6MiwiZW1haWxVc2VyIjoiYmFwdGlzdGUubGFsb3VldEBzbWdsLmZyIiwiaWRFY29sZSI6MSwiaWF0IjoxNTQ3MjQxMTU3LCJleHAiOjE1NDc4NDU5NTd9.hjo_vsGvhQM0Wc4DfWLFtrEfWL9lQBGbKPNb6ZJTp9U', 'web'),
(283, 33, 'eyJhbGciOiJIUzI1NiIsInR5cCI6IkpXVCJ9.eyJpZFVzZXIiOjMzLCJ0eXBlVXNlciI6MiwiZW1haWxVc2VyIjoiYmFwdGlzdGUubGFsb3VldEBzbWdsLmZyIiwiaWRFY29sZSI6MSwiaWF0IjoxNTQ3MzA0OTIzLCJleHAiOjE1NDc5MDk3MjN9.Tfn9QtKefDZoCzf6kW2SI_sKzfrWWosyRgtHhF1GqOc', 'web'),
(284, 33, 'eyJhbGciOiJIUzI1NiIsInR5cCI6IkpXVCJ9.eyJpZFVzZXIiOjMzLCJ0eXBlVXNlciI6MiwiZW1haWxVc2VyIjoiYmFwdGlzdGUubGFsb3VldEBzbWdsLmZyIiwiaWRFY29sZSI6MSwiaWF0IjoxNTQ3Mzg0OTU4LCJleHAiOjE1NDc5ODk3NTh9.mmjkspcXGBEj5KfbZq2G1NKgWweAqfnnse7EmuqF0qU', 'web'),
(285, 33, 'eyJhbGciOiJIUzI1NiIsInR5cCI6IkpXVCJ9.eyJpZFVzZXIiOjMzLCJ0eXBlVXNlciI6MiwiZW1haWxVc2VyIjoiYmFwdGlzdGUubGFsb3VldEBzbWdsLmZyIiwiaWRFY29sZSI6MSwiaWF0IjoxNTQ3Mzg1MzQ2LCJleHAiOjE1NDc5OTAxNDZ9.T-BQ04TOl5xSlqZIPU6tDgOmhA4Kr8HObqt8l8BCeBE', 'web'),
(286, 33, 'eyJhbGciOiJIUzI1NiIsInR5cCI6IkpXVCJ9.eyJpZFVzZXIiOjMzLCJ0eXBlVXNlciI6MiwiZW1haWxVc2VyIjoiYmFwdGlzdGUubGFsb3VldEBzbWdsLmZyIiwiaWRFY29sZSI6MSwiaWF0IjoxNTQ3Mzg1NTAyLCJleHAiOjE1NDc5OTAzMDJ9.T7UyC_pCbNtLvxrWqv6hLD0o2VW32xaI5JE-AnkXQeg', 'web'),
(287, 33, 'eyJhbGciOiJIUzI1NiIsInR5cCI6IkpXVCJ9.eyJpZFVzZXIiOjMzLCJ0eXBlVXNlciI6MiwiZW1haWxVc2VyIjoiYmFwdGlzdGUubGFsb3VldEBzbWdsLmZyIiwiaWRFY29sZSI6MSwiaWF0IjoxNTQ3Mzg1NjkzLCJleHAiOjE1NDc5OTA0OTN9.DuBimJ9gQuGd8dVQgizr22Hs2lmlO9AKAoC8cviIARw', 'web'),
(288, 33, 'eyJhbGciOiJIUzI1NiIsInR5cCI6IkpXVCJ9.eyJpZFVzZXIiOjMzLCJ0eXBlVXNlciI6MiwiZW1haWxVc2VyIjoiYmFwdGlzdGUubGFsb3VldEBzbWdsLmZyIiwiaWRFY29sZSI6MSwiaWF0IjoxNTQ3Mzg1ODkxLCJleHAiOjE1NDc5OTA2OTF9.6G-lg6KzjCFpsHWuViSGwY0WyvipziusqR7T8amLvIk', 'web'),
(289, 33, 'eyJhbGciOiJIUzI1NiIsInR5cCI6IkpXVCJ9.eyJpZFVzZXIiOjMzLCJ0eXBlVXNlciI6MiwiZW1haWxVc2VyIjoiYmFwdGlzdGUubGFsb3VldEBzbWdsLmZyIiwiaWRFY29sZSI6MSwiaWF0IjoxNTQ3Mzg1ODkzLCJleHAiOjE1NDc5OTA2OTN9.on0fW7P__oSHKbb8HIrIcSEGfeNweVGr955aVWa3nD4', 'web'),
(290, 33, 'eyJhbGciOiJIUzI1NiIsInR5cCI6IkpXVCJ9.eyJpZFVzZXIiOjMzLCJ0eXBlVXNlciI6MiwiZW1haWxVc2VyIjoiYmFwdGlzdGUubGFsb3VldEBzbWdsLmZyIiwiaWRFY29sZSI6MSwiaWF0IjoxNTQ3Mzg1ODkzLCJleHAiOjE1NDc5OTA2OTN9.on0fW7P__oSHKbb8HIrIcSEGfeNweVGr955aVWa3nD4', 'web'),
(291, 33, 'eyJhbGciOiJIUzI1NiIsInR5cCI6IkpXVCJ9.eyJpZFVzZXIiOjMzLCJ0eXBlVXNlciI6MiwiZW1haWxVc2VyIjoiYmFwdGlzdGUubGFsb3VldEBzbWdsLmZyIiwiaWRFY29sZSI6MSwiaWF0IjoxNTQ3Mzg2MDYwLCJleHAiOjE1NDc5OTA4NjB9.IYRcrKGYZWVMyfqG8YwotqHgfiviKmbtEVuwN3k5C68', 'web'),
(292, 33, 'eyJhbGciOiJIUzI1NiIsInR5cCI6IkpXVCJ9.eyJpZFVzZXIiOjMzLCJ0eXBlVXNlciI6MiwiZW1haWxVc2VyIjoiYmFwdGlzdGUubGFsb3VldEBzbWdsLmZyIiwiaWRFY29sZSI6MSwiaWF0IjoxNTQ3Mzg2MjI1LCJleHAiOjE1NDc5OTEwMjV9.LLOWNrnLTiLo3XOIi5c_NNdLwkjWFrkswHRLoXPBRfo', 'web'),
(293, 33, 'eyJhbGciOiJIUzI1NiIsInR5cCI6IkpXVCJ9.eyJpZFVzZXIiOjMzLCJ0eXBlVXNlciI6MiwiZW1haWxVc2VyIjoiYmFwdGlzdGUubGFsb3VldEBzbWdsLmZyIiwiaWRFY29sZSI6MSwiaWF0IjoxNTQ3Mzg2MzA1LCJleHAiOjE1NDc5OTExMDV9.dBDmYMHJlX_Crzx67Mnr4RSmfAxOqSQeOaCRh9dGqko', 'web'),
(294, 33, 'eyJhbGciOiJIUzI1NiIsInR5cCI6IkpXVCJ9.eyJpZFVzZXIiOjMzLCJ0eXBlVXNlciI6MiwiZW1haWxVc2VyIjoiYmFwdGlzdGUubGFsb3VldEBzbWdsLmZyIiwiaWRFY29sZSI6MSwiaWF0IjoxNTQ3Mzg2MzI2LCJleHAiOjE1NDc5OTExMjZ9.yHTdUntZHYZtf6EyZEMDu3A1_P9KVSpRMqNQuxybFu0', 'web'),
(295, 33, 'eyJhbGciOiJIUzI1NiIsInR5cCI6IkpXVCJ9.eyJpZFVzZXIiOjMzLCJ0eXBlVXNlciI6MiwiZW1haWxVc2VyIjoiYmFwdGlzdGUubGFsb3VldEBzbWdsLmZyIiwiaWRFY29sZSI6MSwiaWF0IjoxNTQ3Mzg2MzU3LCJleHAiOjE1NDc5OTExNTd9.P6rjTxErHuZEzec0Jw2mBUgb20bHIrv_i1NIlVdrOog', 'web'),
(296, 33, 'eyJhbGciOiJIUzI1NiIsInR5cCI6IkpXVCJ9.eyJpZFVzZXIiOjMzLCJ0eXBlVXNlciI6MiwiZW1haWxVc2VyIjoiYmFwdGlzdGUubGFsb3VldEBzbWdsLmZyIiwiaWRFY29sZSI6MSwiaWF0IjoxNTQ3Mzg2Mzg5LCJleHAiOjE1NDc5OTExODl9.f8qhxsWfIOnscNNgDvnpCtstFCngGGPPjvSW-ICKDzI', 'web'),
(297, 33, 'eyJhbGciOiJIUzI1NiIsInR5cCI6IkpXVCJ9.eyJpZFVzZXIiOjMzLCJ0eXBlVXNlciI6MiwiZW1haWxVc2VyIjoiYmFwdGlzdGUubGFsb3VldEBzbWdsLmZyIiwiaWRFY29sZSI6MSwiaWF0IjoxNTQ3Mzg2Njc4LCJleHAiOjE1NDc5OTE0Nzh9.2Ui0P9f0i2-zo8Lb7AjMbX_ylEA7Ijm14l0RMma657U', 'web'),
(298, 33, 'eyJhbGciOiJIUzI1NiIsInR5cCI6IkpXVCJ9.eyJpZFVzZXIiOjMzLCJ0eXBlVXNlciI6MiwiZW1haWxVc2VyIjoiYmFwdGlzdGUubGFsb3VldEBzbWdsLmZyIiwiaWRFY29sZSI6MSwiaWF0IjoxNTQ3Mzg3MDg0LCJleHAiOjE1NDc5OTE4ODR9.b5Oi3Byizn-CrYVLOeYHHafDNSjHgmD4OsOp48E73O4', 'web');
INSERT INTO `access_token` (`access_token_id`, `user_id`, `access_token`, `device_type`) VALUES
(299, 33, 'eyJhbGciOiJIUzI1NiIsInR5cCI6IkpXVCJ9.eyJpZFVzZXIiOjMzLCJ0eXBlVXNlciI6MiwiZW1haWxVc2VyIjoiYmFwdGlzdGUubGFsb3VldEBzbWdsLmZyIiwiaWRFY29sZSI6MSwiaWF0IjoxNTQ3NDYzOTAyLCJleHAiOjE1NDgwNjg3MDJ9.rD0bq55HPrdmU5CcVMX4afG5cYtMSRWcYBGZOYavyew', 'web'),
(300, 33, 'eyJhbGciOiJIUzI1NiIsInR5cCI6IkpXVCJ9.eyJpZFVzZXIiOjMzLCJ0eXBlVXNlciI6MiwiZW1haWxVc2VyIjoiYmFwdGlzdGUubGFsb3VldEBzbWdsLmZyIiwiaWRFY29sZSI6MSwiaWF0IjoxNTQ3NDY2NTExLCJleHAiOjE1NDgwNzEzMTF9.91ERPDUWZS2PtMMhNMj0kgrKxnf0DNMGkA9TRyTGEjI', 'web'),
(301, 33, 'eyJhbGciOiJIUzI1NiIsInR5cCI6IkpXVCJ9.eyJpZFVzZXIiOjMzLCJ0eXBlVXNlciI6MiwiZW1haWxVc2VyIjoiYmFwdGlzdGUubGFsb3VldEBzbWdsLmZyIiwiaWRFY29sZSI6MSwiaWF0IjoxNTQ3OTAxODIyLCJleHAiOjE1NDg1MDY2MjJ9.o6sqW3h68jj8LQ2ZQ1UScMm7kiYDvWuJ6dpj_x09O_M', 'web'),
(302, 31, 'eyJhbGciOiJIUzI1NiIsInR5cCI6IkpXVCJ9.eyJpZFVzZXIiOjMxLCJ0eXBlVXNlciI6MSwiZW1haWxVc2VyIjoibGF1cmlhbmUuZm91cmNhZGVAc21nbC5mciIsImlkRWNvbGUiOjEsImlhdCI6MTU0Nzk4ODA3NiwiZXhwIjoxNTQ4NTkyODc2fQ.gTx_OzeX0c1X_KPS5EhltDLdX7rl1M6Zfdurh0CFPYA', 'android'),
(303, 1, 'eyJhbGciOiJIUzI1NiIsInR5cCI6IkpXVCJ9.eyJpZFVzZXIiOjEsInR5cGVVc2VyIjoyLCJlbWFpbFVzZXIiOiJlbG9kaWUuYmVydGhhdWQxQGdtYWlsLmNvbSIsImlkRWNvbGUiOjEsImlhdCI6MTU0Nzk4ODUyOSwiZXhwIjoxNTQ4NTkzMzI5fQ.DPGGMUm6JTgvPrhIKeHRrtk65Dr90ja9mwkISGE4jvk', 'ios'),
(304, 31, 'eyJhbGciOiJIUzI1NiIsInR5cCI6IkpXVCJ9.eyJpZFVzZXIiOjMxLCJ0eXBlVXNlciI6MSwiZW1haWxVc2VyIjoibGF1cmlhbmUuZm91cmNhZGVAc21nbC5mciIsImlkRWNvbGUiOjEsImlhdCI6MTU0Nzk5Mzk4MSwiZXhwIjoxNTQ4NTk4NzgxfQ.lBYxjnnY3SJm-jsMSoWBSYbl_3ZEx1CsSSdurEOUhQs', 'android'),
(305, 31, 'eyJhbGciOiJIUzI1NiIsInR5cCI6IkpXVCJ9.eyJpZFVzZXIiOjMxLCJ0eXBlVXNlciI6MSwiZW1haWxVc2VyIjoibGF1cmlhbmUuZm91cmNhZGVAc21nbC5mciIsImlkRWNvbGUiOjEsImlhdCI6MTU0Nzk5NDA3NCwiZXhwIjoxNTQ4NTk4ODc0fQ.LUUXrYL6vMfYRgMoSpp3iILXbQowjUSo_KQ5U9_j-OU', 'android'),
(306, 1, 'eyJhbGciOiJIUzI1NiIsInR5cCI6IkpXVCJ9.eyJpZFVzZXIiOjEsInR5cGVVc2VyIjoyLCJlbWFpbFVzZXIiOiJlbG9kaWUuYmVydGhhdWQxQGdtYWlsLmNvbSIsImlkRWNvbGUiOjEsImlhdCI6MTU0Nzk5NTc3NywiZXhwIjoxNTQ4NjAwNTc3fQ.95w8S6vpSKpVSQoWB5xWOb_lVfi_rTfTToUYHOPckvA', 'ios'),
(307, 1, 'eyJhbGciOiJIUzI1NiIsInR5cCI6IkpXVCJ9.eyJpZFVzZXIiOjEsInR5cGVVc2VyIjoyLCJlbWFpbFVzZXIiOiJlbG9kaWUuYmVydGhhdWQxQGdtYWlsLmNvbSIsImlkRWNvbGUiOjEsImlhdCI6MTU0Nzk5NjAwOSwiZXhwIjoxNTQ4NjAwODA5fQ.gnHB3jYPOBBrZkyYYr0TUlsONfuc8xiyqtTPkaaFbxA', 'ios'),
(308, 1, 'eyJhbGciOiJIUzI1NiIsInR5cCI6IkpXVCJ9.eyJpZFVzZXIiOjEsInR5cGVVc2VyIjoyLCJlbWFpbFVzZXIiOiJlbG9kaWUuYmVydGhhdWQxQGdtYWlsLmNvbSIsImlkRWNvbGUiOjEsImlhdCI6MTU0Nzk5NzIxMCwiZXhwIjoxNTQ4NjAyMDEwfQ.OhFvKgxrTz0I-_CYW_tekaQRd-IUhpeGN97V7cc6V-o', 'ios'),
(309, 31, 'eyJhbGciOiJIUzI1NiIsInR5cCI6IkpXVCJ9.eyJpZFVzZXIiOjMxLCJ0eXBlVXNlciI6MSwiZW1haWxVc2VyIjoibGF1cmlhbmUuZm91cmNhZGVAc21nbC5mciIsImlkRWNvbGUiOjEsImlhdCI6MTU0Nzk5NzIzMCwiZXhwIjoxNTQ4NjAyMDMwfQ.01r3sLSY5EP33Gn84Wd-W8DGdorSeUKMy-GlPMq0dfg', 'android'),
(310, 1, 'eyJhbGciOiJIUzI1NiIsInR5cCI6IkpXVCJ9.eyJpZFVzZXIiOjEsInR5cGVVc2VyIjoyLCJlbWFpbFVzZXIiOiJlbG9kaWUuYmVydGhhdWQxQGdtYWlsLmNvbSIsImlkRWNvbGUiOjEsImlhdCI6MTU0Nzk5NzI0NCwiZXhwIjoxNTQ4NjAyMDQ0fQ.tox2-a9zRPcMgxjOiAYtTySBzIKwCJiXw2L3xkUiBGw', 'ios'),
(311, 31, 'eyJhbGciOiJIUzI1NiIsInR5cCI6IkpXVCJ9.eyJpZFVzZXIiOjMxLCJ0eXBlVXNlciI6MSwiZW1haWxVc2VyIjoibGF1cmlhbmUuZm91cmNhZGVAc21nbC5mciIsImlkRWNvbGUiOjEsImlhdCI6MTU0Nzk5ODIzNywiZXhwIjoxNTQ4NjAzMDM3fQ.Lrul2CQaU8qmeDSfuByEXoDOhM7QoYYTrQzHz1FWjHU', 'android'),
(312, 1, 'eyJhbGciOiJIUzI1NiIsInR5cCI6IkpXVCJ9.eyJpZFVzZXIiOjEsInR5cGVVc2VyIjoyLCJlbWFpbFVzZXIiOiJlbG9kaWUuYmVydGhhdWQxQGdtYWlsLmNvbSIsImlkRWNvbGUiOjEsImlhdCI6MTU0Nzk5ODI1MSwiZXhwIjoxNTQ4NjAzMDUxfQ.3PLcxks-V1m4rdwkotCSjCUWC8CpHa07HapHkuCuGU4', 'ios'),
(313, 31, 'eyJhbGciOiJIUzI1NiIsInR5cCI6IkpXVCJ9.eyJpZFVzZXIiOjMxLCJ0eXBlVXNlciI6MSwiZW1haWxVc2VyIjoibGF1cmlhbmUuZm91cmNhZGVAc21nbC5mciIsImlkRWNvbGUiOjEsImlhdCI6MTU0Nzk5ODI2OCwiZXhwIjoxNTQ4NjAzMDY4fQ.oZhluQZ9T1y5PdduBI0Z7Aim9FcxlmKbHSZvS06FMr8', 'android'),
(314, 31, 'eyJhbGciOiJIUzI1NiIsInR5cCI6IkpXVCJ9.eyJpZFVzZXIiOjMxLCJ0eXBlVXNlciI6MSwiZW1haWxVc2VyIjoibGF1cmlhbmUuZm91cmNhZGVAc21nbC5mciIsImlkRWNvbGUiOjEsImlhdCI6MTU0Nzk5ODU4MCwiZXhwIjoxNTQ4NjAzMzgwfQ.fsW0zUalv1SsPsJBpfb2KzQs614g7oy1UtPeyPPp0es', 'android'),
(315, 31, 'eyJhbGciOiJIUzI1NiIsInR5cCI6IkpXVCJ9.eyJpZFVzZXIiOjMxLCJ0eXBlVXNlciI6MSwiZW1haWxVc2VyIjoibGF1cmlhbmUuZm91cmNhZGVAc21nbC5mciIsImlkRWNvbGUiOjEsImlhdCI6MTU0Nzk5ODY0MiwiZXhwIjoxNTQ4NjAzNDQyfQ.lXCO98Oe6--kx5Jswcez3gXV79awdGdo_CnNE27qV8M', 'android'),
(316, 31, 'eyJhbGciOiJIUzI1NiIsInR5cCI6IkpXVCJ9.eyJpZFVzZXIiOjMxLCJ0eXBlVXNlciI6MSwiZW1haWxVc2VyIjoibGF1cmlhbmUuZm91cmNhZGVAc21nbC5mciIsImlkRWNvbGUiOjEsImlhdCI6MTU0Nzk5ODcyOCwiZXhwIjoxNTQ4NjAzNTI4fQ.XdCqNOxKKTEvRnIf4BYlFhV2_Xzz1yvAyoN2aMMaUV8', 'android'),
(317, 1, 'eyJhbGciOiJIUzI1NiIsInR5cCI6IkpXVCJ9.eyJpZFVzZXIiOjEsInR5cGVVc2VyIjoyLCJlbWFpbFVzZXIiOiJlbG9kaWUuYmVydGhhdWQxQGdtYWlsLmNvbSIsImlkRWNvbGUiOjEsImlhdCI6MTU0Nzk5ODc1OSwiZXhwIjoxNTQ4NjAzNTU5fQ.ckdD6BX4xkNiG-WKoNQozoFKLi8Xrn5O_H1aE4q-Xws', 'ios'),
(318, 1, 'eyJhbGciOiJIUzI1NiIsInR5cCI6IkpXVCJ9.eyJpZFVzZXIiOjEsInR5cGVVc2VyIjoyLCJlbWFpbFVzZXIiOiJlbG9kaWUuYmVydGhhdWQxQGdtYWlsLmNvbSIsImlkRWNvbGUiOjEsImlhdCI6MTU0Nzk5OTE2NywiZXhwIjoxNTQ4NjAzOTY3fQ.3PldOWd0G1-SWRNZrzAw0WffajNG1cYZhpvwgZ1IHmI', 'ios'),
(319, 31, 'eyJhbGciOiJIUzI1NiIsInR5cCI6IkpXVCJ9.eyJpZFVzZXIiOjMxLCJ0eXBlVXNlciI6MSwiZW1haWxVc2VyIjoibGF1cmlhbmUuZm91cmNhZGVAc21nbC5mciIsImlkRWNvbGUiOjEsImlhdCI6MTU0Nzk5OTE4OCwiZXhwIjoxNTQ4NjAzOTg4fQ.rxiui6pbgqseYF_phGBGnuuFt2gwKARgiKHDhPWTcTg', 'android'),
(320, 1, 'eyJhbGciOiJIUzI1NiIsInR5cCI6IkpXVCJ9.eyJpZFVzZXIiOjEsInR5cGVVc2VyIjoyLCJlbWFpbFVzZXIiOiJlbG9kaWUuYmVydGhhdWQxQGdtYWlsLmNvbSIsImlkRWNvbGUiOjEsImlhdCI6MTU0Nzk5OTIyMywiZXhwIjoxNTQ4NjA0MDIzfQ._VvzD4FKdeuMoEjikZ9b-SLDVSQ1PZz80n8-ORGKRIc', 'ios'),
(321, 1, 'eyJhbGciOiJIUzI1NiIsInR5cCI6IkpXVCJ9.eyJpZFVzZXIiOjEsInR5cGVVc2VyIjoyLCJlbWFpbFVzZXIiOiJlbG9kaWUuYmVydGhhdWQxQGdtYWlsLmNvbSIsImlkRWNvbGUiOjEsImlhdCI6MTU0Nzk5OTYyOCwiZXhwIjoxNTQ4NjA0NDI4fQ.NjQ_iRkzg8gqDcasivQOE9PPWURB23bm722j-PGbhlw', 'ios'),
(322, 31, 'eyJhbGciOiJIUzI1NiIsInR5cCI6IkpXVCJ9.eyJpZFVzZXIiOjMxLCJ0eXBlVXNlciI6MSwiZW1haWxVc2VyIjoibGF1cmlhbmUuZm91cmNhZGVAc21nbC5mciIsImlkRWNvbGUiOjEsImlhdCI6MTU0ODAzNTEwNywiZXhwIjoxNTQ4NjM5OTA3fQ.rVCWb9pZypOLMmHkItuS2hRHE6WLCQUZ7tPRaTnHRTk', 'android'),
(323, 33, 'eyJhbGciOiJIUzI1NiIsInR5cCI6IkpXVCJ9.eyJpZFVzZXIiOjMzLCJ0eXBlVXNlciI6MiwiZW1haWxVc2VyIjoiYmFwdGlzdGUubGFsb3VldEBzbWdsLmZyIiwiaWRFY29sZSI6MSwiaWF0IjoxNTQ4MDM1MjIwLCJleHAiOjE1NDg2NDAwMjB9.yy_abhbj6Cy3jozsTML5St4KQx8jg9nK0Zl7pCnDdN0', 'web'),
(324, 33, 'eyJhbGciOiJIUzI1NiIsInR5cCI6IkpXVCJ9.eyJpZFVzZXIiOjMzLCJ0eXBlVXNlciI6MiwiZW1haWxVc2VyIjoiYmFwdGlzdGUubGFsb3VldEBzbWdsLmZyIiwiaWRFY29sZSI6MSwiaWF0IjoxNTQ4MTYxNDY3LCJleHAiOjE1NDg3NjYyNjd9.KDr-hfjf6b7zEjCE8bSuM9AXXjAhyV8Z40byiD0J5xQ', 'web'),
(325, 33, 'eyJhbGciOiJIUzI1NiIsInR5cCI6IkpXVCJ9.eyJpZFVzZXIiOjMzLCJ0eXBlVXNlciI6MiwiZW1haWxVc2VyIjoiYmFwdGlzdGUubGFsb3VldEBzbWdsLmZyIiwiaWRFY29sZSI6MSwiaWF0IjoxNTQ4MTY0ODYxLCJleHAiOjE1NDg3Njk2NjF9.nWK2-IXH4q4VjBK7vI4N1Ms91VfIrvh5LnORtXBVpm4', 'web'),
(326, 33, 'eyJhbGciOiJIUzI1NiIsInR5cCI6IkpXVCJ9.eyJpZFVzZXIiOjMzLCJ0eXBlVXNlciI6MiwiZW1haWxVc2VyIjoiYmFwdGlzdGUubGFsb3VldEBzbWdsLmZyIiwiaWRFY29sZSI6MSwiaWF0IjoxNTQ4MTcyMjQ3LCJleHAiOjE1NDg3NzcwNDd9.syqBw4YdP3D1JJEoEOJNo8BSWERB8wCuZQZJgbZA2DA', 'web'),
(327, 33, 'eyJhbGciOiJIUzI1NiIsInR5cCI6IkpXVCJ9.eyJpZFVzZXIiOjMzLCJ0eXBlVXNlciI6MiwiZW1haWxVc2VyIjoiYmFwdGlzdGUubGFsb3VldEBzbWdsLmZyIiwiaWRFY29sZSI6MSwiaWF0IjoxNTQ4MTc0ODU0LCJleHAiOjE1NDg3Nzk2NTR9.HLOcXWaoDoo9g01zb0JkBX7D8XvUFvwFRzYHUMs9d38', 'web'),
(328, 33, 'eyJhbGciOiJIUzI1NiIsInR5cCI6IkpXVCJ9.eyJpZFVzZXIiOjMzLCJ0eXBlVXNlciI6MiwiZW1haWxVc2VyIjoiYmFwdGlzdGUubGFsb3VldEBzbWdsLmZyIiwiaWRFY29sZSI6MSwiaWF0IjoxNTQ4MTc2OTMyLCJleHAiOjE1NDg3ODE3MzJ9.gae09P7Xp4XdWewHID6vLEhOPVLyO2LnPtTgpZeW5z4', 'web'),
(329, 33, 'eyJhbGciOiJIUzI1NiIsInR5cCI6IkpXVCJ9.eyJpZFVzZXIiOjMzLCJ0eXBlVXNlciI6MiwiZW1haWxVc2VyIjoidGhvbWFzLmd1aWNoYXJkQGVwaXRlY2guZXUiLCJpZEVjb2xlIjoxLCJpYXQiOjE1NDgxNzcxMDYsImV4cCI6MTU0ODc4MTkwNn0.WCJDCngYdDgrEU5VVz0IjxGboTQUZg30CtORHW-Wd0E', 'web'),
(330, 33, 'eyJhbGciOiJIUzI1NiIsInR5cCI6IkpXVCJ9.eyJpZFVzZXIiOjMzLCJ0eXBlVXNlciI6MiwiZW1haWxVc2VyIjoidGhvbWFzLmd1aWNoYXJkQGVwaXRlY2guZXUiLCJpZEVjb2xlIjoxLCJpYXQiOjE1NDgxNzc3NzgsImV4cCI6MTU0ODc4MjU3OH0.2-X4nTrmouUmJkJu9jyCQTjAx7bVFYeX2spLH856CIs', 'web'),
(331, 33, 'eyJhbGciOiJIUzI1NiIsInR5cCI6IkpXVCJ9.eyJpZFVzZXIiOjMzLCJ0eXBlVXNlciI6MiwiZW1haWxVc2VyIjoidGhvbWFzLmd1aWNoYXJkQGVwaXRlY2guZXUiLCJpZEVjb2xlIjoxLCJpYXQiOjE1NDgxODEzMDMsImV4cCI6MTU0ODc4NjEwM30.aYbJl-iMhLFxhrH8qj_-zu-4oOD_gRKakNZ8C-AfJEY', 'web'),
(332, 31, 'eyJhbGciOiJIUzI1NiIsInR5cCI6IkpXVCJ9.eyJpZFVzZXIiOjMxLCJ0eXBlVXNlciI6MSwiZW1haWxVc2VyIjoibGF1cmlhbmUuZm91cmNhZGVAc21nbC5mciIsImlkRWNvbGUiOjEsImlhdCI6MTU0ODQzMzIxNSwiZXhwIjoxNTQ5MDM4MDE1fQ.Oo8Fm-qCWMqIiKhYgdf-ghHyNQSwgDvUjIIvFe_SGXA', 'android'),
(333, 31, 'eyJhbGciOiJIUzI1NiIsInR5cCI6IkpXVCJ9.eyJpZFVzZXIiOjMxLCJ0eXBlVXNlciI6MSwiZW1haWxVc2VyIjoibGF1cmlhbmUuZm91cmNhZGVAc21nbC5mciIsImlkRWNvbGUiOjEsImlhdCI6MTU0ODQzNDIxMiwiZXhwIjoxNTQ5MDM5MDEyfQ.Ko2Ps0xji779OaZXZ6h9F2eoK5J5ROwEyOzez4gp22E', 'android'),
(334, 31, 'eyJhbGciOiJIUzI1NiIsInR5cCI6IkpXVCJ9.eyJpZFVzZXIiOjMxLCJ0eXBlVXNlciI6MSwiZW1haWxVc2VyIjoibGF1cmlhbmUuZm91cmNhZGVAc21nbC5mciIsImlkRWNvbGUiOjEsImlhdCI6MTU0ODQzNDIxMiwiZXhwIjoxNTQ5MDM5MDEyfQ.Ko2Ps0xji779OaZXZ6h9F2eoK5J5ROwEyOzez4gp22E', 'android'),
(335, 31, 'eyJhbGciOiJIUzI1NiIsInR5cCI6IkpXVCJ9.eyJpZFVzZXIiOjMxLCJ0eXBlVXNlciI6MSwiZW1haWxVc2VyIjoibGF1cmlhbmUuZm91cmNhZGVAc21nbC5mciIsImlkRWNvbGUiOjEsImlhdCI6MTU0ODQzNDIxMiwiZXhwIjoxNTQ5MDM5MDEyfQ.Ko2Ps0xji779OaZXZ6h9F2eoK5J5ROwEyOzez4gp22E', 'android'),
(336, 31, 'eyJhbGciOiJIUzI1NiIsInR5cCI6IkpXVCJ9.eyJpZFVzZXIiOjMxLCJ0eXBlVXNlciI6MSwiZW1haWxVc2VyIjoibGF1cmlhbmUuZm91cmNhZGVAc21nbC5mciIsImlkRWNvbGUiOjEsImlhdCI6MTU0ODQzNDIxNSwiZXhwIjoxNTQ5MDM5MDE1fQ.3bFwFep39rZlDLnnf6dMWDLRbgA5BH6KoHk3FNPag_4', 'android'),
(337, 31, 'eyJhbGciOiJIUzI1NiIsInR5cCI6IkpXVCJ9.eyJpZFVzZXIiOjMxLCJ0eXBlVXNlciI6MSwiZW1haWxVc2VyIjoibGF1cmlhbmUuZm91cmNhZGVAc21nbC5mciIsImlkRWNvbGUiOjEsImlhdCI6MTU0ODQzNDIxNiwiZXhwIjoxNTQ5MDM5MDE2fQ.h2oDCux_L2kMpq0SPeE7qc889AyNGk1ba-SYNE9bi2M', 'android'),
(338, 33, 'eyJhbGciOiJIUzI1NiIsInR5cCI6IkpXVCJ9.eyJpZFVzZXIiOjMzLCJ0eXBlVXNlciI6MiwiZW1haWxVc2VyIjoidGhvbWFzLmd1aWNoYXJkQGVwaXRlY2guZXUiLCJpZEVjb2xlIjoxLCJpYXQiOjE1NDg1MjI0MTEsImV4cCI6MTU0OTEyNzIxMX0.B7vAh0n3FBuTVjDMe-GbmiWpsS-wvyhnuM-Q_-fs7hg', 'web'),
(339, 33, 'eyJhbGciOiJIUzI1NiIsInR5cCI6IkpXVCJ9.eyJpZFVzZXIiOjMzLCJ0eXBlVXNlciI6MiwiZW1haWxVc2VyIjoidGhvbWFzLmd1aWNoYXJkQGVwaXRlY2guZXUiLCJpZEVjb2xlIjoxLCJpYXQiOjE1NDg1MjI0NDgsImV4cCI6MTU0OTEyNzI0OH0.wR9ctnZkPBGr6jzYhDZvxawRu1G2gi-TdwLhbIzk430', 'web'),
(340, 33, 'eyJhbGciOiJIUzI1NiIsInR5cCI6IkpXVCJ9.eyJpZFVzZXIiOjMzLCJ0eXBlVXNlciI6MiwiZW1haWxVc2VyIjoidGhvbWFzLmd1aWNoYXJkQGVwaXRlY2guZXUiLCJpZEVjb2xlIjoxLCJpYXQiOjE1NDg1MjMwNzksImV4cCI6MTU0OTEyNzg3OX0.0-SJ0CnJYdZGqo6Z9naf4DMuGz5sIG1SdVPYrxGqeRs', 'web'),
(341, 33, 'eyJhbGciOiJIUzI1NiIsInR5cCI6IkpXVCJ9.eyJpZFVzZXIiOjMzLCJ0eXBlVXNlciI6MiwiZW1haWxVc2VyIjoidGhvbWFzLmd1aWNoYXJkQGVwaXRlY2guZXUiLCJpZEVjb2xlIjoxLCJpYXQiOjE1NDg1MjMxNzQsImV4cCI6MTU0OTEyNzk3NH0.3F4WMJc6PluBfr4SqmiG_MMv_eEidhIipMHLVruy2uE', 'web'),
(342, 33, 'eyJhbGciOiJIUzI1NiIsInR5cCI6IkpXVCJ9.eyJpZFVzZXIiOjMzLCJ0eXBlVXNlciI6MiwiZW1haWxVc2VyIjoidGhvbWFzLmd1aWNoYXJkQGVwaXRlY2guZXUiLCJpZEVjb2xlIjoxLCJpYXQiOjE1NDg1MjMzMTYsImV4cCI6MTU0OTEyODExNn0.cid8ubWJCyraEPfvtOFbMP8qtDBADg80pqvBSfKAw5M', 'web'),
(343, 33, 'eyJhbGciOiJIUzI1NiIsInR5cCI6IkpXVCJ9.eyJpZFVzZXIiOjMzLCJ0eXBlVXNlciI6MiwiZW1haWxVc2VyIjoidGhvbWFzLmd1aWNoYXJkQGVwaXRlY2guZXUiLCJpZEVjb2xlIjoxLCJpYXQiOjE1NDg1MjM3MjMsImV4cCI6MTU0OTEyODUyM30.68leXEiZ37Q33YyrwVTXK9otuZHUO4jGpb2qIpYw-Hg', 'web'),
(344, 33, 'eyJhbGciOiJIUzI1NiIsInR5cCI6IkpXVCJ9.eyJpZFVzZXIiOjMzLCJ0eXBlVXNlciI6MiwiZW1haWxVc2VyIjoidGhvbWFzLmd1aWNoYXJkQGVwaXRlY2guZXUiLCJpZEVjb2xlIjoxLCJpYXQiOjE1NDg1MjQwNDAsImV4cCI6MTU0OTEyODg0MH0.NQmlDjGOyq34N0eR45G0d9SySBEeKGC8nRbr1mjYic0', 'web'),
(345, 33, 'eyJhbGciOiJIUzI1NiIsInR5cCI6IkpXVCJ9.eyJpZFVzZXIiOjMzLCJ0eXBlVXNlciI6MiwiZW1haWxVc2VyIjoidGhvbWFzLmd1aWNoYXJkQGVwaXRlY2guZXUiLCJpZEVjb2xlIjoxLCJpYXQiOjE1NDg1MjQxMDIsImV4cCI6MTU0OTEyODkwMn0.M1t3AmSe7fJhOGmUwd0majhn_6NjwuCjOOeBa_plvZ8', 'web'),
(346, 33, 'eyJhbGciOiJIUzI1NiIsInR5cCI6IkpXVCJ9.eyJpZFVzZXIiOjMzLCJ0eXBlVXNlciI6MiwiZW1haWxVc2VyIjoidGhvbWFzLmd1aWNoYXJkQGVwaXRlY2guZXUiLCJpZEVjb2xlIjoxLCJpYXQiOjE1NDg1MjQyNjAsImV4cCI6MTU0OTEyOTA2MH0.6qJ2cKQKahEwHm47HLefxUu3oFi_WnbZIYcvPq3fBbM', 'web'),
(347, 31, 'eyJhbGciOiJIUzI1NiIsInR5cCI6IkpXVCJ9.eyJpZFVzZXIiOjMxLCJ0eXBlVXNlciI6MSwiZW1haWxVc2VyIjoibGF1cmlhbmUuZm91cmNhZGVAc21nbC5mciIsImlkRWNvbGUiOjEsImlhdCI6MTU0ODU4NDAyOSwiZXhwIjoxNTQ5MTg4ODI5fQ.U65BZXm0OLDHWpHupza63pgoawsG9ykGQZpd8YJKLQU', 'android'),
(348, 31, 'eyJhbGciOiJIUzI1NiIsInR5cCI6IkpXVCJ9.eyJpZFVzZXIiOjMxLCJ0eXBlVXNlciI6MSwiZW1haWxVc2VyIjoibGF1cmlhbmUuZm91cmNhZGVAc21nbC5mciIsImlkRWNvbGUiOjEsImlhdCI6MTU0ODU4NDA2NCwiZXhwIjoxNTQ5MTg4ODY0fQ.Nw1YfGWpLryCzj5llctc7es3JBIb81v0EvHtkHcEMPo', 'android'),
(349, 33, 'eyJhbGciOiJIUzI1NiIsInR5cCI6IkpXVCJ9.eyJpZFVzZXIiOjMzLCJ0eXBlVXNlciI6MiwiZW1haWxVc2VyIjoidGhvbWFzLmd1aWNoYXJkQGVwaXRlY2guZXUiLCJpZEVjb2xlIjoxLCJpYXQiOjE1NDg1OTIwODYsImV4cCI6MTU0OTE5Njg4Nn0.GzKds4NK1a60-H1uhvSXe5DrB-3BJoSGPxUvE5z4JFg', 'web'),
(350, 33, 'eyJhbGciOiJIUzI1NiIsInR5cCI6IkpXVCJ9.eyJpZFVzZXIiOjMzLCJ0eXBlVXNlciI6MiwiZW1haWxVc2VyIjoidGhvbWFzLmd1aWNoYXJkQGVwaXRlY2guZXUiLCJpZEVjb2xlIjoxLCJpYXQiOjE1NDg1OTIxNTksImV4cCI6MTU0OTE5Njk1OX0.RfuxNrrgsgHGOBxVOdOWAgGRRUt81YeLTN7cuQIi_cY', 'web'),
(351, 33, 'eyJhbGciOiJIUzI1NiIsInR5cCI6IkpXVCJ9.eyJpZFVzZXIiOjMzLCJ0eXBlVXNlciI6MiwiZW1haWxVc2VyIjoidGhvbWFzLmd1aWNoYXJkQGVwaXRlY2guZXUiLCJpZEVjb2xlIjoxLCJpYXQiOjE1NDg1OTIyOTUsImV4cCI6MTU0OTE5NzA5NX0.lcJgkqz-HWqww12Ay4Fr1ehm8vj1dm8CApacSbLM9sg', 'web'),
(352, 33, 'eyJhbGciOiJIUzI1NiIsInR5cCI6IkpXVCJ9.eyJpZFVzZXIiOjMzLCJ0eXBlVXNlciI6MiwiZW1haWxVc2VyIjoidGhvbWFzLmd1aWNoYXJkQGVwaXRlY2guZXUiLCJpZEVjb2xlIjoxLCJpYXQiOjE1NDg1OTIzNDIsImV4cCI6MTU0OTE5NzE0Mn0.X2jJHZfVi0Fo9oANKlKETLexuBiD3d25cAVeLwjxAXQ', 'web'),
(353, 33, 'eyJhbGciOiJIUzI1NiIsInR5cCI6IkpXVCJ9.eyJpZFVzZXIiOjMzLCJ0eXBlVXNlciI6MiwiZW1haWxVc2VyIjoidGhvbWFzLmd1aWNoYXJkQGVwaXRlY2guZXUiLCJpZEVjb2xlIjoxLCJpYXQiOjE1NDg1OTIzNzMsImV4cCI6MTU0OTE5NzE3M30.61RhldS1OSfgH5TZv1vxRPrNgPt6MuDqbO1qQNnEee0', 'web'),
(354, 33, 'eyJhbGciOiJIUzI1NiIsInR5cCI6IkpXVCJ9.eyJpZFVzZXIiOjMzLCJ0eXBlVXNlciI6MiwiZW1haWxVc2VyIjoidGhvbWFzLmd1aWNoYXJkQGVwaXRlY2guZXUiLCJpZEVjb2xlIjoxLCJpYXQiOjE1NDg1OTI0MTAsImV4cCI6MTU0OTE5NzIxMH0.YCg3GSLSpfrUkiJEFXW2xS8xP5ZDvGk5TuvQ4ERV8_E', 'web'),
(355, 33, 'eyJhbGciOiJIUzI1NiIsInR5cCI6IkpXVCJ9.eyJpZFVzZXIiOjMzLCJ0eXBlVXNlciI6MiwiZW1haWxVc2VyIjoidGhvbWFzLmd1aWNoYXJkQGVwaXRlY2guZXUiLCJpZEVjb2xlIjoxLCJpYXQiOjE1NDg1OTI0NzksImV4cCI6MTU0OTE5NzI3OX0.61Qujp_U9r42qpvV6gSM5SViiJ10vR-Gisf-4qKz5eA', 'web'),
(356, 33, 'eyJhbGciOiJIUzI1NiIsInR5cCI6IkpXVCJ9.eyJpZFVzZXIiOjMzLCJ0eXBlVXNlciI6MiwiZW1haWxVc2VyIjoidGhvbWFzLmd1aWNoYXJkQGVwaXRlY2guZXUiLCJpZEVjb2xlIjoxLCJpYXQiOjE1NDg1OTI1MDUsImV4cCI6MTU0OTE5NzMwNX0.pN2fKYV2G1q4eS2yfN_DL5gUdkeJYg4N9pZZLw5xB1I', 'web'),
(357, 33, 'eyJhbGciOiJIUzI1NiIsInR5cCI6IkpXVCJ9.eyJpZFVzZXIiOjMzLCJ0eXBlVXNlciI6MiwiZW1haWxVc2VyIjoidGhvbWFzLmd1aWNoYXJkQGVwaXRlY2guZXUiLCJpZEVjb2xlIjoxLCJpYXQiOjE1NDg1OTI2NjAsImV4cCI6MTU0OTE5NzQ2MH0.KiS5hJTrLdoQQU3xRqNSCTfFBSk56TyMwnrl075Zk-s', 'web'),
(358, 33, 'eyJhbGciOiJIUzI1NiIsInR5cCI6IkpXVCJ9.eyJpZFVzZXIiOjMzLCJ0eXBlVXNlciI6MiwiZW1haWxVc2VyIjoidGhvbWFzLmd1aWNoYXJkQGVwaXRlY2guZXUiLCJpZEVjb2xlIjoxLCJpYXQiOjE1NDg1OTI3MDcsImV4cCI6MTU0OTE5NzUwN30.DFn2rMOSyM-m6GOhkBBtWm7gVCanQXaheigqIXjEjeA', 'web'),
(359, 33, 'eyJhbGciOiJIUzI1NiIsInR5cCI6IkpXVCJ9.eyJpZFVzZXIiOjMzLCJ0eXBlVXNlciI6MiwiZW1haWxVc2VyIjoidGhvbWFzLmd1aWNoYXJkQGVwaXRlY2guZXUiLCJpZEVjb2xlIjoxLCJpYXQiOjE1NDg1OTI4MDQsImV4cCI6MTU0OTE5NzYwNH0.hh0ns3X3p7GuforiwSqLHdbrq91npW0ryM0hbfnLxbU', 'web'),
(360, 33, 'eyJhbGciOiJIUzI1NiIsInR5cCI6IkpXVCJ9.eyJpZFVzZXIiOjMzLCJ0eXBlVXNlciI6MiwiZW1haWxVc2VyIjoidGhvbWFzLmd1aWNoYXJkQGVwaXRlY2guZXUiLCJpZEVjb2xlIjoxLCJpYXQiOjE1NDg1OTI4MjgsImV4cCI6MTU0OTE5NzYyOH0.yJa-eqsbOhbIvOP7euo9AegGRJthxquWCpVhlGUimGU', 'web'),
(361, 33, 'eyJhbGciOiJIUzI1NiIsInR5cCI6IkpXVCJ9.eyJpZFVzZXIiOjMzLCJ0eXBlVXNlciI6MiwiZW1haWxVc2VyIjoidGhvbWFzLmd1aWNoYXJkQGVwaXRlY2guZXUiLCJpZEVjb2xlIjoxLCJpYXQiOjE1NDg1OTI4ODEsImV4cCI6MTU0OTE5NzY4MX0.vm4iQWbTLzWWcJygZMS22NkfpVhyOLXMqz8CdwaGZ04', 'web'),
(362, 33, 'eyJhbGciOiJIUzI1NiIsInR5cCI6IkpXVCJ9.eyJpZFVzZXIiOjMzLCJ0eXBlVXNlciI6MiwiZW1haWxVc2VyIjoidGhvbWFzLmd1aWNoYXJkQGVwaXRlY2guZXUiLCJpZEVjb2xlIjoxLCJpYXQiOjE1NDg1OTMwNTgsImV4cCI6MTU0OTE5Nzg1OH0.d6ZdiUFmDVzrxH-3Ng27e3PaXgaE7TMU0cqjHP9et0Y', 'web'),
(363, 33, 'eyJhbGciOiJIUzI1NiIsInR5cCI6IkpXVCJ9.eyJpZFVzZXIiOjMzLCJ0eXBlVXNlciI6MiwiZW1haWxVc2VyIjoidGhvbWFzLmd1aWNoYXJkQGVwaXRlY2guZXUiLCJpZEVjb2xlIjoxLCJpYXQiOjE1NDg1OTMyMTAsImV4cCI6MTU0OTE5ODAxMH0.1qb3oC-sO3ENXwKe-GuWXHE-ubLBHTTzoFx9Dfsnmpk', 'web'),
(364, 33, 'eyJhbGciOiJIUzI1NiIsInR5cCI6IkpXVCJ9.eyJpZFVzZXIiOjMzLCJ0eXBlVXNlciI6MiwiZW1haWxVc2VyIjoidGhvbWFzLmd1aWNoYXJkQGVwaXRlY2guZXUiLCJpZEVjb2xlIjoxLCJpYXQiOjE1NDg1OTM0MjAsImV4cCI6MTU0OTE5ODIyMH0.RDZtAvdRmoTwCfaxdXqEbuY1DUQu6gQ5kzMNRDKgjno', 'web'),
(365, 33, 'eyJhbGciOiJIUzI1NiIsInR5cCI6IkpXVCJ9.eyJpZFVzZXIiOjMzLCJ0eXBlVXNlciI6MiwiZW1haWxVc2VyIjoidGhvbWFzLmd1aWNoYXJkQGVwaXRlY2guZXUiLCJpZEVjb2xlIjoxLCJpYXQiOjE1NDg1OTM0NzQsImV4cCI6MTU0OTE5ODI3NH0.yE0XN4_rGgaStpaVCTAcb_pV_2SwMUawyXgWcIBKGKI', 'web'),
(366, 33, 'eyJhbGciOiJIUzI1NiIsInR5cCI6IkpXVCJ9.eyJpZFVzZXIiOjMzLCJ0eXBlVXNlciI6MiwiZW1haWxVc2VyIjoidGhvbWFzLmd1aWNoYXJkQGVwaXRlY2guZXUiLCJpZEVjb2xlIjoxLCJpYXQiOjE1NDg1OTM3NDksImV4cCI6MTU0OTE5ODU0OX0.OLrzJHQMqR1OZeFAwMFcIhRX9_ksHTnsKhtctJf1a1Q', 'web'),
(367, 33, 'eyJhbGciOiJIUzI1NiIsInR5cCI6IkpXVCJ9.eyJpZFVzZXIiOjMzLCJ0eXBlVXNlciI6MiwiZW1haWxVc2VyIjoidGhvbWFzLmd1aWNoYXJkQGVwaXRlY2guZXUiLCJpZEVjb2xlIjoxLCJpYXQiOjE1NDg1OTM4NjIsImV4cCI6MTU0OTE5ODY2Mn0.RO-_idNSQkdKL1_BJm3vmKitLFCd7DsSR_aUI_dRWfY', 'web'),
(368, 33, 'eyJhbGciOiJIUzI1NiIsInR5cCI6IkpXVCJ9.eyJpZFVzZXIiOjMzLCJ0eXBlVXNlciI6MiwiZW1haWxVc2VyIjoidGhvbWFzLmd1aWNoYXJkQGVwaXRlY2guZXUiLCJpZEVjb2xlIjoxLCJpYXQiOjE1NDg1OTM5NzIsImV4cCI6MTU0OTE5ODc3Mn0.nY7t_MtmmLwxGShKXExO_JH5GpPzj1K4wPcTKVBmdjg', 'web'),
(369, 33, 'eyJhbGciOiJIUzI1NiIsInR5cCI6IkpXVCJ9.eyJpZFVzZXIiOjMzLCJ0eXBlVXNlciI6MiwiZW1haWxVc2VyIjoidGhvbWFzLmd1aWNoYXJkQGVwaXRlY2guZXUiLCJpZEVjb2xlIjoxLCJpYXQiOjE1NDg1OTQwMTMsImV4cCI6MTU0OTE5ODgxM30.XCMSNlsSJNdnLkH_1iiE6i0DPWDDPnMHEZGdp2fcmfQ', 'web'),
(370, 33, 'eyJhbGciOiJIUzI1NiIsInR5cCI6IkpXVCJ9.eyJpZFVzZXIiOjMzLCJ0eXBlVXNlciI6MiwiZW1haWxVc2VyIjoidGhvbWFzLmd1aWNoYXJkQGVwaXRlY2guZXUiLCJpZEVjb2xlIjoxLCJpYXQiOjE1NDg1OTQwNzEsImV4cCI6MTU0OTE5ODg3MX0.JJAJS05XFfQP9XockCjnpEDAGOEXFEtJ8of2htvy16g', 'web'),
(371, 33, 'eyJhbGciOiJIUzI1NiIsInR5cCI6IkpXVCJ9.eyJpZFVzZXIiOjMzLCJ0eXBlVXNlciI6MiwiZW1haWxVc2VyIjoidGhvbWFzLmd1aWNoYXJkQGVwaXRlY2guZXUiLCJpZEVjb2xlIjoxLCJpYXQiOjE1NDg1OTQxNTEsImV4cCI6MTU0OTE5ODk1MX0.w_aZCNzhXr_Kfw0-PS2nAE-cxuV5Uxfg0V5kK9chNWg', 'web'),
(372, 33, 'eyJhbGciOiJIUzI1NiIsInR5cCI6IkpXVCJ9.eyJpZFVzZXIiOjMzLCJ0eXBlVXNlciI6MiwiZW1haWxVc2VyIjoidGhvbWFzLmd1aWNoYXJkQGVwaXRlY2guZXUiLCJpZEVjb2xlIjoxLCJpYXQiOjE1NDg1OTQyNjksImV4cCI6MTU0OTE5OTA2OX0.AxLIp7uR3TUBFYK_RDSH-71X73FqJBZbesNi6Nd06II', 'web'),
(373, 33, 'eyJhbGciOiJIUzI1NiIsInR5cCI6IkpXVCJ9.eyJpZFVzZXIiOjMzLCJ0eXBlVXNlciI6MiwiZW1haWxVc2VyIjoidGhvbWFzLmd1aWNoYXJkQGVwaXRlY2guZXUiLCJpZEVjb2xlIjoxLCJpYXQiOjE1NDg1OTQzMDQsImV4cCI6MTU0OTE5OTEwNH0.p_VpYc2jZyPuRqPYJOkvDhqg7qlEgZ7_bBXXFhzT3qo', 'web'),
(374, 33, 'eyJhbGciOiJIUzI1NiIsInR5cCI6IkpXVCJ9.eyJpZFVzZXIiOjMzLCJ0eXBlVXNlciI6MiwiZW1haWxVc2VyIjoidGhvbWFzLmd1aWNoYXJkQGVwaXRlY2guZXUiLCJpZEVjb2xlIjoxLCJpYXQiOjE1NDg1OTQzNDIsImV4cCI6MTU0OTE5OTE0Mn0.rb2grTLhy2ibFExW3WD2Wq3JyMUqMHXaiOKvegpxpYA', 'web'),
(375, 33, 'eyJhbGciOiJIUzI1NiIsInR5cCI6IkpXVCJ9.eyJpZFVzZXIiOjMzLCJ0eXBlVXNlciI6MiwiZW1haWxVc2VyIjoidGhvbWFzLmd1aWNoYXJkQGVwaXRlY2guZXUiLCJpZEVjb2xlIjoxLCJpYXQiOjE1NDg1OTQzOTEsImV4cCI6MTU0OTE5OTE5MX0.Iqxzbx5kJaOvtsjOOVm5QrQAKMCuxK3_LPJeWtkAnog', 'web'),
(376, 33, 'eyJhbGciOiJIUzI1NiIsInR5cCI6IkpXVCJ9.eyJpZFVzZXIiOjMzLCJ0eXBlVXNlciI6MiwiZW1haWxVc2VyIjoidGhvbWFzLmd1aWNoYXJkQGVwaXRlY2guZXUiLCJpZEVjb2xlIjoxLCJpYXQiOjE1NDg1OTQ0MjUsImV4cCI6MTU0OTE5OTIyNX0.muYjJEh7taqBKIs1f43IvTXQtt3bfUtkVF5QUudfPLo', 'web'),
(377, 33, 'eyJhbGciOiJIUzI1NiIsInR5cCI6IkpXVCJ9.eyJpZFVzZXIiOjMzLCJ0eXBlVXNlciI6MiwiZW1haWxVc2VyIjoidGhvbWFzLmd1aWNoYXJkQGVwaXRlY2guZXUiLCJpZEVjb2xlIjoxLCJpYXQiOjE1NDg1OTQ2MzgsImV4cCI6MTU0OTE5OTQzOH0.H5bXGyLTgd96E4zLUXBxsbvkwtbYwjsyNn4MFqqQCd0', 'web'),
(378, 33, 'eyJhbGciOiJIUzI1NiIsInR5cCI6IkpXVCJ9.eyJpZFVzZXIiOjMzLCJ0eXBlVXNlciI6MiwiZW1haWxVc2VyIjoidGhvbWFzLmd1aWNoYXJkQGVwaXRlY2guZXUiLCJpZEVjb2xlIjoxLCJpYXQiOjE1NDg1OTQ3MjIsImV4cCI6MTU0OTE5OTUyMn0.VordQFYqmAdVAT1PdyUwPbh9CSUuFCA0oQrDIDnknCI', 'web'),
(379, 33, 'eyJhbGciOiJIUzI1NiIsInR5cCI6IkpXVCJ9.eyJpZFVzZXIiOjMzLCJ0eXBlVXNlciI6MiwiZW1haWxVc2VyIjoidGhvbWFzLmd1aWNoYXJkQGVwaXRlY2guZXUiLCJpZEVjb2xlIjoxLCJpYXQiOjE1NDg1OTQ3NjYsImV4cCI6MTU0OTE5OTU2Nn0.SU3q1XK9bH7NiHdmR0lawUYcVBqPG4dD4D_KxvL-uxU', 'web'),
(380, 33, 'eyJhbGciOiJIUzI1NiIsInR5cCI6IkpXVCJ9.eyJpZFVzZXIiOjMzLCJ0eXBlVXNlciI6MiwiZW1haWxVc2VyIjoidGhvbWFzLmd1aWNoYXJkQGVwaXRlY2guZXUiLCJpZEVjb2xlIjoxLCJpYXQiOjE1NDg1OTQ4MTcsImV4cCI6MTU0OTE5OTYxN30.AI6IppAcEbMPbmL9eg0U7JIWPl7FrEKMA40r3-bDB5Q', 'web'),
(381, 33, 'eyJhbGciOiJIUzI1NiIsInR5cCI6IkpXVCJ9.eyJpZFVzZXIiOjMzLCJ0eXBlVXNlciI6MiwiZW1haWxVc2VyIjoidGhvbWFzLmd1aWNoYXJkQGVwaXRlY2guZXUiLCJpZEVjb2xlIjoxLCJpYXQiOjE1NDg1OTQ4MzksImV4cCI6MTU0OTE5OTYzOX0.tR2vEnZ-pDcxC46j9Yc56ij_m3CEITaWxwfhhlvjNzw', 'web'),
(382, 33, 'eyJhbGciOiJIUzI1NiIsInR5cCI6IkpXVCJ9.eyJpZFVzZXIiOjMzLCJ0eXBlVXNlciI6MiwiZW1haWxVc2VyIjoidGhvbWFzLmd1aWNoYXJkQGVwaXRlY2guZXUiLCJpZEVjb2xlIjoxLCJpYXQiOjE1NDg1OTQ4NjAsImV4cCI6MTU0OTE5OTY2MH0.tztk3AQpB-LraQC7vWfSnlchMiPydWauF1QtShdj_u8', 'web'),
(383, 33, 'eyJhbGciOiJIUzI1NiIsInR5cCI6IkpXVCJ9.eyJpZFVzZXIiOjMzLCJ0eXBlVXNlciI6MiwiZW1haWxVc2VyIjoidGhvbWFzLmd1aWNoYXJkQGVwaXRlY2guZXUiLCJpZEVjb2xlIjoxLCJpYXQiOjE1NDg1OTQ4OTEsImV4cCI6MTU0OTE5OTY5MX0.DmYVn5P9koG6ltI-f44h4vWl9KrpjGTU7Q4XKPIDeMQ', 'web'),
(384, 33, 'eyJhbGciOiJIUzI1NiIsInR5cCI6IkpXVCJ9.eyJpZFVzZXIiOjMzLCJ0eXBlVXNlciI6MiwiZW1haWxVc2VyIjoidGhvbWFzLmd1aWNoYXJkQGVwaXRlY2guZXUiLCJpZEVjb2xlIjoxLCJpYXQiOjE1NDg1OTQ5ODksImV4cCI6MTU0OTE5OTc4OX0.aVgsyuQ9_abPaQ-KnXBIpzUCaMikj_S5nqvMxDSh6l0', 'web'),
(385, 33, 'eyJhbGciOiJIUzI1NiIsInR5cCI6IkpXVCJ9.eyJpZFVzZXIiOjMzLCJ0eXBlVXNlciI6MiwiZW1haWxVc2VyIjoidGhvbWFzLmd1aWNoYXJkQGVwaXRlY2guZXUiLCJpZEVjb2xlIjoxLCJpYXQiOjE1NDg1OTUwNjYsImV4cCI6MTU0OTE5OTg2Nn0.9xCSe35qzwyx7UX6PxcDcrbXvuL1797e6mK6dferq3c', 'web'),
(386, 33, 'eyJhbGciOiJIUzI1NiIsInR5cCI6IkpXVCJ9.eyJpZFVzZXIiOjMzLCJ0eXBlVXNlciI6MiwiZW1haWxVc2VyIjoidGhvbWFzLmd1aWNoYXJkQGVwaXRlY2guZXUiLCJpZEVjb2xlIjoxLCJpYXQiOjE1NDg1OTUwODYsImV4cCI6MTU0OTE5OTg4Nn0.aeivp4Uru38lpxtkiWil3_02iaWy48uI3ljyLYLDed8', 'web'),
(387, 33, 'eyJhbGciOiJIUzI1NiIsInR5cCI6IkpXVCJ9.eyJpZFVzZXIiOjMzLCJ0eXBlVXNlciI6MiwiZW1haWxVc2VyIjoidGhvbWFzLmd1aWNoYXJkQGVwaXRlY2guZXUiLCJpZEVjb2xlIjoxLCJpYXQiOjE1NDg1OTUzNTMsImV4cCI6MTU0OTIwMDE1M30.XpxskOh1n9ss_suMB5ip8KK0--HAqfr78XK0VEEG2oI', 'web'),
(388, 33, 'eyJhbGciOiJIUzI1NiIsInR5cCI6IkpXVCJ9.eyJpZFVzZXIiOjMzLCJ0eXBlVXNlciI6MiwiZW1haWxVc2VyIjoidGhvbWFzLmd1aWNoYXJkQGVwaXRlY2guZXUiLCJpZEVjb2xlIjoxLCJpYXQiOjE1NDg1OTU0MzAsImV4cCI6MTU0OTIwMDIzMH0.PysuORXKy_LuoxAptDo-H79Lw8-NIsZgJOXDaL9hN14', 'web'),
(389, 33, 'eyJhbGciOiJIUzI1NiIsInR5cCI6IkpXVCJ9.eyJpZFVzZXIiOjMzLCJ0eXBlVXNlciI6MiwiZW1haWxVc2VyIjoidGhvbWFzLmd1aWNoYXJkQGVwaXRlY2guZXUiLCJpZEVjb2xlIjoxLCJpYXQiOjE1NDg1OTU0ODQsImV4cCI6MTU0OTIwMDI4NH0.8Ql_kDSVs61rthNiBhghXTcJxiFjTWJNXQmKjDmG5UU', 'web'),
(390, 33, 'eyJhbGciOiJIUzI1NiIsInR5cCI6IkpXVCJ9.eyJpZFVzZXIiOjMzLCJ0eXBlVXNlciI6MiwiZW1haWxVc2VyIjoidGhvbWFzLmd1aWNoYXJkQGVwaXRlY2guZXUiLCJpZEVjb2xlIjoxLCJpYXQiOjE1NDg1OTU1MzIsImV4cCI6MTU0OTIwMDMzMn0.x0md3gOdnajOuZDgpuqEc9NfpCWGl8n2j6X-iE94P8E', 'web'),
(391, 33, 'eyJhbGciOiJIUzI1NiIsInR5cCI6IkpXVCJ9.eyJpZFVzZXIiOjMzLCJ0eXBlVXNlciI6MiwiZW1haWxVc2VyIjoidGhvbWFzLmd1aWNoYXJkQGVwaXRlY2guZXUiLCJpZEVjb2xlIjoxLCJpYXQiOjE1NDg1OTU3NjIsImV4cCI6MTU0OTIwMDU2Mn0.Jdp7k3L756VHWzXMZgWsIpoA6mFJDRO4gDcIuhaY8WQ', 'web'),
(392, 33, 'eyJhbGciOiJIUzI1NiIsInR5cCI6IkpXVCJ9.eyJpZFVzZXIiOjMzLCJ0eXBlVXNlciI6MiwiZW1haWxVc2VyIjoidGhvbWFzLmd1aWNoYXJkQGVwaXRlY2guZXUiLCJpZEVjb2xlIjoxLCJpYXQiOjE1NDg1OTU4NjksImV4cCI6MTU0OTIwMDY2OX0.dDArSGV4ItcpikIxhv_QAU3We32wcVooWOnktje3_fg', 'web'),
(393, 33, 'eyJhbGciOiJIUzI1NiIsInR5cCI6IkpXVCJ9.eyJpZFVzZXIiOjMzLCJ0eXBlVXNlciI6MiwiZW1haWxVc2VyIjoidGhvbWFzLmd1aWNoYXJkQGVwaXRlY2guZXUiLCJpZEVjb2xlIjoxLCJpYXQiOjE1NDg1OTU5MjYsImV4cCI6MTU0OTIwMDcyNn0.QbGcDYFcbb2i7JSkDpwMPzeH0xDgF92bdpbL7G983lE', 'web'),
(394, 33, 'eyJhbGciOiJIUzI1NiIsInR5cCI6IkpXVCJ9.eyJpZFVzZXIiOjMzLCJ0eXBlVXNlciI6MiwiZW1haWxVc2VyIjoidGhvbWFzLmd1aWNoYXJkQGVwaXRlY2guZXUiLCJpZEVjb2xlIjoxLCJpYXQiOjE1NDg1OTU5NjEsImV4cCI6MTU0OTIwMDc2MX0.P_p59vyXUJRih_cLiWkQ2F4028pmmWnvpN4MqYyJ9Ng', 'web'),
(395, 33, 'eyJhbGciOiJIUzI1NiIsInR5cCI6IkpXVCJ9.eyJpZFVzZXIiOjMzLCJ0eXBlVXNlciI6MiwiZW1haWxVc2VyIjoidGhvbWFzLmd1aWNoYXJkQGVwaXRlY2guZXUiLCJpZEVjb2xlIjoxLCJpYXQiOjE1NDg1OTU5NzgsImV4cCI6MTU0OTIwMDc3OH0.XMuHaQbnjQdZ5wQbEvgp682UXHq9_ih9ZNijYy3JOKw', 'web'),
(396, 33, 'eyJhbGciOiJIUzI1NiIsInR5cCI6IkpXVCJ9.eyJpZFVzZXIiOjMzLCJ0eXBlVXNlciI6MiwiZW1haWxVc2VyIjoidGhvbWFzLmd1aWNoYXJkQGVwaXRlY2guZXUiLCJpZEVjb2xlIjoxLCJpYXQiOjE1NDg1OTU5OTcsImV4cCI6MTU0OTIwMDc5N30.Ga8CwTHiwkxlKhESFkYC-SesZWyXrLVTtEoQhgrQt08', 'web'),
(397, 33, 'eyJhbGciOiJIUzI1NiIsInR5cCI6IkpXVCJ9.eyJpZFVzZXIiOjMzLCJ0eXBlVXNlciI6MiwiZW1haWxVc2VyIjoidGhvbWFzLmd1aWNoYXJkQGVwaXRlY2guZXUiLCJpZEVjb2xlIjoxLCJpYXQiOjE1NDg1OTYyMDEsImV4cCI6MTU0OTIwMTAwMX0.8z10moXQtXQNdGghB2LaYbOeKc248iRWFRsC0HxzYi0', 'web'),
(398, 33, 'eyJhbGciOiJIUzI1NiIsInR5cCI6IkpXVCJ9.eyJpZFVzZXIiOjMzLCJ0eXBlVXNlciI6MiwiZW1haWxVc2VyIjoidGhvbWFzLmd1aWNoYXJkQGVwaXRlY2guZXUiLCJpZEVjb2xlIjoxLCJpYXQiOjE1NDg1OTYzNTEsImV4cCI6MTU0OTIwMTE1MX0.WUmdpa1kMbDSA8tODlOXcxrYrCxNVHTj8MNf2oLhbz0', 'web'),
(399, 33, 'eyJhbGciOiJIUzI1NiIsInR5cCI6IkpXVCJ9.eyJpZFVzZXIiOjMzLCJ0eXBlVXNlciI6MiwiZW1haWxVc2VyIjoidGhvbWFzLmd1aWNoYXJkQGVwaXRlY2guZXUiLCJpZEVjb2xlIjoxLCJpYXQiOjE1NDg1OTYzOTUsImV4cCI6MTU0OTIwMTE5NX0.-Jje48WqXU-u_trBXBe0xTNg0g7UrwgMegU3u7wJaU4', 'web'),
(400, 33, 'eyJhbGciOiJIUzI1NiIsInR5cCI6IkpXVCJ9.eyJpZFVzZXIiOjMzLCJ0eXBlVXNlciI6MiwiZW1haWxVc2VyIjoidGhvbWFzLmd1aWNoYXJkQGVwaXRlY2guZXUiLCJpZEVjb2xlIjoxLCJpYXQiOjE1NDg1OTY0MTgsImV4cCI6MTU0OTIwMTIxOH0.NcCm14nNuXN0aRXLfRt3jKX_g5awe7m2-3QcEMmRgkc', 'web'),
(401, 33, 'eyJhbGciOiJIUzI1NiIsInR5cCI6IkpXVCJ9.eyJpZFVzZXIiOjMzLCJ0eXBlVXNlciI6MiwiZW1haWxVc2VyIjoidGhvbWFzLmd1aWNoYXJkQGVwaXRlY2guZXUiLCJpZEVjb2xlIjoxLCJpYXQiOjE1NDg1OTY0MzYsImV4cCI6MTU0OTIwMTIzNn0.lE0oUlixPwcX3pTMguFJJIPyg6zLG_WEnVUb_a0QE4o', 'web'),
(402, 33, 'eyJhbGciOiJIUzI1NiIsInR5cCI6IkpXVCJ9.eyJpZFVzZXIiOjMzLCJ0eXBlVXNlciI6MiwiZW1haWxVc2VyIjoidGhvbWFzLmd1aWNoYXJkQGVwaXRlY2guZXUiLCJpZEVjb2xlIjoxLCJpYXQiOjE1NDg1OTY0NzQsImV4cCI6MTU0OTIwMTI3NH0.4sR1yUtb8xuQEuGz4DEkVpHD5T6WXUxGr2FKuZ-PQfY', 'web'),
(403, 33, 'eyJhbGciOiJIUzI1NiIsInR5cCI6IkpXVCJ9.eyJpZFVzZXIiOjMzLCJ0eXBlVXNlciI6MiwiZW1haWxVc2VyIjoidGhvbWFzLmd1aWNoYXJkQGVwaXRlY2guZXUiLCJpZEVjb2xlIjoxLCJpYXQiOjE1NDg1OTY1OTIsImV4cCI6MTU0OTIwMTM5Mn0._ZIRDjtrSGQb8WuLGpqXRYrYxeyWRNCqiQR1SEu4SME', 'web'),
(404, 33, 'eyJhbGciOiJIUzI1NiIsInR5cCI6IkpXVCJ9.eyJpZFVzZXIiOjMzLCJ0eXBlVXNlciI6MiwiZW1haWxVc2VyIjoidGhvbWFzLmd1aWNoYXJkQGVwaXRlY2guZXUiLCJpZEVjb2xlIjoxLCJpYXQiOjE1NDg1OTY2NDYsImV4cCI6MTU0OTIwMTQ0Nn0.uXN1iZ4MzQl2_HlYXUPL8gRobZCf1-eel3UymLAzAnc', 'web'),
(405, 33, 'eyJhbGciOiJIUzI1NiIsInR5cCI6IkpXVCJ9.eyJpZFVzZXIiOjMzLCJ0eXBlVXNlciI6MiwiZW1haWxVc2VyIjoidGhvbWFzLmd1aWNoYXJkQGVwaXRlY2guZXUiLCJpZEVjb2xlIjoxLCJpYXQiOjE1NDg1OTY2OTQsImV4cCI6MTU0OTIwMTQ5NH0.JESkYGp1bDkupy9o-qwZATLUs_ICL-ApIxFyqoH-NuQ', 'web'),
(406, 33, 'eyJhbGciOiJIUzI1NiIsInR5cCI6IkpXVCJ9.eyJpZFVzZXIiOjMzLCJ0eXBlVXNlciI6MiwiZW1haWxVc2VyIjoidGhvbWFzLmd1aWNoYXJkQGVwaXRlY2guZXUiLCJpZEVjb2xlIjoxLCJpYXQiOjE1NDg1OTY3NjYsImV4cCI6MTU0OTIwMTU2Nn0.oFbv6EgQ3bIncpR6r6SHGs_zIHLeEOQqFKqbTf3Ul1I', 'web'),
(407, 1, 'eyJhbGciOiJIUzI1NiIsInR5cCI6IkpXVCJ9.eyJpZFVzZXIiOjEsInR5cGVVc2VyIjoyLCJlbWFpbFVzZXIiOiJlbG9kaWUuYmVydGhhdWQxQGdtYWlsLmNvbSIsImlkRWNvbGUiOjEsImlhdCI6MTU0ODY5NzQ0MiwiZXhwIjoxNTQ5MzAyMjQyfQ.rFHHjzcvJ4zqEE2rdMU9X9iw_miUMlc3tiCy3MtH1rc', 'ios'),
(408, 1, 'eyJhbGciOiJIUzI1NiIsInR5cCI6IkpXVCJ9.eyJpZFVzZXIiOjEsInR5cGVVc2VyIjoyLCJlbWFpbFVzZXIiOiJlbG9kaWUuYmVydGhhdWQxQGdtYWlsLmNvbSIsImlkRWNvbGUiOjEsImlhdCI6MTU0ODcwMzg2NywiZXhwIjoxNTQ5MzA4NjY3fQ.sjxMXrgB1WF7JWhd3iGOHsEf8VVC-lM0WlysPPvLMOM', 'ios'),
(409, 33, 'eyJhbGciOiJIUzI1NiIsInR5cCI6IkpXVCJ9.eyJpZFVzZXIiOjMzLCJ0eXBlVXNlciI6MiwiZW1haWxVc2VyIjoidGhvbWFzLmd1aWNoYXJkQGVwaXRlY2guZXUiLCJpZEVjb2xlIjoxLCJpYXQiOjE1NDg3ODExMzgsImV4cCI6MTU0OTM4NTkzOH0.pNZfC7v5NVagWi76W6spw9WCg106eYOr40XZqjmnqs4', 'web'),
(410, 33, 'eyJhbGciOiJIUzI1NiIsInR5cCI6IkpXVCJ9.eyJpZFVzZXIiOjMzLCJ0eXBlVXNlciI6MiwiZW1haWxVc2VyIjoidGhvbWFzLmd1aWNoYXJkQGVwaXRlY2guZXUiLCJpZEVjb2xlIjoxLCJpYXQiOjE1NDg3ODU0NzUsImV4cCI6MTU0OTM5MDI3NX0.fGKzXI-siWADj9cife3W2F_2oQnRhzdTrzJIORwCYgI', 'web'),
(411, 33, 'eyJhbGciOiJIUzI1NiIsInR5cCI6IkpXVCJ9.eyJpZFVzZXIiOjMzLCJ0eXBlVXNlciI6MiwiZW1haWxVc2VyIjoidGhvbWFzLmd1aWNoYXJkQGVwaXRlY2guZXUiLCJpZEVjb2xlIjoxLCJpYXQiOjE1NDg3ODYwMTEsImV4cCI6MTU0OTM5MDgxMX0.WlJPOWm8iJnPONfsheU8zdTsiCX9_XxVybU0dQEFWO4', 'web'),
(412, 33, 'eyJhbGciOiJIUzI1NiIsInR5cCI6IkpXVCJ9.eyJpZFVzZXIiOjMzLCJ0eXBlVXNlciI6MiwiZW1haWxVc2VyIjoidGhvbWFzLmd1aWNoYXJkQGVwaXRlY2guZXUiLCJpZEVjb2xlIjoxLCJpYXQiOjE1NDg3ODYxMTksImV4cCI6MTU0OTM5MDkxOX0.LkGDBKQzqd_K4QHDXAcQSHxh22TqVJB3q1Zp11e093k', 'web'),
(413, 33, 'eyJhbGciOiJIUzI1NiIsInR5cCI6IkpXVCJ9.eyJpZFVzZXIiOjMzLCJ0eXBlVXNlciI6MiwiZW1haWxVc2VyIjoidGhvbWFzLmd1aWNoYXJkQGVwaXRlY2guZXUiLCJpZEVjb2xlIjoxLCJpYXQiOjE1NDg3ODYyNjEsImV4cCI6MTU0OTM5MTA2MX0.6IN5_FcbjkNhoNusFUTlkXVxS2l7EbAS9poigMTRvuw', 'web'),
(414, 33, 'eyJhbGciOiJIUzI1NiIsInR5cCI6IkpXVCJ9.eyJpZFVzZXIiOjMzLCJ0eXBlVXNlciI6MiwiZW1haWxVc2VyIjoidGhvbWFzLmd1aWNoYXJkQGVwaXRlY2guZXUiLCJpZEVjb2xlIjoxLCJpYXQiOjE1NDg3ODYzOTIsImV4cCI6MTU0OTM5MTE5Mn0.wHg00ZuDNLHI2KqRwp6xnm8A5P_4m0uRdmWt7R18MfE', 'web'),
(415, 33, 'eyJhbGciOiJIUzI1NiIsInR5cCI6IkpXVCJ9.eyJpZFVzZXIiOjMzLCJ0eXBlVXNlciI6MiwiZW1haWxVc2VyIjoidGhvbWFzLmd1aWNoYXJkQGVwaXRlY2guZXUiLCJpZEVjb2xlIjoxLCJpYXQiOjE1NDg3ODY0MzgsImV4cCI6MTU0OTM5MTIzOH0.d5v41G2FqIGs3zpwQ4taVayxdUAK2Uu8SQy2HtU98sM', 'web'),
(416, 33, 'eyJhbGciOiJIUzI1NiIsInR5cCI6IkpXVCJ9.eyJpZFVzZXIiOjMzLCJ0eXBlVXNlciI6MiwiZW1haWxVc2VyIjoidGhvbWFzLmd1aWNoYXJkQGVwaXRlY2guZXUiLCJpZEVjb2xlIjoxLCJpYXQiOjE1NDg3ODY1MjAsImV4cCI6MTU0OTM5MTMyMH0.Pi9TUZPjpvBLv2IOVYvJd6TcApKDwqjXc7nC3DdvzCk', 'web'),
(417, 33, 'eyJhbGciOiJIUzI1NiIsInR5cCI6IkpXVCJ9.eyJpZFVzZXIiOjMzLCJ0eXBlVXNlciI6MiwiZW1haWxVc2VyIjoidGhvbWFzLmd1aWNoYXJkQGVwaXRlY2guZXUiLCJpZEVjb2xlIjoxLCJpYXQiOjE1NDg3ODY1NzQsImV4cCI6MTU0OTM5MTM3NH0.4NZV8TmvtEmShK0U79FSVSKHApccwSMvSfp9bpHrrjo', 'web'),
(418, 33, 'eyJhbGciOiJIUzI1NiIsInR5cCI6IkpXVCJ9.eyJpZFVzZXIiOjMzLCJ0eXBlVXNlciI6MiwiZW1haWxVc2VyIjoidGhvbWFzLmd1aWNoYXJkQGVwaXRlY2guZXUiLCJpZEVjb2xlIjoxLCJpYXQiOjE1NDg3ODY1OTMsImV4cCI6MTU0OTM5MTM5M30.G31GfdfYTO1bG6-SKtsl3Ia3VtJov8qTotSPOO3yR_c', 'web'),
(419, 33, 'eyJhbGciOiJIUzI1NiIsInR5cCI6IkpXVCJ9.eyJpZFVzZXIiOjMzLCJ0eXBlVXNlciI6MiwiZW1haWxVc2VyIjoidGhvbWFzLmd1aWNoYXJkQGVwaXRlY2guZXUiLCJpZEVjb2xlIjoxLCJpYXQiOjE1NDg3ODY2NDUsImV4cCI6MTU0OTM5MTQ0NX0.RD-R31h2Fy95_DrmRJcjbM4uaNQyCeD9I7rGYZ53700', 'web'),
(420, 33, 'eyJhbGciOiJIUzI1NiIsInR5cCI6IkpXVCJ9.eyJpZFVzZXIiOjMzLCJ0eXBlVXNlciI6MiwiZW1haWxVc2VyIjoidGhvbWFzLmd1aWNoYXJkQGVwaXRlY2guZXUiLCJpZEVjb2xlIjoxLCJpYXQiOjE1NDg3ODY3NzgsImV4cCI6MTU0OTM5MTU3OH0.eDZFOeYmR50zVdc8wZnLe2bYwlwLJTC8oqCiWu7VDQ4', 'web'),
(421, 33, 'eyJhbGciOiJIUzI1NiIsInR5cCI6IkpXVCJ9.eyJpZFVzZXIiOjMzLCJ0eXBlVXNlciI6MiwiZW1haWxVc2VyIjoidGhvbWFzLmd1aWNoYXJkQGVwaXRlY2guZXUiLCJpZEVjb2xlIjoxLCJpYXQiOjE1NDg3ODY4MTAsImV4cCI6MTU0OTM5MTYxMH0.LFfS5UK_9Q4B10RcQRCfQkfRCiNcwwhC3gTsUnCnSMU', 'web'),
(422, 33, 'eyJhbGciOiJIUzI1NiIsInR5cCI6IkpXVCJ9.eyJpZFVzZXIiOjMzLCJ0eXBlVXNlciI6MiwiZW1haWxVc2VyIjoidGhvbWFzLmd1aWNoYXJkQGVwaXRlY2guZXUiLCJpZEVjb2xlIjoxLCJpYXQiOjE1NDg3ODY4NDgsImV4cCI6MTU0OTM5MTY0OH0.PiHOApFzlKDb4FdvJQytGbDGrf2fZR0WmtOFiDid5MA', 'web'),
(423, 33, 'eyJhbGciOiJIUzI1NiIsInR5cCI6IkpXVCJ9.eyJpZFVzZXIiOjMzLCJ0eXBlVXNlciI6MiwiZW1haWxVc2VyIjoidGhvbWFzLmd1aWNoYXJkQGVwaXRlY2guZXUiLCJpZEVjb2xlIjoxLCJpYXQiOjE1NDg3ODY4ODQsImV4cCI6MTU0OTM5MTY4NH0.jVnsyia3LrYw-EtvXwMeESOOGR9Z-HZtEE5-qlsdflI', 'web'),
(424, 33, 'eyJhbGciOiJIUzI1NiIsInR5cCI6IkpXVCJ9.eyJpZFVzZXIiOjMzLCJ0eXBlVXNlciI6MiwiZW1haWxVc2VyIjoidGhvbWFzLmd1aWNoYXJkQGVwaXRlY2guZXUiLCJpZEVjb2xlIjoxLCJpYXQiOjE1NDg3ODcwMTIsImV4cCI6MTU0OTM5MTgxMn0.gr8q8zP93nwnyvNKL32HiOaCK-ZvSKb0xj_kStcXbrE', 'web'),
(425, 33, 'eyJhbGciOiJIUzI1NiIsInR5cCI6IkpXVCJ9.eyJpZFVzZXIiOjMzLCJ0eXBlVXNlciI6MiwiZW1haWxVc2VyIjoidGhvbWFzLmd1aWNoYXJkQGVwaXRlY2guZXUiLCJpZEVjb2xlIjoxLCJpYXQiOjE1NDg3ODc0MzEsImV4cCI6MTU0OTM5MjIzMX0.fo6XY_GMV5D8A5SV4HR6PkO-_gWRH4A60-adCQvD6vo', 'web'),
(426, 31, 'eyJhbGciOiJIUzI1NiIsInR5cCI6IkpXVCJ9.eyJpZFVzZXIiOjMxLCJ0eXBlVXNlciI6MSwiZW1haWxVc2VyIjoibGF1cmlhbmUuZm91cmNhZGVAc21nbC5mciIsImlkRWNvbGUiOjEsImlhdCI6MTU0ODc5MDY1OSwiZXhwIjoxNTQ5Mzk1NDU5fQ.Ovb6JKyNFAPqn8vYXoYPc9m5WwEbvmXIpKN5CDs0PHs', 'android'),
(427, 33, 'eyJhbGciOiJIUzI1NiIsInR5cCI6IkpXVCJ9.eyJpZFVzZXIiOjMzLCJ0eXBlVXNlciI6MiwiZW1haWxVc2VyIjoidGhvbWFzLmd1aWNoYXJkQGVwaXRlY2guZXUiLCJpZEVjb2xlIjoxLCJpYXQiOjE1NDg3OTA3MjEsImV4cCI6MTU0OTM5NTUyMX0.ArHoQTwnv26KhKE8PGSw1Tf9jLfjDGoB8UvfeQ9VyG0', 'web'),
(428, 33, 'eyJhbGciOiJIUzI1NiIsInR5cCI6IkpXVCJ9.eyJpZFVzZXIiOjMzLCJ0eXBlVXNlciI6MiwiZW1haWxVc2VyIjoidGhvbWFzLmd1aWNoYXJkQGVwaXRlY2guZXUiLCJpZEVjb2xlIjoxLCJpYXQiOjE1NDkxMTkxMDMsImV4cCI6MTU0OTcyMzkwM30.T1lrNKY4Kg-LdYcAx_Nm48ds09G86gFAXqx2GzEb-Ts', 'web'),
(429, 33, 'eyJhbGciOiJIUzI1NiIsInR5cCI6IkpXVCJ9.eyJpZFVzZXIiOjMzLCJ0eXBlVXNlciI6MiwiZW1haWxVc2VyIjoidGhvbWFzLmd1aWNoYXJkQGVwaXRlY2guZXUiLCJpZEVjb2xlIjoxLCJpYXQiOjE1NDkxMjEzNzcsImV4cCI6MTU0OTcyNjE3N30.ur4t_qSXN0440PSBLG45mvPYTfkv8FNw9OBOYzkolFA', 'web'),
(430, 33, 'eyJhbGciOiJIUzI1NiIsInR5cCI6IkpXVCJ9.eyJpZFVzZXIiOjMzLCJ0eXBlVXNlciI6MiwiZW1haWxVc2VyIjoidGhvbWFzLmd1aWNoYXJkQGVwaXRlY2guZXUiLCJpZEVjb2xlIjoxLCJpYXQiOjE1NDkxMjE1NDgsImV4cCI6MTU0OTcyNjM0OH0.sZSGHORTRmSWUEUsbTuRT1CaqEy43IQzaY5wXrmyEtE', 'web'),
(431, 33, 'eyJhbGciOiJIUzI1NiIsInR5cCI6IkpXVCJ9.eyJpZFVzZXIiOjMzLCJ0eXBlVXNlciI6MiwiZW1haWxVc2VyIjoidGhvbWFzLmd1aWNoYXJkQGVwaXRlY2guZXUiLCJpZEVjb2xlIjoxLCJpYXQiOjE1NDkxMjE2NDUsImV4cCI6MTU0OTcyNjQ0NX0.f8gbNqlHTr2qm7TDOACPVU4uLdFhJPB_2-eEKTGoJbo', 'web'),
(432, 33, 'eyJhbGciOiJIUzI1NiIsInR5cCI6IkpXVCJ9.eyJpZFVzZXIiOjMzLCJ0eXBlVXNlciI6MiwiZW1haWxVc2VyIjoidGhvbWFzLmd1aWNoYXJkQGVwaXRlY2guZXUiLCJpZEVjb2xlIjoxLCJpYXQiOjE1NDkxMjIxNzYsImV4cCI6MTU0OTcyNjk3Nn0.iHMR8lpv9Sj1m4TRpLAxEwsUgLzO05FiPIHKAYeNeug', 'web'),
(433, 33, 'eyJhbGciOiJIUzI1NiIsInR5cCI6IkpXVCJ9.eyJpZFVzZXIiOjMzLCJ0eXBlVXNlciI6MiwiZW1haWxVc2VyIjoidGhvbWFzLmd1aWNoYXJkQGVwaXRlY2guZXUiLCJpZEVjb2xlIjoxLCJpYXQiOjE1NDkxMjkxNTEsImV4cCI6MTU0OTczMzk1MX0.F8ZD4cDbk3IFQOeFibhl19SA2Ve6H5wZaTpvLKI8Lfo', 'web'),
(434, 1, 'eyJhbGciOiJIUzI1NiIsInR5cCI6IkpXVCJ9.eyJpZFVzZXIiOjEsInR5cGVVc2VyIjoyLCJlbWFpbFVzZXIiOiJlbG9kaWUuYmVydGhhdWQxQGdtYWlsLmNvbSIsImlkRWNvbGUiOjEsImlhdCI6MTU0OTQ1MDg2OCwiZXhwIjoxNTUwMDU1NjY4fQ.x8ABzzZyUfZ9_2meXUlfPlwdO7xp8LFZ3ris9fngRzw', 'ios'),
(435, 31, 'eyJhbGciOiJIUzI1NiIsInR5cCI6IkpXVCJ9.eyJpZFVzZXIiOjMxLCJ0eXBlVXNlciI6MSwiZW1haWxVc2VyIjoibGF1cmlhbmUuZm91cmNhZGVAc21nbC5mciIsImlkRWNvbGUiOjEsImlhdCI6MTU0OTQ1MjcxOSwiZXhwIjoxNTUwMDU3NTE5fQ.MA5jxcP0koabA8dTTv4qEN_bILQ4x9dqZgDSzLW8zdI', 'android'),
(436, 1, 'eyJhbGciOiJIUzI1NiIsInR5cCI6IkpXVCJ9.eyJpZFVzZXIiOjEsInR5cGVVc2VyIjoyLCJlbWFpbFVzZXIiOiJlbG9kaWUuYmVydGhhdWQxQGdtYWlsLmNvbSIsImlkRWNvbGUiOjEsImlhdCI6MTU0OTQ1Mjc0NywiZXhwIjoxNTUwMDU3NTQ3fQ.hPK5iCVSDjkfddYNPJ6WWbC0VmOb4lh47Errn-HAbg4', 'ios'),
(437, 31, 'eyJhbGciOiJIUzI1NiIsInR5cCI6IkpXVCJ9.eyJpZFVzZXIiOjMxLCJ0eXBlVXNlciI6MSwiZW1haWxVc2VyIjoibGF1cmlhbmUuZm91cmNhZGVAc21nbC5mciIsImlkRWNvbGUiOjEsImlhdCI6MTU0OTQ1NzY4MCwiZXhwIjoxNTUwMDYyNDgwfQ.S4A4FJPAQu5C4ap3nX54cGaUdDQNeJb52_2Lm5iZ9e4', 'android'),
(438, 1, 'eyJhbGciOiJIUzI1NiIsInR5cCI6IkpXVCJ9.eyJpZFVzZXIiOjEsInR5cGVVc2VyIjoyLCJlbWFpbFVzZXIiOiJlbG9kaWUuYmVydGhhdWQxQGdtYWlsLmNvbSIsImlkRWNvbGUiOjEsImlhdCI6MTU0OTQ1ODAyMywiZXhwIjoxNTUwMDYyODIzfQ.LheQ7g2IFKeS_4ez6V73Kqo0G-3VllZa4swUhs5nccY', 'ios'),
(439, 31, 'eyJhbGciOiJIUzI1NiIsInR5cCI6IkpXVCJ9.eyJpZFVzZXIiOjMxLCJ0eXBlVXNlciI6MSwiZW1haWxVc2VyIjoibGF1cmlhbmUuZm91cmNhZGVAc21nbC5mciIsImlkRWNvbGUiOjEsImlhdCI6MTU0OTQ1ODQzMCwiZXhwIjoxNTUwMDYzMjMwfQ.TipTNp09AFmXVo-MT5GUa7PoEMaSE1fBeb3yW6O-dJI', 'android'),
(440, 1, 'eyJhbGciOiJIUzI1NiIsInR5cCI6IkpXVCJ9.eyJpZFVzZXIiOjEsInR5cGVVc2VyIjoyLCJlbWFpbFVzZXIiOiJlbG9kaWUuYmVydGhhdWQxQGdtYWlsLmNvbSIsImlkRWNvbGUiOjEsImlhdCI6MTU0OTQ1ODQ1MSwiZXhwIjoxNTUwMDYzMjUxfQ.UJV-PgbcxI8VxJuA3mbGmQVMrEmKEqCt5RY-P4IDlpY', 'ios'),
(441, 31, 'eyJhbGciOiJIUzI1NiIsInR5cCI6IkpXVCJ9.eyJpZFVzZXIiOjMxLCJ0eXBlVXNlciI6MSwiZW1haWxVc2VyIjoibGF1cmlhbmUuZm91cmNhZGVAc21nbC5mciIsImlkRWNvbGUiOjEsImlhdCI6MTU0OTQ1OTI4MiwiZXhwIjoxNTUwMDY0MDgyfQ.tsmtWs9qoBJpWNEhRXW-3aE5JrpyrFvfW2HYKZ-NW5w', 'android'),
(442, 1, 'eyJhbGciOiJIUzI1NiIsInR5cCI6IkpXVCJ9.eyJpZFVzZXIiOjEsInR5cGVVc2VyIjoyLCJlbWFpbFVzZXIiOiJlbG9kaWUuYmVydGhhdWQxQGdtYWlsLmNvbSIsImlkRWNvbGUiOjEsImlhdCI6MTU0OTQ1OTMxNSwiZXhwIjoxNTUwMDY0MTE1fQ.iMgEAVr5UKz3fUpSB7pZUkzb5aZ-Uxzmqm-B1F1mooA', 'ios'),
(443, 1, 'eyJhbGciOiJIUzI1NiIsInR5cCI6IkpXVCJ9.eyJpZFVzZXIiOjEsInR5cGVVc2VyIjoyLCJlbWFpbFVzZXIiOiJlbG9kaWUuYmVydGhhdWQxQGdtYWlsLmNvbSIsImlkRWNvbGUiOjEsImlhdCI6MTU0OTQ1OTU4OSwiZXhwIjoxNTUwMDY0Mzg5fQ.boqdQqaK2RDZQlR9eTxHEyeeoRXoSw2E0Cu1i5zjB8o', 'ios'),
(444, 1, 'eyJhbGciOiJIUzI1NiIsInR5cCI6IkpXVCJ9.eyJpZFVzZXIiOjEsInR5cGVVc2VyIjoyLCJlbWFpbFVzZXIiOiJlbG9kaWUuYmVydGhhdWQxQGdtYWlsLmNvbSIsImlkRWNvbGUiOjEsImlhdCI6MTU0OTQ1OTcxNiwiZXhwIjoxNTUwMDY0NTE2fQ.VkqegRPXc2wPQ6CCtcByKxCuviuIIZNeTPnu6EOQnpI', 'ios'),
(445, 1, 'eyJhbGciOiJIUzI1NiIsInR5cCI6IkpXVCJ9.eyJpZFVzZXIiOjEsInR5cGVVc2VyIjoyLCJlbWFpbFVzZXIiOiJlbG9kaWUuYmVydGhhdWQxQGdtYWlsLmNvbSIsImlkRWNvbGUiOjEsImlhdCI6MTU0OTQ1OTcyOSwiZXhwIjoxNTUwMDY0NTI5fQ.nLfSxLlJrEXaCtKqYFoXB1aTDQszjqrZ0pY1aWCn0No', 'ios'),
(446, 1, 'eyJhbGciOiJIUzI1NiIsInR5cCI6IkpXVCJ9.eyJpZFVzZXIiOjEsInR5cGVVc2VyIjoyLCJlbWFpbFVzZXIiOiJlbG9kaWUuYmVydGhhdWQxQGdtYWlsLmNvbSIsImlkRWNvbGUiOjEsImlhdCI6MTU0OTQ2MDUzNSwiZXhwIjoxNTUwMDY1MzM1fQ.opd27ZJafd6qKDizWLSh-hLwrmamIcrglbF0KmCMWpo', 'ios'),
(447, 1, 'eyJhbGciOiJIUzI1NiIsInR5cCI6IkpXVCJ9.eyJpZFVzZXIiOjEsInR5cGVVc2VyIjoyLCJlbWFpbFVzZXIiOiJlbG9kaWUuYmVydGhhdWQxQGdtYWlsLmNvbSIsImlkRWNvbGUiOjEsImlhdCI6MTU0OTQ2MDU1NiwiZXhwIjoxNTUwMDY1MzU2fQ.4MRX46aIOy09431URhC3VUjZwn3QJrSsLEOGX-oYeOg', 'ios'),
(448, 1, 'eyJhbGciOiJIUzI1NiIsInR5cCI6IkpXVCJ9.eyJpZFVzZXIiOjEsInR5cGVVc2VyIjoyLCJlbWFpbFVzZXIiOiJlbG9kaWUuYmVydGhhdWQxQGdtYWlsLmNvbSIsImlkRWNvbGUiOjEsImlhdCI6MTU0OTQ2MDU5OSwiZXhwIjoxNTUwMDY1Mzk5fQ.udif_B7VXq7Pehsj93m5VEPrIfvhPilK3z9myr7tK_A', 'ios'),
(449, 1, 'eyJhbGciOiJIUzI1NiIsInR5cCI6IkpXVCJ9.eyJpZFVzZXIiOjEsInR5cGVVc2VyIjoyLCJlbWFpbFVzZXIiOiJlbG9kaWUuYmVydGhhdWQxQGdtYWlsLmNvbSIsImlkRWNvbGUiOjEsImlhdCI6MTU0OTQ2MDY0MSwiZXhwIjoxNTUwMDY1NDQxfQ.-BsWweqzfVhbQYamoWVm_mPBR2JRlivq1VteGjEvldw', 'ios'),
(450, 1, 'eyJhbGciOiJIUzI1NiIsInR5cCI6IkpXVCJ9.eyJpZFVzZXIiOjEsInR5cGVVc2VyIjoyLCJlbWFpbFVzZXIiOiJlbG9kaWUuYmVydGhhdWQxQGdtYWlsLmNvbSIsImlkRWNvbGUiOjEsImlhdCI6MTU0OTQ2MDY1MCwiZXhwIjoxNTUwMDY1NDUwfQ.9-V_U25_2Xaa468lC0vIi5OMNWDfYIz9tR0avvj3fdM', 'ios'),
(451, 1, 'eyJhbGciOiJIUzI1NiIsInR5cCI6IkpXVCJ9.eyJpZFVzZXIiOjEsInR5cGVVc2VyIjoyLCJlbWFpbFVzZXIiOiJlbG9kaWUuYmVydGhhdWQxQGdtYWlsLmNvbSIsImlkRWNvbGUiOjEsImlhdCI6MTU0OTQ2MTA3NSwiZXhwIjoxNTUwMDY1ODc1fQ.quZ593mwdTL5nPF8RDOFtUdLOEROXOj2hHbn8xWbass', 'ios'),
(452, 1, 'eyJhbGciOiJIUzI1NiIsInR5cCI6IkpXVCJ9.eyJpZFVzZXIiOjEsInR5cGVVc2VyIjoyLCJlbWFpbFVzZXIiOiJlbG9kaWUuYmVydGhhdWQxQGdtYWlsLmNvbSIsImlkRWNvbGUiOjEsImlhdCI6MTU0OTQ2MTExOCwiZXhwIjoxNTUwMDY1OTE4fQ.P8UQrUe2uMuRjM8lbIR5N277-Dp06hz-sPDIUFAMmgs', 'ios'),
(453, 1, 'eyJhbGciOiJIUzI1NiIsInR5cCI6IkpXVCJ9.eyJpZFVzZXIiOjEsInR5cGVVc2VyIjoyLCJlbWFpbFVzZXIiOiJlbG9kaWUuYmVydGhhdWQxQGdtYWlsLmNvbSIsImlkRWNvbGUiOjEsImlhdCI6MTU0OTQ2MTEzMCwiZXhwIjoxNTUwMDY1OTMwfQ.Kht0EYNZi1y07jCcZJaabQHmw2B4Q7WrNO9DL_cqN98', 'ios'),
(454, 1, 'eyJhbGciOiJIUzI1NiIsInR5cCI6IkpXVCJ9.eyJpZFVzZXIiOjEsInR5cGVVc2VyIjoyLCJlbWFpbFVzZXIiOiJlbG9kaWUuYmVydGhhdWQxQGdtYWlsLmNvbSIsImlkRWNvbGUiOjEsImlhdCI6MTU0OTQ2NTg3NiwiZXhwIjoxNTUwMDcwNjc2fQ.C71VXIAFUTU72jjPrkNn_2EAgSZpJSR8XnoWQ3hltoQ', 'ios'),
(455, 33, 'eyJhbGciOiJIUzI1NiIsInR5cCI6IkpXVCJ9.eyJpZFVzZXIiOjMzLCJ0eXBlVXNlciI6MiwiZW1haWxVc2VyIjoidGhvbWFzLmd1aWNoYXJkQGVwaXRlY2guZXUiLCJpZEVjb2xlIjoxLCJpYXQiOjE1NDk0ODA3MDYsImV4cCI6MTU1MDA4NTUwNn0.k9V64kINi7Wd6xnZGrFe-QbeL15_kYf7PRggVzG-geI', 'web'),
(456, 1, 'eyJhbGciOiJIUzI1NiIsInR5cCI6IkpXVCJ9.eyJpZFVzZXIiOjEsInR5cGVVc2VyIjoyLCJlbWFpbFVzZXIiOiJlbG9kaWUuYmVydGhhdWQxQGdtYWlsLmNvbSIsImlkRWNvbGUiOjEsImlhdCI6MTU0OTUyNzcwMywiZXhwIjoxNTUwMTMyNTAzfQ.TnsCkQIJEHUFJ_kneo_hyD-_-p5B-QQCovNvUxnbcOU', 'ios'),
(457, 1, 'eyJhbGciOiJIUzI1NiIsInR5cCI6IkpXVCJ9.eyJpZFVzZXIiOjEsInR5cGVVc2VyIjoyLCJlbWFpbFVzZXIiOiJlbG9kaWUuYmVydGhhdWQxQGdtYWlsLmNvbSIsImlkRWNvbGUiOjEsImlhdCI6MTU0OTUyNzc0MywiZXhwIjoxNTUwMTMyNTQzfQ.WATzFK4XBiTLQUM3tcj1vTY2V7587FtJ6JrAg_adjCA', 'ios'),
(458, 1, 'eyJhbGciOiJIUzI1NiIsInR5cCI6IkpXVCJ9.eyJpZFVzZXIiOjEsInR5cGVVc2VyIjoyLCJlbWFpbFVzZXIiOiJlbG9kaWUuYmVydGhhdWQxQGdtYWlsLmNvbSIsImlkRWNvbGUiOjEsImlhdCI6MTU0OTUyNzc2MCwiZXhwIjoxNTUwMTMyNTYwfQ.VeafeB2g2SS3VMRwLzxYLDTKTkc-RPuy1SP4U-RbKec', 'ios'),
(459, 31, 'eyJhbGciOiJIUzI1NiIsInR5cCI6IkpXVCJ9.eyJpZFVzZXIiOjMxLCJ0eXBlVXNlciI6MSwiZW1haWxVc2VyIjoibGF1cmlhbmUuZm91cmNhZGVAc21nbC5mciIsImlkRWNvbGUiOjEsImlhdCI6MTU0OTUyNzc2NSwiZXhwIjoxNTUwMTMyNTY1fQ.coPtM5ysdcefaAlD2IY2UEwH1iHkDzMhVeWR_viBIlw', 'android'),
(460, 1, 'eyJhbGciOiJIUzI1NiIsInR5cCI6IkpXVCJ9.eyJpZFVzZXIiOjEsInR5cGVVc2VyIjoyLCJlbWFpbFVzZXIiOiJlbG9kaWUuYmVydGhhdWQxQGdtYWlsLmNvbSIsImlkRWNvbGUiOjEsImlhdCI6MTU0OTUyNzg2OCwiZXhwIjoxNTUwMTMyNjY4fQ.x3We6Eh-UpsaiTLWFkg5B2jm_h3ukxfUWN6CTAemR4A', 'ios'),
(461, 1, 'eyJhbGciOiJIUzI1NiIsInR5cCI6IkpXVCJ9.eyJpZFVzZXIiOjEsInR5cGVVc2VyIjoyLCJlbWFpbFVzZXIiOiJlbG9kaWUuYmVydGhhdWQxQGdtYWlsLmNvbSIsImlkRWNvbGUiOjEsImlhdCI6MTU0OTUyNzkxOSwiZXhwIjoxNTUwMTMyNzE5fQ.Ic0YlWgG5BmQ4zVi7D3RJJAJtFcn8Q_IoLXAUq_vmK8', 'ios'),
(462, 31, 'eyJhbGciOiJIUzI1NiIsInR5cCI6IkpXVCJ9.eyJpZFVzZXIiOjMxLCJ0eXBlVXNlciI6MSwiZW1haWxVc2VyIjoibGF1cmlhbmUuZm91cmNhZGVAc21nbC5mciIsImlkRWNvbGUiOjEsImlhdCI6MTU0OTUyODM1MiwiZXhwIjoxNTUwMTMzMTUyfQ.HFA5ZOqKsXgnIym-4BFz2aBgkBjJJv99RXketwM5Qiw', 'android'),
(463, 1, 'eyJhbGciOiJIUzI1NiIsInR5cCI6IkpXVCJ9.eyJpZFVzZXIiOjEsInR5cGVVc2VyIjoyLCJlbWFpbFVzZXIiOiJlbG9kaWUuYmVydGhhdWQxQGdtYWlsLmNvbSIsImlkRWNvbGUiOjEsImlhdCI6MTU0OTUyODM2OCwiZXhwIjoxNTUwMTMzMTY4fQ.aHoP2Ur7-x3vb4kx0nKa1MZuZWJtJy-L29DSbaWYtL8', 'ios'),
(464, 31, 'eyJhbGciOiJIUzI1NiIsInR5cCI6IkpXVCJ9.eyJpZFVzZXIiOjMxLCJ0eXBlVXNlciI6MSwiZW1haWxVc2VyIjoibGF1cmlhbmUuZm91cmNhZGVAc21nbC5mciIsImlkRWNvbGUiOjEsImlhdCI6MTU0OTUzMjUxMCwiZXhwIjoxNTUwMTM3MzEwfQ.Lc10eFWTcUvsm-PewJXxKB0TAMPlSLTd1F1F2uh1_vk', 'android'),
(465, 1, 'eyJhbGciOiJIUzI1NiIsInR5cCI6IkpXVCJ9.eyJpZFVzZXIiOjEsInR5cGVVc2VyIjoyLCJlbWFpbFVzZXIiOiJlbG9kaWUuYmVydGhhdWQxQGdtYWlsLmNvbSIsImlkRWNvbGUiOjEsImlhdCI6MTU0OTUzNjcwMCwiZXhwIjoxNTUwMTQxNTAwfQ.W7JUXIf1xdQWxSPKeKfUezqSVkIWeJMAvk33U1gtXTE', 'ios'),
(466, 1, 'eyJhbGciOiJIUzI1NiIsInR5cCI6IkpXVCJ9.eyJpZFVzZXIiOjEsInR5cGVVc2VyIjoyLCJlbWFpbFVzZXIiOiJlbG9kaWUuYmVydGhhdWQxQGdtYWlsLmNvbSIsImlkRWNvbGUiOjEsImlhdCI6MTU0OTUzNjk4NywiZXhwIjoxNTUwMTQxNzg3fQ.wrw5ZUuzHXZGdjGX9tWDX8ZCTw_7gvbvlwI6xU8sJ6Y', 'ios'),
(467, 1, 'eyJhbGciOiJIUzI1NiIsInR5cCI6IkpXVCJ9.eyJpZFVzZXIiOjEsInR5cGVVc2VyIjoyLCJlbWFpbFVzZXIiOiJlbG9kaWUuYmVydGhhdWQxQGdtYWlsLmNvbSIsImlkRWNvbGUiOjEsImlhdCI6MTU0OTU0Mjg5MywiZXhwIjoxNTUwMTQ3NjkzfQ.iNjYXbWKaCjK1mhSFLqKyd3jjaMhPTw-ROJpB1X7_Xc', 'ios'),
(468, 1, 'eyJhbGciOiJIUzI1NiIsInR5cCI6IkpXVCJ9.eyJpZFVzZXIiOjEsInR5cGVVc2VyIjoyLCJlbWFpbFVzZXIiOiJlbG9kaWUuYmVydGhhdWQxQGdtYWlsLmNvbSIsImlkRWNvbGUiOjEsImlhdCI6MTU0OTU0Mjk2MywiZXhwIjoxNTUwMTQ3NzYzfQ.Vgj0c0VTnOCvLjgqgbb8calrOMc22-5W1IdTwSZXkCY', 'ios'),
(469, 36, 'eyJhbGciOiJIUzI1NiIsInR5cCI6IkpXVCJ9.eyJpZFVzZXIiOjM2LCJ0eXBlVXNlciI6MSwiZW1haWxVc2VyIjoiZWxvZGllZHVuZXRlc3RAZ21haWwuY29tIiwiaWRFY29sZSI6MSwiaWF0IjoxNTQ5NTQ0MDc2LCJleHAiOjE1NTAxNDg4NzZ9.AoL1NQ9uvKn6lR-YBKSefc-2SMCJQXIn5mp86bdOQNU', 'web'),
(470, 1, 'eyJhbGciOiJIUzI1NiIsInR5cCI6IkpXVCJ9.eyJpZFVzZXIiOjEsInR5cGVVc2VyIjoyLCJlbWFpbFVzZXIiOiJlbG9kaWUuYmVydGhhdWQxQGdtYWlsLmNvbSIsImlkRWNvbGUiOjEsImlhdCI6MTU0OTU0NDEyMSwiZXhwIjoxNTUwMTQ4OTIxfQ.2U9VR2lSdh3HqIEnwunvKxTFUUu-btd23QXcOH7p21k', 'ios'),
(471, 36, 'eyJhbGciOiJIUzI1NiIsInR5cCI6IkpXVCJ9.eyJpZFVzZXIiOjM2LCJ0eXBlVXNlciI6MSwiZW1haWxVc2VyIjoiZWxvZGllZHVuZXRlc3RAZ21haWwuY29tIiwiaWRFY29sZSI6MSwiaWF0IjoxNTQ5NTQ0MzY5LCJleHAiOjE1NTAxNDkxNjl9.Rz3493SWpaS9h6T7LM3Ka3_ZQh12zlC0ZGAIsUGnkns', 'web'),
(472, 1, 'eyJhbGciOiJIUzI1NiIsInR5cCI6IkpXVCJ9.eyJpZFVzZXIiOjEsInR5cGVVc2VyIjoyLCJlbWFpbFVzZXIiOiJlbG9kaWUuYmVydGhhdWQxQGdtYWlsLmNvbSIsImlkRWNvbGUiOjEsImlhdCI6MTU0OTU0NDQwOSwiZXhwIjoxNTUwMTQ5MjA5fQ.GwXlIjtdfYMLftfym_r0aZ5L50w7MbRBgKilTfEVGnY', 'ios'),
(473, 36, 'eyJhbGciOiJIUzI1NiIsInR5cCI6IkpXVCJ9.eyJpZFVzZXIiOjM2LCJ0eXBlVXNlciI6MSwiZW1haWxVc2VyIjoiZWxvZGllZHVuZXRlc3RAZ21haWwuY29tIiwiaWRFY29sZSI6MSwiaWF0IjoxNTQ5NTQ0NTAzLCJleHAiOjE1NTAxNDkzMDN9.VUPn-Atp0Qk2p_lrkcpSEvPNeLxKPUWdWYOxBi7dZc8', 'web'),
(474, 1, 'eyJhbGciOiJIUzI1NiIsInR5cCI6IkpXVCJ9.eyJpZFVzZXIiOjEsInR5cGVVc2VyIjoyLCJlbWFpbFVzZXIiOiJlbG9kaWUuYmVydGhhdWQxQGdtYWlsLmNvbSIsImlkRWNvbGUiOjEsImlhdCI6MTU0OTU0NDU0MSwiZXhwIjoxNTUwMTQ5MzQxfQ.f1O43izz4PfKeqhBRCHNpqtL9eywfP7XSWCNNnyvFLE', 'ios'),
(475, 36, 'eyJhbGciOiJIUzI1NiIsInR5cCI6IkpXVCJ9.eyJpZFVzZXIiOjM2LCJ0eXBlVXNlciI6MSwiZW1haWxVc2VyIjoiZWxvZGllZHVuZXRlc3RAZ21haWwuY29tIiwiaWRFY29sZSI6MSwiaWF0IjoxNTQ5NTQ0NzQ2LCJleHAiOjE1NTAxNDk1NDZ9.LhGOBk2H7CjIfyl0tR7fjHZbjJX3c4VKat4A8XfANic', 'web'),
(476, 1, 'eyJhbGciOiJIUzI1NiIsInR5cCI6IkpXVCJ9.eyJpZFVzZXIiOjEsInR5cGVVc2VyIjoyLCJlbWFpbFVzZXIiOiJlbG9kaWUuYmVydGhhdWQxQGdtYWlsLmNvbSIsImlkRWNvbGUiOjEsImlhdCI6MTU0OTU0NDgxMSwiZXhwIjoxNTUwMTQ5NjExfQ.iNbVf0zAPavbKxlIob7iNkWn3GzdsECkiX1p64X_XgU', 'ios'),
(477, 1, 'eyJhbGciOiJIUzI1NiIsInR5cCI6IkpXVCJ9.eyJpZFVzZXIiOjEsInR5cGVVc2VyIjoyLCJlbWFpbFVzZXIiOiJlbG9kaWUuYmVydGhhdWQxQGdtYWlsLmNvbSIsImlkRWNvbGUiOjEsImlhdCI6MTU0OTU0NDgxMSwiZXhwIjoxNTUwMTQ5NjExfQ.iNbVf0zAPavbKxlIob7iNkWn3GzdsECkiX1p64X_XgU', 'ios'),
(478, 1, 'eyJhbGciOiJIUzI1NiIsInR5cCI6IkpXVCJ9.eyJpZFVzZXIiOjEsInR5cGVVc2VyIjoyLCJlbWFpbFVzZXIiOiJlbG9kaWUuYmVydGhhdWQxQGdtYWlsLmNvbSIsImlkRWNvbGUiOjEsImlhdCI6MTU0OTU0NjcxOCwiZXhwIjoxNTUwMTUxNTE4fQ.ODNsHUTKnek0cmfK9m915NRfu_q7HXKq_X0s04N8B0s', 'ios'),
(479, 36, 'eyJhbGciOiJIUzI1NiIsInR5cCI6IkpXVCJ9.eyJpZFVzZXIiOjM2LCJ0eXBlVXNlciI6MSwiZW1haWxVc2VyIjoiZWxvZGllZHVuZXRlc3RAZ21haWwuY29tIiwiaWRFY29sZSI6MSwiaWF0IjoxNTQ5NTQ3NTUxLCJleHAiOjE1NTAxNTIzNTF9.B6Ly6nHSLR78mDHTBWFlYC-Pwrwuxm5rFV5Eq4D-t9g', 'web'),
(480, 1, 'eyJhbGciOiJIUzI1NiIsInR5cCI6IkpXVCJ9.eyJpZFVzZXIiOjEsInR5cGVVc2VyIjoyLCJlbWFpbFVzZXIiOiJlbG9kaWUuYmVydGhhdWQxQGdtYWlsLmNvbSIsImlkRWNvbGUiOjEsImlhdCI6MTU0OTU0NzYwMiwiZXhwIjoxNTUwMTUyNDAyfQ.596LSPdBuqiKc_z9wWWxHHMhLdzYdJ18OxyMQRBvQew', 'ios'),
(481, 36, 'eyJhbGciOiJIUzI1NiIsInR5cCI6IkpXVCJ9.eyJpZFVzZXIiOjM2LCJ0eXBlVXNlciI6MSwiZW1haWxVc2VyIjoiZWxvZGllZHVuZXRlc3RAZ21haWwuY29tIiwiaWRFY29sZSI6MSwiaWF0IjoxNTQ5NTQ3NzUwLCJleHAiOjE1NTAxNTI1NTB9.gd5cJ-BzMphy88UQ1EeDJ7-CqL_Xn3rZMjT5jtSDUqk', 'web'),
(482, 1, 'eyJhbGciOiJIUzI1NiIsInR5cCI6IkpXVCJ9.eyJpZFVzZXIiOjEsInR5cGVVc2VyIjoyLCJlbWFpbFVzZXIiOiJlbG9kaWUuYmVydGhhdWQxQGdtYWlsLmNvbSIsImlkRWNvbGUiOjEsImlhdCI6MTU0OTU0NzgwOSwiZXhwIjoxNTUwMTUyNjA5fQ.venm5ocg4G2h-JmJi7T8lrpUQTa5ULHPKVTyYam0vNE', 'ios'),
(483, 1, 'eyJhbGciOiJIUzI1NiIsInR5cCI6IkpXVCJ9.eyJpZFVzZXIiOjEsInR5cGVVc2VyIjoyLCJlbWFpbFVzZXIiOiJlbG9kaWUuYmVydGhhdWQxQGdtYWlsLmNvbSIsImlkRWNvbGUiOjEsImlhdCI6MTU0OTU0Nzg1MCwiZXhwIjoxNTUwMTUyNjUwfQ.Fhs_GSTfilHt6Cxwm_ArDC9QKhF8YEbDcgQCpEPM8xI', 'ios'),
(484, 36, 'eyJhbGciOiJIUzI1NiIsInR5cCI6IkpXVCJ9.eyJpZFVzZXIiOjM2LCJ0eXBlVXNlciI6MSwiZW1haWxVc2VyIjoiZWxvZGllZHVuZXRlc3RAZ21haWwuY29tIiwiaWRFY29sZSI6MSwiaWF0IjoxNTQ5NTQ4MDQwLCJleHAiOjE1NTAxNTI4NDB9.GS1EnQwLX4reXZETX8PGfYBr5k-_p2jOoqn4Tgxamo0', 'web'),
(485, 1, 'eyJhbGciOiJIUzI1NiIsInR5cCI6IkpXVCJ9.eyJpZFVzZXIiOjEsInR5cGVVc2VyIjoyLCJlbWFpbFVzZXIiOiJlbG9kaWUuYmVydGhhdWQxQGdtYWlsLmNvbSIsImlkRWNvbGUiOjEsImlhdCI6MTU0OTU0ODA2MSwiZXhwIjoxNTUwMTUyODYxfQ.NCQ36fOauy_tzCDnLD0yrHcpbrYpVDrmcKhFsBeXNDE', 'ios'),
(486, 1, 'eyJhbGciOiJIUzI1NiIsInR5cCI6IkpXVCJ9.eyJpZFVzZXIiOjEsInR5cGVVc2VyIjoyLCJlbWFpbFVzZXIiOiJlbG9kaWUuYmVydGhhdWQxQGdtYWlsLmNvbSIsImlkRWNvbGUiOjEsImlhdCI6MTU0OTU0ODA4OSwiZXhwIjoxNTUwMTUyODg5fQ.xbEtKZthodE9w4lQYBDrDD0rSswSXALGdiIE-_jGn5k', 'ios'),
(487, 1, 'eyJhbGciOiJIUzI1NiIsInR5cCI6IkpXVCJ9.eyJpZFVzZXIiOjEsInR5cGVVc2VyIjoyLCJlbWFpbFVzZXIiOiJlbG9kaWUuYmVydGhhdWQxQGdtYWlsLmNvbSIsImlkRWNvbGUiOjEsImlhdCI6MTU0OTU0ODExOCwiZXhwIjoxNTUwMTUyOTE4fQ.wQSlb0mBuMKhAbo5Tvn8ckuJfpk9N5_3TzD-TsydbnM', 'ios'),
(488, 1, 'eyJhbGciOiJIUzI1NiIsInR5cCI6IkpXVCJ9.eyJpZFVzZXIiOjEsInR5cGVVc2VyIjoyLCJlbWFpbFVzZXIiOiJlbG9kaWUuYmVydGhhdWQxQGdtYWlsLmNvbSIsImlkRWNvbGUiOjEsImlhdCI6MTU0OTU0ODE3MiwiZXhwIjoxNTUwMTUyOTcyfQ.JniDZ8HENyRUdp9E0uEHkx1ZE2k13izWYR5y3pZJHwQ', 'ios'),
(489, 1, 'eyJhbGciOiJIUzI1NiIsInR5cCI6IkpXVCJ9.eyJpZFVzZXIiOjEsInR5cGVVc2VyIjoyLCJlbWFpbFVzZXIiOiJlbG9kaWUuYmVydGhhdWQxQGdtYWlsLmNvbSIsImlkRWNvbGUiOjEsImlhdCI6MTU0OTU0ODIzMiwiZXhwIjoxNTUwMTUzMDMyfQ.aPhnlmwj-_G0aPZxC8nNUqnjOygQ3n2GJQRs_Fwgtq8', 'ios'),
(490, 1, 'eyJhbGciOiJIUzI1NiIsInR5cCI6IkpXVCJ9.eyJpZFVzZXIiOjEsInR5cGVVc2VyIjoyLCJlbWFpbFVzZXIiOiJlbG9kaWUuYmVydGhhdWQxQGdtYWlsLmNvbSIsImlkRWNvbGUiOjEsImlhdCI6MTU0OTU0ODUyNCwiZXhwIjoxNTUwMTUzMzI0fQ.QcOyAkzx8tRgEvDyAiPKUE4ZSZM9guBdikrCp_KACBU', 'ios'),
(491, 31, 'eyJhbGciOiJIUzI1NiIsInR5cCI6IkpXVCJ9.eyJpZFVzZXIiOjMxLCJ0eXBlVXNlciI6MSwiZW1haWxVc2VyIjoibGF1cmlhbmUuZm91cmNhZGVAc21nbC5mciIsImlkRWNvbGUiOjEsImlhdCI6MTU0OTU0ODUzNCwiZXhwIjoxNTUwMTUzMzM0fQ.3RFt63KoYvd4qFRSaogkdltYBsRMzItmLri0Xts-J5g', 'android'),
(492, 31, 'eyJhbGciOiJIUzI1NiIsInR5cCI6IkpXVCJ9.eyJpZFVzZXIiOjMxLCJ0eXBlVXNlciI6MSwiZW1haWxVc2VyIjoibGF1cmlhbmUuZm91cmNhZGVAc21nbC5mciIsImlkRWNvbGUiOjEsImlhdCI6MTU0OTU0ODU2NSwiZXhwIjoxNTUwMTUzMzY1fQ.MlFqqos8BLJCCrtIJ_73WeUQHhLvcMBEcBkBfirnsIQ', 'android'),
(493, 36, 'eyJhbGciOiJIUzI1NiIsInR5cCI6IkpXVCJ9.eyJpZFVzZXIiOjM2LCJ0eXBlVXNlciI6MSwiZW1haWxVc2VyIjoiZWxvZGllZHVuZXRlc3RAZ21haWwuY29tIiwiaWRFY29sZSI6MSwiaWF0IjoxNTQ5NTQ4NjI0LCJleHAiOjE1NTAxNTM0MjR9._6pXbFrfbrUdg4ZntELNNeT5PIyXu561rCYoec_15LE', 'web'),
(494, 1, 'eyJhbGciOiJIUzI1NiIsInR5cCI6IkpXVCJ9.eyJpZFVzZXIiOjEsInR5cGVVc2VyIjoyLCJlbWFpbFVzZXIiOiJlbG9kaWUuYmVydGhhdWQxQGdtYWlsLmNvbSIsImlkRWNvbGUiOjEsImlhdCI6MTU0OTU0ODY1OCwiZXhwIjoxNTUwMTUzNDU4fQ.5_eYKtqEA4UwKIoxJ0t-vjktxEDvRRZxW_x5IIMAkQ4', 'ios'),
(495, 36, 'eyJhbGciOiJIUzI1NiIsInR5cCI6IkpXVCJ9.eyJpZFVzZXIiOjM2LCJ0eXBlVXNlciI6MSwiZW1haWxVc2VyIjoiZWxvZGllZHVuZXRlc3RAZ21haWwuY29tIiwiaWRFY29sZSI6MSwiaWF0IjoxNTQ5NTUwMzYwLCJleHAiOjE1NTAxNTUxNjB9.itOeWEdvy3AZWJAB8tEFSCquPU082geDPNlG0w5TTJM', 'web'),
(496, 1, 'eyJhbGciOiJIUzI1NiIsInR5cCI6IkpXVCJ9.eyJpZFVzZXIiOjEsInR5cGVVc2VyIjoyLCJlbWFpbFVzZXIiOiJlbG9kaWUuYmVydGhhdWQxQGdtYWlsLmNvbSIsImlkRWNvbGUiOjEsImlhdCI6MTU0OTU1MDM5MiwiZXhwIjoxNTUwMTU1MTkyfQ.QJVWl-HstVWQ_gskI7hBKLuCiTaYg-mcB0nEDun2OVo', 'ios');
INSERT INTO `access_token` (`access_token_id`, `user_id`, `access_token`, `device_type`) VALUES
(497, 36, 'eyJhbGciOiJIUzI1NiIsInR5cCI6IkpXVCJ9.eyJpZFVzZXIiOjM2LCJ0eXBlVXNlciI6MSwiZW1haWxVc2VyIjoiZWxvZGllZHVuZXRlc3RAZ21haWwuY29tIiwiaWRFY29sZSI6MSwiaWF0IjoxNTQ5NTUwNDc5LCJleHAiOjE1NTAxNTUyNzl9.cAfDLEf5sef3g5z4oscxywfQUh67zVVRzDSBdg5v8Gs', 'web'),
(498, 1, 'eyJhbGciOiJIUzI1NiIsInR5cCI6IkpXVCJ9.eyJpZFVzZXIiOjEsInR5cGVVc2VyIjoyLCJlbWFpbFVzZXIiOiJlbG9kaWUuYmVydGhhdWQxQGdtYWlsLmNvbSIsImlkRWNvbGUiOjEsImlhdCI6MTU0OTU1MDQ5NCwiZXhwIjoxNTUwMTU1Mjk0fQ.UTw8yZnHI1s1gOu1VObo7xw4uGqU0ZClAg7p_yzrlOo', 'ios'),
(499, 36, 'eyJhbGciOiJIUzI1NiIsInR5cCI6IkpXVCJ9.eyJpZFVzZXIiOjM2LCJ0eXBlVXNlciI6MSwiZW1haWxVc2VyIjoiZWxvZGllZHVuZXRlc3RAZ21haWwuY29tIiwiaWRFY29sZSI6MSwiaWF0IjoxNTQ5NTUxODgwLCJleHAiOjE1NTAxNTY2ODB9.6KhyWs369XMUTho08QYykXbejDO2ucKi8pY0Jvyx8s0', 'web'),
(500, 1, 'eyJhbGciOiJIUzI1NiIsInR5cCI6IkpXVCJ9.eyJpZFVzZXIiOjEsInR5cGVVc2VyIjoyLCJlbWFpbFVzZXIiOiJlbG9kaWUuYmVydGhhdWQxQGdtYWlsLmNvbSIsImlkRWNvbGUiOjEsImlhdCI6MTU0OTU1MTg5OCwiZXhwIjoxNTUwMTU2Njk4fQ.LgvPOZXQ1ncbclvBfHl80iwkijaxkJSVj0fpyRYSSRA', 'ios'),
(501, 1, 'eyJhbGciOiJIUzI1NiIsInR5cCI6IkpXVCJ9.eyJpZFVzZXIiOjEsInR5cGVVc2VyIjoyLCJlbWFpbFVzZXIiOiJlbG9kaWUuYmVydGhhdWQxQGdtYWlsLmNvbSIsImlkRWNvbGUiOjEsImlhdCI6MTU0OTU1MjU0NiwiZXhwIjoxNTUwMTU3MzQ2fQ.jxwbZz6bmn_ZMsQUIKip2qJyxb1ACDdUOoO5ie6TBHk', 'ios'),
(502, 1, 'eyJhbGciOiJIUzI1NiIsInR5cCI6IkpXVCJ9.eyJpZFVzZXIiOjEsInR5cGVVc2VyIjoyLCJlbWFpbFVzZXIiOiJlbG9kaWUuYmVydGhhdWQxQGdtYWlsLmNvbSIsImlkRWNvbGUiOjEsImlhdCI6MTU0OTU1MjU1MiwiZXhwIjoxNTUwMTU3MzUyfQ.xoR90L16jM979eRiv-qaEQVMuyC7DxoLoJBtFDxNe7w', 'ios'),
(503, 1, 'eyJhbGciOiJIUzI1NiIsInR5cCI6IkpXVCJ9.eyJpZFVzZXIiOjEsInR5cGVVc2VyIjoyLCJlbWFpbFVzZXIiOiJlbG9kaWUuYmVydGhhdWQxQGdtYWlsLmNvbSIsImlkRWNvbGUiOjEsImlhdCI6MTU0OTU1MzI5MywiZXhwIjoxNTUwMTU4MDkzfQ.5xPLqBtsp_mc9nZuUwPw5UcheGlQvS2jq1opfkeMie0', 'ios'),
(504, 36, 'eyJhbGciOiJIUzI1NiIsInR5cCI6IkpXVCJ9.eyJpZFVzZXIiOjM2LCJ0eXBlVXNlciI6MSwiZW1haWxVc2VyIjoiZWxvZGllZHVuZXRlc3RAZ21haWwuY29tIiwiaWRFY29sZSI6MSwiaWF0IjoxNTQ5NTUzNDE1LCJleHAiOjE1NTAxNTgyMTV9.xV4YqpK0sDDO1RAOMB9K-TnasyEN9a21zUwY0FpMB30', 'web'),
(505, 1, 'eyJhbGciOiJIUzI1NiIsInR5cCI6IkpXVCJ9.eyJpZFVzZXIiOjEsInR5cGVVc2VyIjoyLCJlbWFpbFVzZXIiOiJlbG9kaWUuYmVydGhhdWQxQGdtYWlsLmNvbSIsImlkRWNvbGUiOjEsImlhdCI6MTU0OTU1MzQ2MiwiZXhwIjoxNTUwMTU4MjYyfQ.8AfNAzir4GZ6kZ775n45Q0IAUiNgB9MeR9rF-jw-Xjs', 'ios'),
(506, 36, 'eyJhbGciOiJIUzI1NiIsInR5cCI6IkpXVCJ9.eyJpZFVzZXIiOjM2LCJ0eXBlVXNlciI6MSwiZW1haWxVc2VyIjoiZWxvZGllZHVuZXRlc3RAZ21haWwuY29tIiwiaWRFY29sZSI6MSwiaWF0IjoxNTQ5NTUzNTE1LCJleHAiOjE1NTAxNTgzMTV9.ANN7vAaZn3JSDlW7ullNVARl91b9XPKdtZrgSN4Yb2c', 'web'),
(507, 36, 'eyJhbGciOiJIUzI1NiIsInR5cCI6IkpXVCJ9.eyJpZFVzZXIiOjM2LCJ0eXBlVXNlciI6MSwiZW1haWxVc2VyIjoiZWxvZGllZHVuZXRlc3RAZ21haWwuY29tIiwiaWRFY29sZSI6MSwiaWF0IjoxNTQ5NTUzNTU3LCJleHAiOjE1NTAxNTgzNTd9.S6-4oIresmd4kQOIq2l3jtZQP6P1oxsqO3M5xU9XHJI', 'web'),
(508, 36, 'eyJhbGciOiJIUzI1NiIsInR5cCI6IkpXVCJ9.eyJpZFVzZXIiOjM2LCJ0eXBlVXNlciI6MSwiZW1haWxVc2VyIjoiZWxvZGllZHVuZXRlc3RAZ21haWwuY29tIiwiaWRFY29sZSI6MSwiaWF0IjoxNTQ5NTUzNTU3LCJleHAiOjE1NTAxNTgzNTd9.S6-4oIresmd4kQOIq2l3jtZQP6P1oxsqO3M5xU9XHJI', 'web'),
(509, 36, 'eyJhbGciOiJIUzI1NiIsInR5cCI6IkpXVCJ9.eyJpZFVzZXIiOjM2LCJ0eXBlVXNlciI6MSwiZW1haWxVc2VyIjoiZWxvZGllZHVuZXRlc3RAZ21haWwuY29tIiwiaWRFY29sZSI6MSwiaWF0IjoxNTQ5NTUzNTU4LCJleHAiOjE1NTAxNTgzNTh9.1xNCblBnXmCazFTtjv-IVVvbhhMAv7KV70ZVGjaA20o', 'web'),
(510, 36, 'eyJhbGciOiJIUzI1NiIsInR5cCI6IkpXVCJ9.eyJpZFVzZXIiOjM2LCJ0eXBlVXNlciI6MSwiZW1haWxVc2VyIjoiZWxvZGllZHVuZXRlc3RAZ21haWwuY29tIiwiaWRFY29sZSI6MSwiaWF0IjoxNTQ5NTUzNTU4LCJleHAiOjE1NTAxNTgzNTh9.1xNCblBnXmCazFTtjv-IVVvbhhMAv7KV70ZVGjaA20o', 'web'),
(511, 1, 'eyJhbGciOiJIUzI1NiIsInR5cCI6IkpXVCJ9.eyJpZFVzZXIiOjEsInR5cGVVc2VyIjoyLCJlbWFpbFVzZXIiOiJlbG9kaWUuYmVydGhhdWQxQGdtYWlsLmNvbSIsImlkRWNvbGUiOjEsImlhdCI6MTU0OTU1Mzk2NCwiZXhwIjoxNTUwMTU4NzY0fQ.v-d2_sqNf_qB_HSJwMLkfY26vKzTbRj4wo8k96UNalM', 'ios'),
(512, 1, 'eyJhbGciOiJIUzI1NiIsInR5cCI6IkpXVCJ9.eyJpZFVzZXIiOjEsInR5cGVVc2VyIjoyLCJlbWFpbFVzZXIiOiJlbG9kaWUuYmVydGhhdWQxQGdtYWlsLmNvbSIsImlkRWNvbGUiOjEsImlhdCI6MTU0OTU1NDc4NCwiZXhwIjoxNTUwMTU5NTg0fQ.aq18169FUzaV1hhmsNPxDRi7TDrrQIUF_XDp7SHhKog', 'ios'),
(513, 33, 'eyJhbGciOiJIUzI1NiIsInR5cCI6IkpXVCJ9.eyJpZFVzZXIiOjMzLCJ0eXBlVXNlciI6MiwiZW1haWxVc2VyIjoidGhvbWFzLmd1aWNoYXJkQGVwaXRlY2guZXUiLCJpZEVjb2xlIjoxLCJpYXQiOjE1NDk1NTc5NzQsImV4cCI6MTU1MDE2Mjc3NH0.Kn6hrrD7nLeRQJ1a6dL1jlXNHIu4XrnWJxjbfi2MZYk', 'web'),
(514, 1, 'eyJhbGciOiJIUzI1NiIsInR5cCI6IkpXVCJ9.eyJpZFVzZXIiOjEsInR5cGVVc2VyIjoyLCJlbWFpbFVzZXIiOiJlbG9kaWUuYmVydGhhdWQxQGdtYWlsLmNvbSIsImlkRWNvbGUiOjEsImlhdCI6MTU0OTU1ODc2OSwiZXhwIjoxNTUwMTYzNTY5fQ.qVKG6JXpXOiicW0vwh8zW54ZNOQDfmA7q6fTrjkLVlE', 'ios'),
(515, 33, 'eyJhbGciOiJIUzI1NiIsInR5cCI6IkpXVCJ9.eyJpZFVzZXIiOjMzLCJ0eXBlVXNlciI6MiwiZW1haWxVc2VyIjoidGhvbWFzLmd1aWNoYXJkQGVwaXRlY2guZXUiLCJpZEVjb2xlIjoxLCJpYXQiOjE1NDk1NjA1NzIsImV4cCI6MTU1MDE2NTM3Mn0.rUgW1jar-7coHQqo2E4eJH_aivg06BgEoE-g3AHFqnA', 'web'),
(516, 33, 'eyJhbGciOiJIUzI1NiIsInR5cCI6IkpXVCJ9.eyJpZFVzZXIiOjMzLCJ0eXBlVXNlciI6MiwiZW1haWxVc2VyIjoidGhvbWFzLmd1aWNoYXJkQGVwaXRlY2guZXUiLCJpZEVjb2xlIjoxLCJpYXQiOjE1NDk1NjIyODMsImV4cCI6MTU1MDE2NzA4M30.kjDfDVwUPWpYeYC0KkrQQ0UkSQwKUaicy6ov53V6bOM', 'web'),
(517, 36, 'eyJhbGciOiJIUzI1NiIsInR5cCI6IkpXVCJ9.eyJpZFVzZXIiOjM2LCJ0eXBlVXNlciI6MSwiZW1haWxVc2VyIjoiZWxvZGllZHVuZXRlc3RAZ21haWwuY29tIiwiaWRFY29sZSI6MSwiaWF0IjoxNTQ5NTYzNTM1LCJleHAiOjE1NTAxNjgzMzV9.Sl03J5leLGizpfG5Wjm9KFUlLaMOCrWeu5LbMZKuYng', 'web'),
(518, 1, 'eyJhbGciOiJIUzI1NiIsInR5cCI6IkpXVCJ9.eyJpZFVzZXIiOjEsInR5cGVVc2VyIjoyLCJlbWFpbFVzZXIiOiJlbG9kaWUuYmVydGhhdWQxQGdtYWlsLmNvbSIsImlkRWNvbGUiOjEsImlhdCI6MTU0OTU2MzU3MSwiZXhwIjoxNTUwMTY4MzcxfQ.Eqj_e3fNHdssLm2FKooG49tyYJ_0Xz_rb6h3YBjXOmY', 'ios'),
(519, 1, 'eyJhbGciOiJIUzI1NiIsInR5cCI6IkpXVCJ9.eyJpZFVzZXIiOjEsInR5cGVVc2VyIjoyLCJlbWFpbFVzZXIiOiJlbG9kaWUuYmVydGhhdWQxQGdtYWlsLmNvbSIsImlkRWNvbGUiOjEsImlhdCI6MTU0OTU2MzYzMywiZXhwIjoxNTUwMTY4NDMzfQ.SJPT4_Gfr-MClNbxqt2cS9CfX_Gitj5M_TwQYd71ECk', 'ios'),
(520, 1, 'eyJhbGciOiJIUzI1NiIsInR5cCI6IkpXVCJ9.eyJpZFVzZXIiOjEsInR5cGVVc2VyIjoyLCJlbWFpbFVzZXIiOiJlbG9kaWUuYmVydGhhdWQxQGdtYWlsLmNvbSIsImlkRWNvbGUiOjEsImlhdCI6MTU1MDA4NjI4MywiZXhwIjoxNTUwNjkxMDgzfQ.zGw7Q0M7l3PCMTg1pnWllmqUeLP7-2w7hNME5eawy1o', 'ios'),
(521, 33, 'eyJhbGciOiJIUzI1NiIsInR5cCI6IkpXVCJ9.eyJpZFVzZXIiOjMzLCJ0eXBlVXNlciI6MiwiZW1haWxVc2VyIjoidGhvbWFzLmd1aWNoYXJkQGVwaXRlY2guZXUiLCJpZEVjb2xlIjoxLCJpYXQiOjE1NTAzMjE1MzIsImV4cCI6MTU1MDkyNjMzMn0.TCEikx8R0ZB7QeoMqUOQobPxzIQ0hzeq96dlkdQpWgk', 'web'),
(522, 33, 'eyJhbGciOiJIUzI1NiIsInR5cCI6IkpXVCJ9.eyJpZFVzZXIiOjMzLCJ0eXBlVXNlciI6MiwiZW1haWxVc2VyIjoidGhvbWFzLmd1aWNoYXJkQGVwaXRlY2guZXUiLCJpZEVjb2xlIjoxLCJpYXQiOjE1NTEwMTkwNjcsImV4cCI6MTU1MTYyMzg2N30.GS-EvlcbCfcSog-GbIfsAFeSe2gwShXLeymXUuBcrSc', 'web'),
(523, 31, 'eyJhbGciOiJIUzI1NiIsInR5cCI6IkpXVCJ9.eyJpZFVzZXIiOjMxLCJ0eXBlVXNlciI6MSwiZW1haWxVc2VyIjoibGF1cmlhbmUuZm91cmNhZGVAc21nbC5mciIsImlkRWNvbGUiOjEsImlhdCI6MTU1MTE4ODc4MCwiZXhwIjoxNTUxNzkzNTgwfQ.F2taVVS89Dpf4gaG92BsYhfLSw3BQ37dUFMahyU6lBs', 'android'),
(524, 1, 'eyJhbGciOiJIUzI1NiIsInR5cCI6IkpXVCJ9.eyJpZFVzZXIiOjEsInR5cGVVc2VyIjoyLCJlbWFpbFVzZXIiOiJlbG9kaWUuYmVydGhhdWQxQGdtYWlsLmNvbSIsImlkRWNvbGUiOjEsImlhdCI6MTU1MTE5MjQ4OSwiZXhwIjoxNTUxNzk3Mjg5fQ.aHp2HUA--N_5y6Nlo6bN0vR89Vcn9rk4BpBsINCPqJk', 'ios'),
(525, 31, 'eyJhbGciOiJIUzI1NiIsInR5cCI6IkpXVCJ9.eyJpZFVzZXIiOjMxLCJ0eXBlVXNlciI6MSwiZW1haWxVc2VyIjoibGF1cmlhbmUuZm91cmNhZGVAc21nbC5mciIsImlkRWNvbGUiOjEsImlhdCI6MTU1MTE5Mjc3NywiZXhwIjoxNTUxNzk3NTc3fQ.dfwm4fxYK-hkUo2SAjQKN7-x8xaQQl7vDlfQTDEpPmI', 'android'),
(526, 1, 'eyJhbGciOiJIUzI1NiIsInR5cCI6IkpXVCJ9.eyJpZFVzZXIiOjEsInR5cGVVc2VyIjoyLCJlbWFpbFVzZXIiOiJlbG9kaWUuYmVydGhhdWQxQGdtYWlsLmNvbSIsImlkRWNvbGUiOjEsImlhdCI6MTU1MTE5Mjg4MywiZXhwIjoxNTUxNzk3NjgzfQ.3PBYOpKiN_2MdOxkfB0z8RBSN4PP5uVNkb0aLU_Pihc', 'ios'),
(527, 31, 'eyJhbGciOiJIUzI1NiIsInR5cCI6IkpXVCJ9.eyJpZFVzZXIiOjMxLCJ0eXBlVXNlciI6MSwiZW1haWxVc2VyIjoibGF1cmlhbmUuZm91cmNhZGVAc21nbC5mciIsImlkRWNvbGUiOjEsImlhdCI6MTU1MTE5MzA5NywiZXhwIjoxNTUxNzk3ODk3fQ.ECFGD4XqQOI6qL-dC-R1h7tfvJphY0FHvYTl190MTVI', 'android'),
(528, 1, 'eyJhbGciOiJIUzI1NiIsInR5cCI6IkpXVCJ9.eyJpZFVzZXIiOjEsInR5cGVVc2VyIjoyLCJlbWFpbFVzZXIiOiJlbG9kaWUuYmVydGhhdWQxQGdtYWlsLmNvbSIsImlkRWNvbGUiOjEsImlhdCI6MTU1MTE5MzExMywiZXhwIjoxNTUxNzk3OTEzfQ.lG-vczbjSfM36X68kIblEhaZoKtTpMc9hO-1lJVsjGo', 'ios'),
(529, 31, 'eyJhbGciOiJIUzI1NiIsInR5cCI6IkpXVCJ9.eyJpZFVzZXIiOjMxLCJ0eXBlVXNlciI6MSwiZW1haWxVc2VyIjoibGF1cmlhbmUuZm91cmNhZGVAc21nbC5mciIsImlkRWNvbGUiOjEsImlhdCI6MTU1MTE5NDIyMywiZXhwIjoxNTUxNzk5MDIzfQ.8AhWI2tzPr_34dzlM8QJIcm91RLuRxZOXrk75Ypmmu0', 'android'),
(530, 1, 'eyJhbGciOiJIUzI1NiIsInR5cCI6IkpXVCJ9.eyJpZFVzZXIiOjEsInR5cGVVc2VyIjoyLCJlbWFpbFVzZXIiOiJlbG9kaWUuYmVydGhhdWQxQGdtYWlsLmNvbSIsImlkRWNvbGUiOjEsImlhdCI6MTU1MTE5NDI1MSwiZXhwIjoxNTUxNzk5MDUxfQ.56pynhnHvVnFSNJmFQxeEGPiU9lhjJVv5V-RA7IV3dw', 'ios'),
(531, 36, 'eyJhbGciOiJIUzI1NiIsInR5cCI6IkpXVCJ9.eyJpZFVzZXIiOjM2LCJ0eXBlVXNlciI6MSwiZW1haWxVc2VyIjoiZWxvZGllZHVuZXRlc3RAZ21haWwuY29tIiwiaWRFY29sZSI6MSwiaWF0IjoxNTUxMjcwNTMwLCJleHAiOjE1NTE4NzUzMzB9.vy4Gmn9HaW9TEEDi7xk5SCWP5-XwAyMEh1S588rGVcc', 'web'),
(532, 1, 'eyJhbGciOiJIUzI1NiIsInR5cCI6IkpXVCJ9.eyJpZFVzZXIiOjEsInR5cGVVc2VyIjoyLCJlbWFpbFVzZXIiOiJlbG9kaWUuYmVydGhhdWQxQGdtYWlsLmNvbSIsImlkRWNvbGUiOjEsImlhdCI6MTU1MTI3MDU0MywiZXhwIjoxNTUxODc1MzQzfQ.N7PDzjV64B5XWRUzHPjZXFb6CWbn7W6l98Q3n0OxX9k', 'ios'),
(533, 1, 'eyJhbGciOiJIUzI1NiIsInR5cCI6IkpXVCJ9.eyJpZFVzZXIiOjEsInR5cGVVc2VyIjoyLCJlbWFpbFVzZXIiOiJlbG9kaWUuYmVydGhhdWQxQGdtYWlsLmNvbSIsImlkRWNvbGUiOjEsImlhdCI6MTU1MTI3NjE4NywiZXhwIjoxNTUxODgwOTg3fQ.yiOIc7LQVp1bzsl6T542ANkIlQ32mObGk8JzHEQ4dz8', 'ios'),
(534, 1, 'eyJhbGciOiJIUzI1NiIsInR5cCI6IkpXVCJ9.eyJpZFVzZXIiOjEsInR5cGVVc2VyIjoyLCJlbWFpbFVzZXIiOiJlbG9kaWUuYmVydGhhdWQxQGdtYWlsLmNvbSIsImlkRWNvbGUiOjEsImlhdCI6MTU1MTI3NjYzMSwiZXhwIjoxNTUxODgxNDMxfQ.RtslNPJyJIuxASNjRiHHEXLdhI54pfwsjSzKZtciwq4', 'ios'),
(535, 31, 'eyJhbGciOiJIUzI1NiIsInR5cCI6IkpXVCJ9.eyJpZFVzZXIiOjMxLCJ0eXBlVXNlciI6MSwiZW1haWxVc2VyIjoibGF1cmlhbmUuZm91cmNhZGVAc21nbC5mciIsImlkRWNvbGUiOjEsImlhdCI6MTU1MTI3Njc1OCwiZXhwIjoxNTUxODgxNTU4fQ.jZRBQo3Y_g8IutWKZC_xuA1byRwcENwDsL9dVKj48mo', 'android'),
(536, 36, 'eyJhbGciOiJIUzI1NiIsInR5cCI6IkpXVCJ9.eyJpZFVzZXIiOjM2LCJ0eXBlVXNlciI6MSwiZW1haWxVc2VyIjoiZWxvZGllZHVuZXRlc3RAZ21haWwuY29tIiwiaWRFY29sZSI6MSwiaWF0IjoxNTUxMjc2Nzc2LCJleHAiOjE1NTE4ODE1NzZ9.ReumWYSqXIohhyZ3wWtezgxRUm_RZ6zLQ0yGrzQv8yI', 'web'),
(537, 1, 'eyJhbGciOiJIUzI1NiIsInR5cCI6IkpXVCJ9.eyJpZFVzZXIiOjEsInR5cGVVc2VyIjoyLCJlbWFpbFVzZXIiOiJlbG9kaWUuYmVydGhhdWQxQGdtYWlsLmNvbSIsImlkRWNvbGUiOjEsImlhdCI6MTU1MTI3Njc5MywiZXhwIjoxNTUxODgxNTkzfQ.CZB9M-e0uzpgCgjua_szJolXnxIHgop62Lw96ltJZzE', 'ios'),
(538, 36, 'eyJhbGciOiJIUzI1NiIsInR5cCI6IkpXVCJ9.eyJpZFVzZXIiOjM2LCJ0eXBlVXNlciI6MSwiZW1haWxVc2VyIjoiZWxvZGllZHVuZXRlc3RAZ21haWwuY29tIiwiaWRFY29sZSI6MSwiaWF0IjoxNTUxMjc2OTIyLCJleHAiOjE1NTE4ODE3MjJ9.fhYdY1cMaxCtoa2Wu85CV0q3mrmOUs_GUhl0jnyJYpI', 'web'),
(539, 36, 'eyJhbGciOiJIUzI1NiIsInR5cCI6IkpXVCJ9.eyJpZFVzZXIiOjM2LCJ0eXBlVXNlciI6MSwiZW1haWxVc2VyIjoiZWxvZGllZHVuZXRlc3RAZ21haWwuY29tIiwiaWRFY29sZSI6MSwiaWF0IjoxNTUxMjc2OTU3LCJleHAiOjE1NTE4ODE3NTd9.GRoXLp8xCilCttQ9J8CoUOjBMXmKB1LcGz6SA_uVnts', 'web'),
(540, 31, 'eyJhbGciOiJIUzI1NiIsInR5cCI6IkpXVCJ9.eyJpZFVzZXIiOjMxLCJ0eXBlVXNlciI6MSwiZW1haWxVc2VyIjoibGF1cmlhbmUuZm91cmNhZGVAc21nbC5mciIsImlkRWNvbGUiOjEsImlhdCI6MTU1MTI3Njk2NiwiZXhwIjoxNTUxODgxNzY2fQ.fIgn6A1zaJVCOamG6k3bzjXRkshR6W0TKN385x0dTEg', 'android'),
(541, 36, 'eyJhbGciOiJIUzI1NiIsInR5cCI6IkpXVCJ9.eyJpZFVzZXIiOjM2LCJ0eXBlVXNlciI6MSwiZW1haWxVc2VyIjoiZWxvZGllZHVuZXRlc3RAZ21haWwuY29tIiwiaWRFY29sZSI6MSwiaWF0IjoxNTUxMjc3MDA2LCJleHAiOjE1NTE4ODE4MDZ9.-hkhw3Sy5_BNuhUEnwu9ztKUpWW1a8AQmUucBLMC9ps', 'web'),
(542, 1, 'eyJhbGciOiJIUzI1NiIsInR5cCI6IkpXVCJ9.eyJpZFVzZXIiOjEsInR5cGVVc2VyIjoyLCJlbWFpbFVzZXIiOiJlbG9kaWUuYmVydGhhdWQxQGdtYWlsLmNvbSIsImlkRWNvbGUiOjEsImlhdCI6MTU1MTI3NzAyMSwiZXhwIjoxNTUxODgxODIxfQ.3DyWibBTeYRiI-1GrEwvgn9MiVBF2IdFMCrPusSGYYI', 'ios'),
(543, 31, 'eyJhbGciOiJIUzI1NiIsInR5cCI6IkpXVCJ9.eyJpZFVzZXIiOjMxLCJ0eXBlVXNlciI6MSwiZW1haWxVc2VyIjoibGF1cmlhbmUuZm91cmNhZGVAc21nbC5mciIsImlkRWNvbGUiOjEsImlhdCI6MTU1MTI3NzA1MywiZXhwIjoxNTUxODgxODUzfQ._mPoc0WriJ27lXuzvsahffWGW6vbdT22IvSF2Zv-Yr0', 'android'),
(544, 1, 'eyJhbGciOiJIUzI1NiIsInR5cCI6IkpXVCJ9.eyJpZFVzZXIiOjEsInR5cGVVc2VyIjoyLCJlbWFpbFVzZXIiOiJlbG9kaWUuYmVydGhhdWQxQGdtYWlsLmNvbSIsImlkRWNvbGUiOjEsImlhdCI6MTU1MTI3NzExNSwiZXhwIjoxNTUxODgxOTE1fQ.zcnBQb-Mp9-LKKnF3lOVSq-ONH86j-NhjOM0VQs2458', 'ios'),
(545, 36, 'eyJhbGciOiJIUzI1NiIsInR5cCI6IkpXVCJ9.eyJpZFVzZXIiOjM2LCJ0eXBlVXNlciI6MSwiZW1haWxVc2VyIjoiZWxvZGllZHVuZXRlc3RAZ21haWwuY29tIiwiaWRFY29sZSI6MSwiaWF0IjoxNTUxMjc3MjQ3LCJleHAiOjE1NTE4ODIwNDd9.naJYPJhbrTfKuGqm7kTVMXOFuLRLhga3ccJSD7avPEY', 'web'),
(546, 31, 'eyJhbGciOiJIUzI1NiIsInR5cCI6IkpXVCJ9.eyJpZFVzZXIiOjMxLCJ0eXBlVXNlciI6MSwiZW1haWxVc2VyIjoibGF1cmlhbmUuZm91cmNhZGVAc21nbC5mciIsImlkRWNvbGUiOjEsImlhdCI6MTU1MTI3NzI2NSwiZXhwIjoxNTUxODgyMDY1fQ.aLRsE_3VDxSkKwTnpQ_BdfHgE0inHuOBwrS6ES6WJHg', 'android'),
(547, 1, 'eyJhbGciOiJIUzI1NiIsInR5cCI6IkpXVCJ9.eyJpZFVzZXIiOjEsInR5cGVVc2VyIjoyLCJlbWFpbFVzZXIiOiJlbG9kaWUuYmVydGhhdWQxQGdtYWlsLmNvbSIsImlkRWNvbGUiOjEsImlhdCI6MTU1MTI3NzI5MywiZXhwIjoxNTUxODgyMDkzfQ.IozLvoURisiVSGQi5SRExP774kcpY9AmEE_MgBfUb6A', 'ios'),
(548, 1, 'eyJhbGciOiJIUzI1NiIsInR5cCI6IkpXVCJ9.eyJpZFVzZXIiOjEsInR5cGVVc2VyIjoyLCJlbWFpbFVzZXIiOiJlbG9kaWUuYmVydGhhdWQxQGdtYWlsLmNvbSIsImlkRWNvbGUiOjEsImlhdCI6MTU1MTI3ODMxNiwiZXhwIjoxNTUxODgzMTE2fQ.9E0DxZ18WKkn9EOCH6u900Zf89vmsnzBLM77KA0UbAY', 'ios'),
(549, 1, 'eyJhbGciOiJIUzI1NiIsInR5cCI6IkpXVCJ9.eyJpZFVzZXIiOjEsInR5cGVVc2VyIjoyLCJlbWFpbFVzZXIiOiJlbG9kaWUuYmVydGhhdWQxQGdtYWlsLmNvbSIsImlkRWNvbGUiOjEsImlhdCI6MTU1MTI3ODY3OSwiZXhwIjoxNTUxODgzNDc5fQ.b55qDaWMdA2TgMF28NV3fXqLWji6LMp-_VQpyAO_pP0', 'ios'),
(550, 1, 'eyJhbGciOiJIUzI1NiIsInR5cCI6IkpXVCJ9.eyJpZFVzZXIiOjEsInR5cGVVc2VyIjoyLCJlbWFpbFVzZXIiOiJlbG9kaWUuYmVydGhhdWQxQGdtYWlsLmNvbSIsImlkRWNvbGUiOjEsImlhdCI6MTU1MTI3OTAzMywiZXhwIjoxNTUxODgzODMzfQ.4Ee0i4nWbKN7y5glXIkiLzWL5BMfPWJzlN7qMdP6zI0', 'ios'),
(551, 1, 'eyJhbGciOiJIUzI1NiIsInR5cCI6IkpXVCJ9.eyJpZFVzZXIiOjEsInR5cGVVc2VyIjoyLCJlbWFpbFVzZXIiOiJlbG9kaWUuYmVydGhhdWQxQGdtYWlsLmNvbSIsImlkRWNvbGUiOjEsImlhdCI6MTU1MTI3OTY4NCwiZXhwIjoxNTUxODg0NDg0fQ.jMhBL_NnxY8IT0hPZ0gL6vaPEgDi5FH1PW4K0Q9XgNg', 'ios'),
(552, 31, 'eyJhbGciOiJIUzI1NiIsInR5cCI6IkpXVCJ9.eyJpZFVzZXIiOjMxLCJ0eXBlVXNlciI6MSwiZW1haWxVc2VyIjoibGF1cmlhbmUuZm91cmNhZGVAc21nbC5mciIsImlkRWNvbGUiOjEsImlhdCI6MTU1MTI4MTMyMywiZXhwIjoxNTUxODg2MTIzfQ.G1t8OD7aX2gG2yIwIg3CLzLWs7teHiDU6Y7hVMIu4Dc', 'android'),
(553, 1, 'eyJhbGciOiJIUzI1NiIsInR5cCI6IkpXVCJ9.eyJpZFVzZXIiOjEsInR5cGVVc2VyIjoyLCJlbWFpbFVzZXIiOiJlbG9kaWUuYmVydGhhdWQxQGdtYWlsLmNvbSIsImlkRWNvbGUiOjEsImlhdCI6MTU1MTI4MTM0NCwiZXhwIjoxNTUxODg2MTQ0fQ.Tqr42lz8WrXVopUK8Ba2euhH5HqfMd0ioeF2aX9x_Ws', 'ios'),
(554, 1, 'eyJhbGciOiJIUzI1NiIsInR5cCI6IkpXVCJ9.eyJpZFVzZXIiOjEsInR5cGVVc2VyIjoyLCJlbWFpbFVzZXIiOiJlbG9kaWUuYmVydGhhdWQxQGdtYWlsLmNvbSIsImlkRWNvbGUiOjEsImlhdCI6MTU1MTI4MjIyOSwiZXhwIjoxNTUxODg3MDI5fQ.6W5rHfCTjXZJzDAFxKHM1u7ynA0ID3mDsmnKDKSg8Uo', 'ios'),
(555, 1, 'eyJhbGciOiJIUzI1NiIsInR5cCI6IkpXVCJ9.eyJpZFVzZXIiOjEsInR5cGVVc2VyIjoyLCJlbWFpbFVzZXIiOiJlbG9kaWUuYmVydGhhdWQxQGdtYWlsLmNvbSIsImlkRWNvbGUiOjEsImlhdCI6MTU1MTI4MjMyNiwiZXhwIjoxNTUxODg3MTI2fQ.vJuYrmyugHiXd1GqPm6UqADSaZQH9NFWXg4O8-CNSNQ', 'ios'),
(556, 1, 'eyJhbGciOiJIUzI1NiIsInR5cCI6IkpXVCJ9.eyJpZFVzZXIiOjEsInR5cGVVc2VyIjoyLCJlbWFpbFVzZXIiOiJlbG9kaWUuYmVydGhhdWQxQGdtYWlsLmNvbSIsImlkRWNvbGUiOjEsImlhdCI6MTU1MTI4MjM2NywiZXhwIjoxNTUxODg3MTY3fQ.OUSRhwEWVUh3tFu_DG5xH_kygrLQARQPkVGy2cXAJ7U', 'ios'),
(557, 31, 'eyJhbGciOiJIUzI1NiIsInR5cCI6IkpXVCJ9.eyJpZFVzZXIiOjMxLCJ0eXBlVXNlciI6MSwiZW1haWxVc2VyIjoibGF1cmlhbmUuZm91cmNhZGVAc21nbC5mciIsImlkRWNvbGUiOjEsImlhdCI6MTU1MTI4MjUyMCwiZXhwIjoxNTUxODg3MzIwfQ.BUoIFE-JFaK-sm1PMTZ9ICB2Er4fSbId7AvGBGzF6N0', 'android'),
(558, 1, 'eyJhbGciOiJIUzI1NiIsInR5cCI6IkpXVCJ9.eyJpZFVzZXIiOjEsInR5cGVVc2VyIjoyLCJlbWFpbFVzZXIiOiJlbG9kaWUuYmVydGhhdWQxQGdtYWlsLmNvbSIsImlkRWNvbGUiOjEsImlhdCI6MTU1MTI4MjUzNiwiZXhwIjoxNTUxODg3MzM2fQ.Z0EXLG4So-dWMqsuX_NUbuW8dnrYLgXhK6a8CWBsVaY', 'ios'),
(559, 1, 'eyJhbGciOiJIUzI1NiIsInR5cCI6IkpXVCJ9.eyJpZFVzZXIiOjEsInR5cGVVc2VyIjoyLCJlbWFpbFVzZXIiOiJlbG9kaWUuYmVydGhhdWQxQGdtYWlsLmNvbSIsImlkRWNvbGUiOjEsImlhdCI6MTU1MTI4MjYxOCwiZXhwIjoxNTUxODg3NDE4fQ.pEYANsoSSC9p_ZHdzDFnP4-NBDRJRzFCwvBJflmFAdw', 'ios'),
(560, 1, 'eyJhbGciOiJIUzI1NiIsInR5cCI6IkpXVCJ9.eyJpZFVzZXIiOjEsInR5cGVVc2VyIjoyLCJlbWFpbFVzZXIiOiJlbG9kaWUuYmVydGhhdWQxQGdtYWlsLmNvbSIsImlkRWNvbGUiOjEsImlhdCI6MTU1MTI4MjY3MywiZXhwIjoxNTUxODg3NDczfQ.4uHZrXJkvkbyOpbzkoZsqsXOtD4N9L46xAiir1_fsww', 'ios'),
(561, 36, 'eyJhbGciOiJIUzI1NiIsInR5cCI6IkpXVCJ9.eyJpZFVzZXIiOjM2LCJ0eXBlVXNlciI6MSwiZW1haWxVc2VyIjoiZWxvZGllZHVuZXRlc3RAZ21haWwuY29tIiwiaWRFY29sZSI6MSwiaWF0IjoxNTUxMjg1MzQ3LCJleHAiOjE1NTE4OTAxNDd9.J6sgCUHVyI2wYg2ycdQKcCTl67UuUVxR0EdWBLVmMSE', 'web'),
(562, 31, 'eyJhbGciOiJIUzI1NiIsInR5cCI6IkpXVCJ9.eyJpZFVzZXIiOjMxLCJ0eXBlVXNlciI6MSwiZW1haWxVc2VyIjoibGF1cmlhbmUuZm91cmNhZGVAc21nbC5mciIsImlkRWNvbGUiOjEsImlhdCI6MTU1MTI4NTM3NywiZXhwIjoxNTUxODkwMTc3fQ.Yf3jNpQMijHO9njeeMItK-1fgRhGAKXaPhUKu0jp-YI', 'android'),
(563, 1, 'eyJhbGciOiJIUzI1NiIsInR5cCI6IkpXVCJ9.eyJpZFVzZXIiOjEsInR5cGVVc2VyIjoyLCJlbWFpbFVzZXIiOiJlbG9kaWUuYmVydGhhdWQxQGdtYWlsLmNvbSIsImlkRWNvbGUiOjEsImlhdCI6MTU1MTI4NTM5OCwiZXhwIjoxNTUxODkwMTk4fQ.T9xNWEo_wBfnyvfEH3kcIQUGZT8H2YPj_GTftcE--t0', 'ios'),
(564, 36, 'eyJhbGciOiJIUzI1NiIsInR5cCI6IkpXVCJ9.eyJpZFVzZXIiOjM2LCJ0eXBlVXNlciI6MSwiZW1haWxVc2VyIjoiZWxvZGllZHVuZXRlc3RAZ21haWwuY29tIiwiaWRFY29sZSI6MSwiaWF0IjoxNTUxMjg1NDc2LCJleHAiOjE1NTE4OTAyNzZ9.V5XDoW6hS_dt8cqA0A18iwHden5PdBw98q1vnrtWcK4', 'web'),
(565, 1, 'eyJhbGciOiJIUzI1NiIsInR5cCI6IkpXVCJ9.eyJpZFVzZXIiOjEsInR5cGVVc2VyIjoyLCJlbWFpbFVzZXIiOiJlbG9kaWUuYmVydGhhdWQxQGdtYWlsLmNvbSIsImlkRWNvbGUiOjEsImlhdCI6MTU1MTI4NTQ4NSwiZXhwIjoxNTUxODkwMjg1fQ.W4kA2qnQq9t6hLb73_BFXSsO4hk-GcgpRACSlpax8-o', 'ios'),
(566, 36, 'eyJhbGciOiJIUzI1NiIsInR5cCI6IkpXVCJ9.eyJpZFVzZXIiOjM2LCJ0eXBlVXNlciI6MSwiZW1haWxVc2VyIjoiZWxvZGllZHVuZXRlc3RAZ21haWwuY29tIiwiaWRFY29sZSI6MSwiaWF0IjoxNTUxNDQyMTc5LCJleHAiOjE1NTIwNDY5Nzl9.KN2nvGbxFeUsBTp8OsaNOiEevdcTTDW4n2yN2ARr_mI', 'web'),
(567, 1, 'eyJhbGciOiJIUzI1NiIsInR5cCI6IkpXVCJ9.eyJpZFVzZXIiOjEsInR5cGVVc2VyIjoyLCJlbWFpbFVzZXIiOiJlbG9kaWUuYmVydGhhdWQxQGdtYWlsLmNvbSIsImlkRWNvbGUiOjEsImlhdCI6MTU1MTQ0MjQzMCwiZXhwIjoxNTUyMDQ3MjMwfQ.ojD2PpRRkrOmBZ1-l57fLVyPBI6phHdsIhyHAcseUfM', 'ios'),
(568, 31, 'eyJhbGciOiJIUzI1NiIsInR5cCI6IkpXVCJ9.eyJpZFVzZXIiOjMxLCJ0eXBlVXNlciI6MSwiZW1haWxVc2VyIjoibGF1cmlhbmUuZm91cmNhZGVAc21nbC5mciIsImlkRWNvbGUiOjEsImlhdCI6MTU1MTQ0MjQ1OSwiZXhwIjoxNTUyMDQ3MjU5fQ.COZy5j_7ATC-X5GfbFYjo_4Pvn0l9Pu-nzkKnERaaCY', 'android'),
(569, 1, 'eyJhbGciOiJIUzI1NiIsInR5cCI6IkpXVCJ9.eyJpZFVzZXIiOjEsInR5cGVVc2VyIjoyLCJlbWFpbFVzZXIiOiJlbG9kaWUuYmVydGhhdWQxQGdtYWlsLmNvbSIsImlkRWNvbGUiOjEsImlhdCI6MTU1MTQ0MjUwNiwiZXhwIjoxNTUyMDQ3MzA2fQ._oQFJvDEvQ4qCilLWCBby7Hr1FQZzpTybghth-TMtws', 'ios'),
(570, 31, 'eyJhbGciOiJIUzI1NiIsInR5cCI6IkpXVCJ9.eyJpZFVzZXIiOjMxLCJ0eXBlVXNlciI6MSwiZW1haWxVc2VyIjoibGF1cmlhbmUuZm91cmNhZGVAc21nbC5mciIsImlkRWNvbGUiOjEsImlhdCI6MTU1MTU1MTYzNSwiZXhwIjoxNTUyMTU2NDM1fQ.BRCHARd6OLJSV3wbwTF0L-fudx-MvxoMs-FVwXDbgac', 'android'),
(571, 1, 'eyJhbGciOiJIUzI1NiIsInR5cCI6IkpXVCJ9.eyJpZFVzZXIiOjEsInR5cGVVc2VyIjoyLCJlbWFpbFVzZXIiOiJlbG9kaWUuYmVydGhhdWQxQGdtYWlsLmNvbSIsImlkRWNvbGUiOjEsImlhdCI6MTU1MTU1MTcwOSwiZXhwIjoxNTUyMTU2NTA5fQ.TxTveQvqtgnPGou4-YIRUNA9xmDy2N7XHmJib82BFGY', 'ios'),
(572, 31, 'eyJhbGciOiJIUzI1NiIsInR5cCI6IkpXVCJ9.eyJpZFVzZXIiOjMxLCJ0eXBlVXNlciI6MSwiZW1haWxVc2VyIjoibGF1cmlhbmUuZm91cmNhZGVAc21nbC5mciIsImlkRWNvbGUiOjEsImlhdCI6MTU1MTU1MTc4MSwiZXhwIjoxNTUyMTU2NTgxfQ.p0LHmPBTjakSvutc56deBYET8AwR_WKfT9Oft2duqGY', 'android'),
(573, 1, 'eyJhbGciOiJIUzI1NiIsInR5cCI6IkpXVCJ9.eyJpZFVzZXIiOjEsInR5cGVVc2VyIjoyLCJlbWFpbFVzZXIiOiJlbG9kaWUuYmVydGhhdWQxQGdtYWlsLmNvbSIsImlkRWNvbGUiOjEsImlhdCI6MTU1MTU1MTc5NywiZXhwIjoxNTUyMTU2NTk3fQ.8StC0PhiwwRCVI-m4sr6JQsTal41ta4KuN7F4WJ4xjA', 'ios'),
(574, 31, 'eyJhbGciOiJIUzI1NiIsInR5cCI6IkpXVCJ9.eyJpZFVzZXIiOjMxLCJ0eXBlVXNlciI6MSwiZW1haWxVc2VyIjoibGF1cmlhbmUuZm91cmNhZGVAc21nbC5mciIsImlkRWNvbGUiOjEsImlhdCI6MTU1MTU1MTgzMCwiZXhwIjoxNTUyMTU2NjMwfQ.uXgOuBbQ8jextYodg6jT8643OD2Tzx26hEvxKKfzPCo', 'android'),
(575, 1, 'eyJhbGciOiJIUzI1NiIsInR5cCI6IkpXVCJ9.eyJpZFVzZXIiOjEsInR5cGVVc2VyIjoyLCJlbWFpbFVzZXIiOiJlbG9kaWUuYmVydGhhdWQxQGdtYWlsLmNvbSIsImlkRWNvbGUiOjEsImlhdCI6MTU1MTYyNDc2NCwiZXhwIjoxNTUyMjI5NTY0fQ.ePxfLfWrrYzMZx1fKRPg3hcql0mSW7AltG7bWqm4zIQ', 'ios'),
(576, 1, 'eyJhbGciOiJIUzI1NiIsInR5cCI6IkpXVCJ9.eyJpZFVzZXIiOjEsInR5cGVVc2VyIjoyLCJlbWFpbFVzZXIiOiJlbG9kaWUuYmVydGhhdWQxQGdtYWlsLmNvbSIsImlkRWNvbGUiOjEsImlhdCI6MTU1MTYyODYzMywiZXhwIjoxNTUyMjMzNDMzfQ.ExbyTKD9tvcRHlX4jxgHf2NrFeFAxkb9w2e52LP_W24', 'ios'),
(577, 31, 'eyJhbGciOiJIUzI1NiIsInR5cCI6IkpXVCJ9.eyJpZFVzZXIiOjMxLCJ0eXBlVXNlciI6MSwiZW1haWxVc2VyIjoibGF1cmlhbmUuZm91cmNhZGVAc21nbC5mciIsImlkRWNvbGUiOjEsImlhdCI6MTU1MTYyODc1MSwiZXhwIjoxNTUyMjMzNTUxfQ.YVSMNHmbq7szwWWMGWz3N5vM8TySFr5D2nmkuyFHLlY', 'android'),
(578, 1, 'eyJhbGciOiJIUzI1NiIsInR5cCI6IkpXVCJ9.eyJpZFVzZXIiOjEsInR5cGVVc2VyIjoyLCJlbWFpbFVzZXIiOiJlbG9kaWUuYmVydGhhdWQxQGdtYWlsLmNvbSIsImlkRWNvbGUiOjEsImlhdCI6MTU1MTYyODc4OSwiZXhwIjoxNTUyMjMzNTg5fQ.jNxAapSqZE1_9BF2sChnQ5vlwn8JNB5A-gzzyrqZiJg', 'ios'),
(579, 1, 'eyJhbGciOiJIUzI1NiIsInR5cCI6IkpXVCJ9.eyJpZFVzZXIiOjEsInR5cGVVc2VyIjoyLCJlbWFpbFVzZXIiOiJlbG9kaWUuYmVydGhhdWQxQGdtYWlsLmNvbSIsImlkRWNvbGUiOjEsImlhdCI6MTU1MTYzMjg4NSwiZXhwIjoxNTUyMjM3Njg1fQ.ljvPiwdguqDMTAQBioUmLNph159pCsO_AZ1J39J4Z3Y', 'ios'),
(580, 31, 'eyJhbGciOiJIUzI1NiIsInR5cCI6IkpXVCJ9.eyJpZFVzZXIiOjMxLCJ0eXBlVXNlciI6MSwiZW1haWxVc2VyIjoibGF1cmlhbmUuZm91cmNhZGVAc21nbC5mciIsImlkRWNvbGUiOjEsImlhdCI6MTU1MTY5NTg5NSwiZXhwIjoxNTUyMzAwNjk1fQ.6hMAltXimEH5E-DTrD5GwDI694IQbv8ernxXEfN2JrY', 'android'),
(581, 1, 'eyJhbGciOiJIUzI1NiIsInR5cCI6IkpXVCJ9.eyJpZFVzZXIiOjEsInR5cGVVc2VyIjoyLCJlbWFpbFVzZXIiOiJlbG9kaWUuYmVydGhhdWQxQGdtYWlsLmNvbSIsImlkRWNvbGUiOjEsImlhdCI6MTU1MTY5NTk5NywiZXhwIjoxNTUyMzAwNzk3fQ.kxB-SERJh5jzk1S45e5qMKL0JNkIzRAMxN1ouB-EUPM', 'ios'),
(582, 1, 'eyJhbGciOiJIUzI1NiIsInR5cCI6IkpXVCJ9.eyJpZFVzZXIiOjEsInR5cGVVc2VyIjoyLCJlbWFpbFVzZXIiOiJlbG9kaWUuYmVydGhhdWQxQGdtYWlsLmNvbSIsImlkRWNvbGUiOjEsImlhdCI6MTU1MTcyNjg1NSwiZXhwIjoxNTUyMzMxNjU1fQ.dU5PevRS2cdL5Y0BUT5qns4ePADC_lkoVB15pjSfC0A', 'ios'),
(583, 1, 'eyJhbGciOiJIUzI1NiIsInR5cCI6IkpXVCJ9.eyJpZFVzZXIiOjEsInR5cGVVc2VyIjoyLCJlbWFpbFVzZXIiOiJlbG9kaWUuYmVydGhhdWQxQGdtYWlsLmNvbSIsImlkRWNvbGUiOjEsImlhdCI6MTU1MTc4NDgyMCwiZXhwIjoxNTUyMzg5NjIwfQ.AQUzC6Q6NtSQHoxjjggwJJHAcPdgr0wGdy18ruWZYRI', 'ios'),
(584, 1, 'eyJhbGciOiJIUzI1NiIsInR5cCI6IkpXVCJ9.eyJpZFVzZXIiOjEsInR5cGVVc2VyIjoyLCJlbWFpbFVzZXIiOiJlbG9kaWUuYmVydGhhdWQxQGdtYWlsLmNvbSIsImlkRWNvbGUiOjEsImlhdCI6MTU1MTg3OTkxOCwiZXhwIjoxNTUyNDg0NzE4fQ.E1Mg7AKm0QaC4VlMrQZHaRomdQFi728qioc7rkQGMwk', 'ios'),
(585, 1, 'eyJhbGciOiJIUzI1NiIsInR5cCI6IkpXVCJ9.eyJpZFVzZXIiOjEsInR5cGVVc2VyIjoyLCJlbWFpbFVzZXIiOiJlbG9kaWUuYmVydGhhdWQxQGdtYWlsLmNvbSIsImlkRWNvbGUiOjEsImlhdCI6MTU1MTg4MDg2NiwiZXhwIjoxNTUyNDg1NjY2fQ.O1DuL6nUnH1yRObFMhpMrar91MS9qjeJxmR3VwpWr98', 'ios'),
(586, 1, 'eyJhbGciOiJIUzI1NiIsInR5cCI6IkpXVCJ9.eyJpZFVzZXIiOjEsInR5cGVVc2VyIjoyLCJlbWFpbFVzZXIiOiJlbG9kaWUuYmVydGhhdWQxQGdtYWlsLmNvbSIsImlkRWNvbGUiOjEsImlhdCI6MTU1MTg4MTUwMywiZXhwIjoxNTUyNDg2MzAzfQ.DqPM0cW9kYfP5WTnAJEo0hSHjt5UKmuDZlUOZked1C4', 'ios'),
(587, 31, 'eyJhbGciOiJIUzI1NiIsInR5cCI6IkpXVCJ9.eyJpZFVzZXIiOjMxLCJ0eXBlVXNlciI6MSwiZW1haWxVc2VyIjoibGF1cmlhbmUuZm91cmNhZGVAc21nbC5mciIsImlkRWNvbGUiOjEsImlhdCI6MTU1MTg4MTU0MCwiZXhwIjoxNTUyNDg2MzQwfQ.qAAVFY76DCdrEjENkyQ-mzUfYcjXBHmzKzujhZjqZ2Q', 'android'),
(588, 1, 'eyJhbGciOiJIUzI1NiIsInR5cCI6IkpXVCJ9.eyJpZFVzZXIiOjEsInR5cGVVc2VyIjoyLCJlbWFpbFVzZXIiOiJlbG9kaWUuYmVydGhhdWQxQGdtYWlsLmNvbSIsImlkRWNvbGUiOjEsImlhdCI6MTU1MTg4MTY0NCwiZXhwIjoxNTUyNDg2NDQ0fQ.5ybURJgd8aPxzkPyma5NFZH8umYG3nJ1uhIwLye_VNc', 'ios'),
(589, 33, 'eyJhbGciOiJIUzI1NiIsInR5cCI6IkpXVCJ9.eyJpZFVzZXIiOjMzLCJ0eXBlVXNlciI6MiwiZW1haWxVc2VyIjoidGhvbWFzLmd1aWNoYXJkQGVwaXRlY2guZXUiLCJpZEVjb2xlIjoxLCJpYXQiOjE1NTE4ODQ0NDQsImV4cCI6MTU1MjQ4OTI0NH0.FAZfZMYDD9KoLsnSdq3R_m_HAgCbhg5J1C8UiEsr0lg', 'web'),
(590, 33, 'eyJhbGciOiJIUzI1NiIsInR5cCI6IkpXVCJ9.eyJpZFVzZXIiOjMzLCJ0eXBlVXNlciI6MiwiZW1haWxVc2VyIjoidGhvbWFzLmd1aWNoYXJkQGVwaXRlY2guZXUiLCJpZEVjb2xlIjoxLCJpYXQiOjE1NTE4ODYwNTAsImV4cCI6MTU1MjQ5MDg1MH0.5-_Gs_irzAnIxQKI7RBOrQZoaiQqhf_H3oJrKd_ijoI', 'web'),
(591, 33, 'eyJhbGciOiJIUzI1NiIsInR5cCI6IkpXVCJ9.eyJpZFVzZXIiOjMzLCJ0eXBlVXNlciI6MiwiZW1haWxVc2VyIjoidGhvbWFzLmd1aWNoYXJkQGVwaXRlY2guZXUiLCJpZEVjb2xlIjoxLCJpYXQiOjE1NTE4ODkyMDEsImV4cCI6MTU1MjQ5NDAwMX0.N8hgMBBR2e9NxB_Ta-YdbF86FLTmET4Mn8_PzsCYfSE', 'web'),
(592, 31, 'eyJhbGciOiJIUzI1NiIsInR5cCI6IkpXVCJ9.eyJpZFVzZXIiOjMxLCJ0eXBlVXNlciI6MSwiZW1haWxVc2VyIjoibGF1cmlhbmUuZm91cmNhZGVAc21nbC5mciIsImlkRWNvbGUiOjEsImlhdCI6MTU1MTg4OTU5NiwiZXhwIjoxNTUyNDk0Mzk2fQ.kc4QY0eRD2X5xwfPM4AKkp-ixKu5qMMqPZ5XGc4YnL4', 'android'),
(593, 1, 'eyJhbGciOiJIUzI1NiIsInR5cCI6IkpXVCJ9.eyJpZFVzZXIiOjEsInR5cGVVc2VyIjoyLCJlbWFpbFVzZXIiOiJlbG9kaWUuYmVydGhhdWQxQGdtYWlsLmNvbSIsImlkRWNvbGUiOjEsImlhdCI6MTU1MTg4OTY0NSwiZXhwIjoxNTUyNDk0NDQ1fQ.KIRYZ-Zjd68b1BrI-Ff4_KLSW16-15pyRuyRKsghpQY', 'ios'),
(594, 31, 'eyJhbGciOiJIUzI1NiIsInR5cCI6IkpXVCJ9.eyJpZFVzZXIiOjMxLCJ0eXBlVXNlciI6MSwiZW1haWxVc2VyIjoibGF1cmlhbmUuZm91cmNhZGVAc21nbC5mciIsImlkRWNvbGUiOjEsImlhdCI6MTU1MTg5MTM0MSwiZXhwIjoxNTUyNDk2MTQxfQ.cjpxFWpbFUoY4lrS_WSyc7jkEAT_tGFHMrdfGwKkqa0', 'android'),
(595, 1, 'eyJhbGciOiJIUzI1NiIsInR5cCI6IkpXVCJ9.eyJpZFVzZXIiOjEsInR5cGVVc2VyIjoyLCJlbWFpbFVzZXIiOiJlbG9kaWUuYmVydGhhdWQxQGdtYWlsLmNvbSIsImlkRWNvbGUiOjEsImlhdCI6MTU1MTg5MTM1NiwiZXhwIjoxNTUyNDk2MTU2fQ.qqjLg4A5gyv1IpHsVUjK0xY10o3EE4_tiqhPAdqXWys', 'ios'),
(596, 36, 'eyJhbGciOiJIUzI1NiIsInR5cCI6IkpXVCJ9.eyJpZFVzZXIiOjM2LCJ0eXBlVXNlciI6MSwiZW1haWxVc2VyIjoiZWxvZGllZHVuZXRlc3RAZ21haWwuY29tIiwiaWRFY29sZSI6MSwiaWF0IjoxNTUxODkxMzc4LCJleHAiOjE1NTI0OTYxNzh9.t3LR7JSnqRHI5jhnCGzOjLTIiPtRBKR4uUcbWIX4S6w', 'web'),
(597, 1, 'eyJhbGciOiJIUzI1NiIsInR5cCI6IkpXVCJ9.eyJpZFVzZXIiOjEsInR5cGVVc2VyIjoyLCJlbWFpbFVzZXIiOiJlbG9kaWUuYmVydGhhdWQxQGdtYWlsLmNvbSIsImlkRWNvbGUiOjEsImlhdCI6MTU1MTg5MTQwMywiZXhwIjoxNTUyNDk2MjAzfQ.wAyslPqNiXkEYl87cBBJ2WNqDnoKCGI9sQaxn49abi8', 'ios'),
(598, 1, 'eyJhbGciOiJIUzI1NiIsInR5cCI6IkpXVCJ9.eyJpZFVzZXIiOjEsInR5cGVVc2VyIjoyLCJlbWFpbFVzZXIiOiJlbG9kaWUuYmVydGhhdWQxQGdtYWlsLmNvbSIsImlkRWNvbGUiOjEsImlhdCI6MTU1MTg5MTYyMCwiZXhwIjoxNTUyNDk2NDIwfQ.sh_xNjuaqz_9lB34Q-59Dt6BG6rCBqFZSbCK8UOnzd4', 'ios');

-- --------------------------------------------------------

--
-- Structure de la table `d_classe`
--

CREATE TABLE `d_classe` (
  `idClasse` int(6) NOT NULL,
  `level` int(2) NOT NULL,
  `num` int(11) NOT NULL,
  `annee` varchar(9) COLLATE utf8_unicode_ci NOT NULL
) ENGINE=InnoDB DEFAULT CHARSET=utf8 COLLATE=utf8_unicode_ci;

--
-- Contenu de la table `d_classe`
--

INSERT INTO `d_classe` (`idClasse`, `level`, `num`, `annee`) VALUES
(1, 4, 1, '2017/2018'),
(2, 8, 1, '2017/2018'),
(3, 5, 1, '2017/2018'),
(4, 5, 2, '2017/2018'),
(5, 7, 1, '2017/2018');

-- --------------------------------------------------------

--
-- Structure de la table `d_classeEcole`
--

CREATE TABLE `d_classeEcole` (
  `idClasse` int(6) NOT NULL,
  `idEcole` int(6) NOT NULL
) ENGINE=InnoDB DEFAULT CHARSET=utf8 COLLATE=utf8_unicode_ci;

--
-- Contenu de la table `d_classeEcole`
--

INSERT INTO `d_classeEcole` (`idClasse`, `idEcole`) VALUES
(1, 1),
(2, 1),
(3, 1),
(4, 1),
(5, 1);

-- --------------------------------------------------------

--
-- Structure de la table `d_classeEleve`
--

CREATE TABLE `d_classeEleve` (
  `idClasse` int(11) NOT NULL,
  `idEleve` int(11) NOT NULL
) ENGINE=InnoDB DEFAULT CHARSET=utf8 COLLATE=utf8_unicode_ci;

--
-- Contenu de la table `d_classeEleve`
--

INSERT INTO `d_classeEleve` (`idClasse`, `idEleve`) VALUES
(1, 1),
(1, 2),
(1, 3),
(1, 4),
(2, 5),
(2, 6),
(2, 7),
(2, 8),
(3, 9),
(3, 10),
(4, 11),
(4, 12),
(5, 13),
(5, 14),
(4, 15),
(3, 38),
(1, 42),
(1, 43),
(2, 44),
(1, 45),
(1, 46),
(4, 47);

-- --------------------------------------------------------

--
-- Structure de la table `d_comsGames`
--

CREATE TABLE `d_comsGames` (
  `idCom` int(20) NOT NULL,
  `idUser` int(10) NOT NULL,
  `idEcole` int(10) NOT NULL,
  `date` timestamp NOT NULL DEFAULT CURRENT_TIMESTAMP,
  `commentaire` text NOT NULL
) ENGINE=InnoDB DEFAULT CHARSET=utf8;

-- --------------------------------------------------------

--
-- Structure de la table `d_creator`
--

CREATE TABLE `d_creator` (
  `idCreator` int(8) NOT NULL,
  `nom` varchar(32) NOT NULL
) ENGINE=InnoDB DEFAULT CHARSET=utf8;

--
-- Contenu de la table `d_creator`
--

INSERT INTO `d_creator` (`idCreator`, `nom`) VALUES
(1, 'Zerator'),
(2, 'MvCaster');

-- --------------------------------------------------------

--
-- Structure de la table `d_demandeAchatGame`
--

CREATE TABLE `d_demandeAchatGame` (
  `idDemande` int(11) NOT NULL,
  `idGame` int(8) NOT NULL,
  `idEcole` int(6) NOT NULL,
  `isAccepted` int(11) NOT NULL DEFAULT '2'
) ENGINE=InnoDB DEFAULT CHARSET=utf8;

--
-- Contenu de la table `d_demandeAchatGame`
--

INSERT INTO `d_demandeAchatGame` (`idDemande`, `idGame`, `idEcole`, `isAccepted`) VALUES
(114, 2, 1, 1),
(115, 1, 1, 1),
(116, 4, 1, 2);

-- --------------------------------------------------------

--
-- Structure de la table `d_ecole`
--

CREATE TABLE `d_ecole` (
  `id` int(6) NOT NULL,
  `idDirecteur` int(11) NOT NULL,
  `nomEcole` varchar(32) COLLATE utf8_unicode_ci NOT NULL
) ENGINE=InnoDB DEFAULT CHARSET=utf8 COLLATE=utf8_unicode_ci;

--
-- Contenu de la table `d_ecole`
--

INSERT INTO `d_ecole` (`id`, `idDirecteur`, `nomEcole`) VALUES
(1, 1, 'Sainte-Marie: Grand Lebrun'),
(2, 33, 'Epitech');

-- --------------------------------------------------------

--
-- Structure de la table `d_eleves`
--

CREATE TABLE `d_eleves` (
  `idEleve` int(6) NOT NULL,
  `nomEleve` varchar(32) COLLATE utf8_unicode_ci NOT NULL,
  `prenomEleve` varchar(32) COLLATE utf8_unicode_ci NOT NULL,
  `BAE` varchar(32) COLLATE utf8_unicode_ci DEFAULT NULL,
  `INE` varchar(32) COLLATE utf8_unicode_ci DEFAULT NULL,
  `picPath` text COLLATE utf8_unicode_ci
) ENGINE=InnoDB DEFAULT CHARSET=utf8 COLLATE=utf8_unicode_ci;

--
-- Contenu de la table `d_eleves`
--

INSERT INTO `d_eleves` (`idEleve`, `nomEleve`, `prenomEleve`, `BAE`, `INE`, `picPath`) VALUES
(1, 'Merveillau', 'Denis', NULL, NULL, '1-eleve.png'),
(2, 'Senouci', 'Elies', NULL, NULL, '2-eleve.png'),
(3, 'Hersent', 'François', NULL, NULL, '3-eleve.png'),
(4, 'Bonduelle', 'James', NULL, NULL, '4-eleve.png'),
(5, 'Escrig', 'Raphael', NULL, NULL, '5-eleve.png'),
(6, 'Gadrat', 'Diana', NULL, NULL, '6-eleve.png'),
(7, 'Maisonnave', 'florian', NULL, NULL, '7-eleve.png'),
(8, 'Lauque', 'Camille', NULL, NULL, '8-eleve.png'),
(9, 'Rizla', 'Jeanne', NULL, NULL, '9-eleve.png'),
(10, 'Rimbaud', 'Martin', NULL, NULL, '10-eleve.png'),
(11, 'Charbonnier', 'Fanni', NULL, NULL, '11-eleve.png'),
(12, 'Septente', 'Sophie', NULL, NULL, '12-eleve.png'),
(13, 'Bozo', 'Jessico', NULL, NULL, '13-eleve.png'),
(14, 'Couturier', 'Manon', NULL, NULL, '14-eleve.png'),
(15, 'Lebedav', 'Camilla', NULL, NULL, '15-eleve.png'),
(16, 'Rapous', 'Capucine', NULL, NULL, NULL),
(17, 'Berthaud', 'Elodie', NULL, NULL, NULL),
(18, 'Brieux', 'Maxime', NULL, NULL, NULL),
(19, 'Marandat', 'Vincent', NULL, NULL, NULL),
(20, 'Raspous', 'Alice', NULL, NULL, NULL),
(21, 'Larang', 'Damien', NULL, NULL, NULL),
(33, 'Berthaud', 'Elodie', NULL, NULL, NULL),
(38, 'Ingrid', 'Pozz', NULL, NULL, '38-eleve.png'),
(42, 'Villepinte', 'Marc', NULL, NULL, '42-eleve.png'),
(43, 'test', 'eleve', NULL, NULL, '43-eleve.png'),
(44, 'test', 'hello', NULL, NULL, NULL),
(45, 'test', 'prod', NULL, NULL, NULL),
(46, 'ttt', 'ttt', NULL, NULL, NULL),
(47, 'ce1', 'imgtestprod', NULL, NULL, NULL);

-- --------------------------------------------------------

--
-- Structure de la table `d_games`
--

CREATE TABLE `d_games` (
  `id` int(8) NOT NULL,
  `idType` int(2) NOT NULL,
  `name` varchar(32) NOT NULL,
  `creator` int(8) NOT NULL,
  `path` varchar(256) DEFAULT NULL,
  `picPath` text
) ENGINE=InnoDB DEFAULT CHARSET=utf8;

--
-- Contenu de la table `d_games`
--

INSERT INTO `d_games` (`id`, `idType`, `name`, `creator`, `path`, `picPath`) VALUES
(1, 1, 'Zelda', 1, 'NULL', '1-app.png'),
(2, 2, 'Candy Crush', 1, NULL, '2-app.png'),
(3, 1, 'Puzzle', 2, NULL, '3-app.png'),
(4, 1, 'Fallout 76', 2, NULL, '4-app.png');

-- --------------------------------------------------------

--
-- Structure de la table `d_gamesAppEcole`
--

CREATE TABLE `d_gamesAppEcole` (
  `idGame` int(8) NOT NULL,
  `idEcole` int(6) NOT NULL,
  `dateAchat` timestamp NOT NULL DEFAULT CURRENT_TIMESTAMP
) ENGINE=InnoDB DEFAULT CHARSET=utf8;

--
-- Contenu de la table `d_gamesAppEcole`
--

INSERT INTO `d_gamesAppEcole` (`idGame`, `idEcole`, `dateAchat`) VALUES
(1, 1, '2019-03-06 16:57:04'),
(2, 1, '2019-03-06 16:48:35');

-- --------------------------------------------------------

--
-- Structure de la table `d_gamesPlayed`
--

CREATE TABLE `d_gamesPlayed` (
  `idGP` int(11) NOT NULL,
  `idGame` int(11) NOT NULL,
  `idTypeGame` int(6) NOT NULL,
  `idProf` int(6) NOT NULL,
  `idClasse` int(6) NOT NULL
) ENGINE=InnoDB DEFAULT CHARSET=utf8 COLLATE=utf8_unicode_ci;

-- --------------------------------------------------------

--
-- Structure de la table `d_gamesScored`
--

CREATE TABLE `d_gamesScored` (
  `idGP` int(11) NOT NULL,
  `idEleve` int(6) NOT NULL,
  `score` int(3) NOT NULL
) ENGINE=InnoDB DEFAULT CHARSET=utf8 COLLATE=utf8_unicode_ci;

-- --------------------------------------------------------

--
-- Structure de la table `d_licencesTables`
--

CREATE TABLE `d_licencesTables` (
  `idLicence` int(10) NOT NULL,
  `idEcole` int(10) NOT NULL,
  `serial` varchar(32) NOT NULL,
  `used` tinyint(1) NOT NULL,
  `dateExpire` date NOT NULL
) ENGINE=InnoDB DEFAULT CHARSET=utf8;

-- --------------------------------------------------------

--
-- Structure de la table `d_notifications`
--

CREATE TABLE `d_notifications` (
  `idNotif` int(11) NOT NULL,
  `idUser` int(11) NOT NULL,
  `idToNotify` int(11) NOT NULL,
  `typeNotif` int(2) NOT NULL,
  `isRead` int(1) NOT NULL DEFAULT '0',
  `textNotif` text NOT NULL
) ENGINE=InnoDB DEFAULT CHARSET=utf8;

--
-- Contenu de la table `d_notifications`
--

INSERT INTO `d_notifications` (`idNotif`, `idUser`, `idToNotify`, `typeNotif`, `isRead`, `textNotif`) VALUES
(198, 1, 114, 1, 1, 'Une demande d\'achat d\'application a été faite.'),
(199, 1, 115, 1, 1, 'Une demande d\'achat d\'application a été faite.'),
(200, 1, 116, 1, 0, 'Une demande d\'achat d\'application a été faite.');

-- --------------------------------------------------------

--
-- Structure de la table `d_partDemandeAchat`
--

CREATE TABLE `d_partDemandeAchat` (
  `idDemande` int(11) NOT NULL,
  `idProf` int(11) NOT NULL,
  `commentaire` text,
  `dateDemande` timestamp NOT NULL DEFAULT CURRENT_TIMESTAMP
) ENGINE=InnoDB DEFAULT CHARSET=utf8;

--
-- Contenu de la table `d_partDemandeAchat`
--

INSERT INTO `d_partDemandeAchat` (`idDemande`, `idProf`, `commentaire`, `dateDemande`) VALUES
(114, 31, 'test', '2019-03-06 16:27:02'),
(115, 31, 'null', '2019-03-06 16:55:49'),
(115, 36, 'null', '2019-03-06 16:56:26'),
(116, 36, 'null', '2019-03-06 16:56:37');

-- --------------------------------------------------------

--
-- Structure de la table `d_profsAppClasse`
--

CREATE TABLE `d_profsAppClasse` (
  `idProf` int(11) NOT NULL,
  `idClasse` int(11) NOT NULL
) ENGINE=InnoDB DEFAULT CHARSET=latin1;

--
-- Contenu de la table `d_profsAppClasse`
--

INSERT INTO `d_profsAppClasse` (`idProf`, `idClasse`) VALUES
(1, 1),
(2, 2),
(1, 3),
(31, 3),
(1, 4),
(30, 4),
(32, 4),
(1, 5),
(30, 5),
(31, 5);

-- --------------------------------------------------------

--
-- Structure de la table `d_profsAppEcole`
--

CREATE TABLE `d_profsAppEcole` (
  `idEcole` int(6) NOT NULL,
  `idProf` int(6) NOT NULL
) ENGINE=InnoDB DEFAULT CHARSET=utf8 COLLATE=utf8_unicode_ci;

--
-- Contenu de la table `d_profsAppEcole`
--

INSERT INTO `d_profsAppEcole` (`idEcole`, `idProf`) VALUES
(1, 1),
(1, 2),
(1, 31),
(1, 32),
(1, 33),
(1, 36);

-- --------------------------------------------------------

--
-- Structure de la table `d_tableEcole`
--

CREATE TABLE `d_tableEcole` (
  `idTable` int(11) NOT NULL,
  `idEcole` int(11) NOT NULL
) ENGINE=InnoDB DEFAULT CHARSET=utf8;

-- --------------------------------------------------------

--
-- Structure de la table `d_tableGames`
--

CREATE TABLE `d_tableGames` (
  `idTable` int(8) NOT NULL,
  `idGame` int(11) NOT NULL
) ENGINE=InnoDB DEFAULT CHARSET=utf8;

-- --------------------------------------------------------

--
-- Structure de la table `d_tableProf`
--

CREATE TABLE `d_tableProf` (
  `tokenTable` varchar(256) NOT NULL,
  `idTable` int(8) NOT NULL,
  `idProf` int(8) NOT NULL DEFAULT '0'
) ENGINE=InnoDB DEFAULT CHARSET=utf8;

--
-- Contenu de la table `d_tableProf`
--

INSERT INTO `d_tableProf` (`tokenTable`, `idTable`, `idProf`) VALUES
('003cd4442a8640586298bc5e16e8a1e8', 1, 0),
('01697fe19978059f1cb6cc6792844f2a', 1, 0),
('0a90d07be852a4025c40eb9c4ae83354', 1, 0),
('15c3cabb09f701e6fa0672b4c5962421', 1, 0),
('161d755e2eb9612a0f3d89dd68bcbf2f', 1, 0),
('2474afb85d6ca565aeb18bfa7208bbad', 1, 0),
('24e88bbc727c5deec95e7d59cde93f6a', 1, 0),
('38b58bf2d4342e76cf66b5383022fbcc', 1, 0),
('3d41341732ccec496267489689d3f732', 1, 0),
('4b9ddeb55b77d340282f8f0195c8cbf7', 1, 0),
('52f8ff015b89d1653c761a15950f1ec6', 1, 0),
('5844120df08496b749f6bb22a4183396', 1, 0),
('5b62965450ead38e3ff0852ecf92f032', 1, 0),
('5ed45a1c0e891b8719ba43c07b1dd6d5', 1, 0),
('5ef4295c10a0f4897c76bdf0ed397304', 1, 0),
('62f62b24c96f187179b1a2a1f5a48dad', 1, 0),
('6a6a520ec16228c8b49c083402601d8d', 1, 0),
('6b805ab79a00f89ed7099057892813a7', 1, 0),
('6f81c3b57782ce4c0a38b6b29752227e', 1, 0),
('7127b8cde5f440ec65e1cf5af980cbc1', 1, 0),
('762c79d1a43b0e25ed587053082a49e3', 1, 0),
('79788446624fcd1b4b0f9693de023934', 1, 0),
('7f73b2085576b1dfddd81f5939d94502', 1, 0),
('848ad1b3287fe4149fb4137946b4d2e3', 1, 0),
('88b8452551aa6a147f5880d0f1d7cd43', 1, 0),
('917f61020ad129bbb96c7214f219552a', 1, 0),
('947c779893c97738b14b82ac1b4442e8', 1, 0),
('95f7b6bb07f41ae3b1de0259fa795fbf', 1, 0),
('a3ec031081be7a0cb3803ac229596a77', 1, 0),
('aae9dc647b7599269c390f29aecde190', 1, 0),
('ab7e75f02d1c0629e6590a565e6d753a', 1, 0),
('abbe67ec18df9df7cda3825362068240', 1, 0),
('ac1859005d5b3bb9c08d2c7ea2d640d3', 1, 0),
('b32500bc95aeb5e09b78e7f30bf112ea', 1, 0),
('b5819abc160819e3cc7875701a2debef', 1, 0),
('b5f2fc47b08e19dcb1d08cfd44ce6de3', 1, 0),
('b6189a3270c1ff0000ed1d6aaade7bed', 1, 0),
('b91e7557477d355edd4b1d8cf7747b00', 1, 0),
('baa7b07ac8d6a6647de43b9f1b03a0d6', 1, 0),
('bbc773801ed63c5960f86859f891edd4', 1, 0),
('c1594c58a69994ffe7cbb5e32bff527d', 1, 0),
('c1f5fbc9fb8de765d0cf3a4dc086c1c9', 1, 0),
('c65f07f81bd6f5ac1af0bc3e2e84e3d4', 1, 0),
('cfc23489b8727bac60fe3b0d5c0e9a34', 1, 0),
('d8960ee4ffe3a4fb648256f2f776a97d', 1, 0),
('da65930648ff8bd4937648bc8e54255b', 1, 0),
('dc55526a6d8bcffb8f198911b4681983', 1, 0),
('e787dd45103495391784416754334458', 1, 0),
('e896742161445cd5254344ecf0e5cadc', 1, 0),
('f15a6aa5cb3d74fe785a32d8f47d02d9', 1, 0),
('f3179cccd68add72ee755be1d141affb', 1, 0),
('f7e23c700fb491a61d1a487f10d6cb4b', 1, 0),
('f7f7f7637165825f3fe227429e98a8ca', 1, 0),
('ff3d4a867f47931bdc1b8f9393d044a7', 1, 0),
('1db61120b358e4784e26dc56f25f4236', 1, 33),
('76fe9e54d2bd7bb761e5aab2ef3ba1de', 1, 33),
('ec294f76cf2763bed76b86a86d307b9e', 1, 33);

-- --------------------------------------------------------

--
-- Structure de la table `d_tables`
--

CREATE TABLE `d_tables` (
  `idTable` int(8) NOT NULL,
  `idSerial` int(10) NOT NULL DEFAULT '0',
  `nomTable` varchar(32) NOT NULL,
  `access_token` text NOT NULL
) ENGINE=InnoDB DEFAULT CHARSET=utf8;

--
-- Contenu de la table `d_tables`
--

INSERT INTO `d_tables` (`idTable`, `idSerial`, `nomTable`, `access_token`) VALUES
(1, 0, 'Dune 1', 'eyJhbGciOiJIUzI1NiIsInR5cCI6IkpXVCJ9.eyJpYXQiOjE1NDI5ODY0NzYsImV4cCI6MTg1ODM0NjQ3Nn0.1-AzcidDuMfnI9c36ZX2Kp_SpU0fwwh1AtX2LNkALQk'),
(124, 0, 'undefined', 'eyJhbGciOiJIUzI1NiIsInR5cCI6IkpXVCJ9.eyJpYXQiOjE1NDI5MTA3OTQsImV4cCI6MTg1ODI3MDc5NH0.GZ0k6LMucrpAeuTa2ILYAfsJMYPCdbJWZacXojYPWdE'),
(125, 0, 'undefined', 'eyJhbGciOiJIUzI1NiIsInR5cCI6IkpXVCJ9.eyJpYXQiOjE1NDI5MTA4NzEsImV4cCI6MTg1ODI3MDg3MX0.err1vPbarDvaD8c93x-OzOBoCjhDIe3uccVfOmKVaqk'),
(126, 0, 'undefined', 'eyJhbGciOiJIUzI1NiIsInR5cCI6IkpXVCJ9.eyJpYXQiOjE1NDI5MTEzMDcsImV4cCI6MTg1ODI3MTMwN30.hZ9tNFYWVHp1kozmOX7lVm9LX2j58HmIB7Uj8zmcjyc'),
(127, 0, 'Gadrat', 'eyJhbGciOiJIUzI1NiIsInR5cCI6IkpXVCJ9.eyJpZCI6IkdhZHJhdCIsImlhdCI6MTU0Mjk4NjEwMCwiZXhwIjoxODU4MzQ2MTAwfQ.hDjjvaNVmpU8EL7QRdmtJs5I3Zmk5Sh2xmHfqxbw-JI'),
(129, 0, 'undefined', 'eyJhbGciOiJIUzI1NiIsInR5cCI6IkpXVCJ9.eyJwZXJtIjo0LCJpYXQiOjE1NDM1OTYwMzEsImV4cCI6MTg1ODk1NjAzMX0.zEnh6159J1_cgmVqDzPHp5lKIfJTf5VpJPaBgfbFa4s'),
(130, 0, 'undefined', 'eyJhbGciOiJIUzI1NiIsInR5cCI6IkpXVCJ9.eyJwZXJtIjo0LCJpYXQiOjE1NDM2ODQxMzQsImV4cCI6MTg1OTA0NDEzNH0.fjLiJ6sVHjWWWkBnh0t1XFq_0y3ypNQCzquLGY65oUg'),
(131, 0, 'undefined', 'eyJhbGciOiJIUzI1NiIsInR5cCI6IkpXVCJ9.eyJwZXJtIjo0LCJpYXQiOjE1NDM3NzA5MTMsImV4cCI6MTg1OTEzMDkxM30.9qQixW4newDPDKxDmEc7TBXDj7jeQV1dxRCqtcOKmHs'),
(132, 0, 'undefined', 'eyJhbGciOiJIUzI1NiIsInR5cCI6IkpXVCJ9.eyJwZXJtIjo0LCJpYXQiOjE1NDM5MTE4MTEsImV4cCI6MTg1OTI3MTgxMX0.swHRKgbE1QewZElnmR8QRwoNy93H-UZl-N5jGH3RK0c'),
(133, 0, 'undefined', 'eyJhbGciOiJIUzI1NiIsInR5cCI6IkpXVCJ9.eyJwZXJtIjo0LCJpYXQiOjE1NDQwMjc5MzIsImV4cCI6MTg1OTM4NzkzMn0.4oC9IfFpMR5UnW14oM2ceOaL2PGP8XA_BgL7dVgAIoc'),
(134, 0, 'undefined', 'eyJhbGciOiJIUzI1NiIsInR5cCI6IkpXVCJ9.eyJwZXJtIjo0LCJpYXQiOjE1NDQwMjc5NzEsImV4cCI6MTg1OTM4Nzk3MX0.xAICQC9LYYEuZe6uA_ooHBeaDuvG96OsEQ6Vbs8WOoI'),
(135, 0, 'undefined', 'eyJhbGciOiJIUzI1NiIsInR5cCI6IkpXVCJ9.eyJwZXJtIjo0LCJpYXQiOjE1NDQwMjkwNTIsImV4cCI6MTg1OTM4OTA1Mn0.H6d_suNMqIu-qhqqyJA83-Kod6OyOr6smPvaC8g8luI'),
(136, 0, 'undefined', 'eyJhbGciOiJIUzI1NiIsInR5cCI6IkpXVCJ9.eyJwZXJtIjo0LCJpYXQiOjE1NDQxMDc1MjAsImV4cCI6MTg1OTQ2NzUyMH0.JTxjm1875eHLJkyr0pfKdLCx34EMcjbEUARtfOWI0H0'),
(137, 0, 'undefined', 'eyJhbGciOiJIUzI1NiIsInR5cCI6IkpXVCJ9.eyJwZXJtIjo0LCJpYXQiOjE1NDQxMDk3NDYsImV4cCI6MTg1OTQ2OTc0Nn0.Uzterh95LvCL_BGliIEajHJlKLZSAppRkzdEOMZqodg'),
(138, 0, 'undefined', 'eyJhbGciOiJIUzI1NiIsInR5cCI6IkpXVCJ9.eyJwZXJtIjo0LCJpYXQiOjE1NDQxMDk5MzgsImV4cCI6MTg1OTQ2OTkzOH0.zKPYJjIuuMCSJQk2Mmnse8YZDMp4p-012JZFRu8whzc'),
(139, 0, 'undefined', 'eyJhbGciOiJIUzI1NiIsInR5cCI6IkpXVCJ9.eyJwZXJtIjo0LCJpYXQiOjE1NDQxMTAxODAsImV4cCI6MTg1OTQ3MDE4MH0.w6y_dOMe6kxkcKb_lzSm9V0zGi4WffOrKUHDhpgn_JQ'),
(140, 0, 'undefined', 'eyJhbGciOiJIUzI1NiIsInR5cCI6IkpXVCJ9.eyJwZXJtIjo0LCJpYXQiOjE1NDQzOTUzNjUsImV4cCI6MTg1OTc1NTM2NX0.vFSQ_8EBZ-SGeXMsWZxwLDRkYveyyqJYmYdaCS0MQCc'),
(141, 0, 'undefined', 'eyJhbGciOiJIUzI1NiIsInR5cCI6IkpXVCJ9.eyJwZXJtIjo0LCJpYXQiOjE1NDQzOTU0NDEsImV4cCI6MTg1OTc1NTQ0MX0.2EKQslFcUmvs5tDAn_tbtOSOzmZFcKHKUKuhhp8fuyQ'),
(142, 0, 'undefined', 'eyJhbGciOiJIUzI1NiIsInR5cCI6IkpXVCJ9.eyJwZXJtIjo0LCJpYXQiOjE1NDQzOTU2ODIsImV4cCI6MTg1OTc1NTY4Mn0.qenou_roFLjRPn_MEt5iysrkmRXW7n9pbp0EfnuWcRc'),
(143, 0, 'undefined', 'eyJhbGciOiJIUzI1NiIsInR5cCI6IkpXVCJ9.eyJwZXJtIjo0LCJpYXQiOjE1NDQzOTU3MTYsImV4cCI6MTg1OTc1NTcxNn0.V2qOpvg49DwEw7BZck3LGfU6Oam7tgY2H0tWjIJqnXE'),
(144, 0, 'undefined', 'eyJhbGciOiJIUzI1NiIsInR5cCI6IkpXVCJ9.eyJwZXJtIjo0LCJpYXQiOjE1NDQzOTU3NDAsImV4cCI6MTg1OTc1NTc0MH0.sN5IBAqkOEllaBbJh4JhStECpvZFNaDb-PxBvkRuUdk'),
(145, 0, 'undefined', 'eyJhbGciOiJIUzI1NiIsInR5cCI6IkpXVCJ9.eyJwZXJtIjo0LCJpYXQiOjE1NDQzOTU5MTcsImV4cCI6MTg1OTc1NTkxN30.u6xFzyNHxCzPeHqjoey8_CfQ4XN7DdKoY07lhHxK8QM'),
(146, 0, 'undefined', 'eyJhbGciOiJIUzI1NiIsInR5cCI6IkpXVCJ9.eyJwZXJtIjo0LCJpYXQiOjE1NDQzOTU5NjIsImV4cCI6MTg1OTc1NTk2Mn0.mh2kCkr4SK1GeI93ALuD694strWbpc408NBA_NDdHeo'),
(147, 0, 'undefined', 'eyJhbGciOiJIUzI1NiIsInR5cCI6IkpXVCJ9.eyJwZXJtIjo0LCJpYXQiOjE1NDQzOTYwNTQsImV4cCI6MTg1OTc1NjA1NH0.z5nA_Ie_fufTb6KhkInwy3H4HfM4YP-CpKGU0E4no1s'),
(148, 0, 'undefined', 'eyJhbGciOiJIUzI1NiIsInR5cCI6IkpXVCJ9.eyJwZXJtIjo0LCJpYXQiOjE1NDQzOTYxNDAsImV4cCI6MTg1OTc1NjE0MH0.b-YM7phngjhzGaoXJGQav6mmWfT0qIW_neD3aAoEeqQ'),
(149, 0, 'undefined', 'eyJhbGciOiJIUzI1NiIsInR5cCI6IkpXVCJ9.eyJwZXJtIjo0LCJpYXQiOjE1NDQzOTYxOTEsImV4cCI6MTg1OTc1NjE5MX0.lVxrSm_S9JsAs1QCDxObOrqTT3qOW4Yp91yMIzi1pu4'),
(150, 0, 'undefined', 'eyJhbGciOiJIUzI1NiIsInR5cCI6IkpXVCJ9.eyJwZXJtIjo0LCJpYXQiOjE1NDQzOTYyMzQsImV4cCI6MTg1OTc1NjIzNH0.D1xQIljzpcg-YEjfmEKpagHw5sE8i71KNeDyJNbVTVM'),
(151, 0, 'undefined', 'eyJhbGciOiJIUzI1NiIsInR5cCI6IkpXVCJ9.eyJwZXJtIjo0LCJpYXQiOjE1NDQzOTY1OTgsImV4cCI6MTg1OTc1NjU5OH0.qX7pBKLASBXQq95LVpZKxd_pjmG6nlCSQEtRSEYKm_k'),
(152, 0, 'undefined', 'eyJhbGciOiJIUzI1NiIsInR5cCI6IkpXVCJ9.eyJwZXJtIjo0LCJpYXQiOjE1NDQzOTcwMzYsImV4cCI6MTg1OTc1NzAzNn0.vldVe0cZ71EnVtXUMxw21rS8DXWBbkUvL7YN9ZStZa8'),
(153, 0, 'undefined', 'eyJhbGciOiJIUzI1NiIsInR5cCI6IkpXVCJ9.eyJwZXJtIjo0LCJpYXQiOjE1NDQzOTcwNzEsImV4cCI6MTg1OTc1NzA3MX0.QMem72tZu4ht8EIkUjdPmddcG7LUakpVYuI_1DFfjRc'),
(154, 0, 'undefined', 'eyJhbGciOiJIUzI1NiIsInR5cCI6IkpXVCJ9.eyJwZXJtIjo0LCJpYXQiOjE1NDQzOTcwODYsImV4cCI6MTg1OTc1NzA4Nn0.ocZObm9GS85IlkgNh4umxPmrscXZbpC_ejSl5-MJRNo'),
(155, 0, 'undefined', 'eyJhbGciOiJIUzI1NiIsInR5cCI6IkpXVCJ9.eyJwZXJtIjo0LCJpYXQiOjE1NDQzOTcxMjEsImV4cCI6MTg1OTc1NzEyMX0.un2DtG9AJJKN6Am95J5omQikCIX8-xtuW31u6w9Flvc'),
(156, 0, 'undefined', 'eyJhbGciOiJIUzI1NiIsInR5cCI6IkpXVCJ9.eyJwZXJtIjo0LCJpYXQiOjE1NDQzOTcxMzksImV4cCI6MTg1OTc1NzEzOX0.AVAam9lvHVDvO6Nt2yfW-vDlJdNgZSpm_Ir_Kw2KMCk'),
(157, 0, 'undefined', 'eyJhbGciOiJIUzI1NiIsInR5cCI6IkpXVCJ9.eyJwZXJtIjo0LCJpYXQiOjE1NDQzOTcxODAsImV4cCI6MTg1OTc1NzE4MH0.0RErVbXxlz-YY2Z3sNCxAwNnzHF0Zdg-AFALjrUjhWE'),
(158, 0, 'undefined', 'eyJhbGciOiJIUzI1NiIsInR5cCI6IkpXVCJ9.eyJwZXJtIjo0LCJpYXQiOjE1NDQzOTcxOTQsImV4cCI6MTg1OTc1NzE5NH0.UhB0-wJV2o3jSVsCd6dkcYch3csAqamlNJnsCPgj8es'),
(159, 0, 'undefined', 'eyJhbGciOiJIUzI1NiIsInR5cCI6IkpXVCJ9.eyJwZXJtIjo0LCJpYXQiOjE1NDQzOTcyNzQsImV4cCI6MTg1OTc1NzI3NH0.wBRMjMQRbrgLXIZsnp3uqYHGNtqRL8SMd1zF37UKAaU'),
(160, 0, 'undefined', 'eyJhbGciOiJIUzI1NiIsInR5cCI6IkpXVCJ9.eyJwZXJtIjo0LCJpYXQiOjE1NDQzOTczNzIsImV4cCI6MTg1OTc1NzM3Mn0.T-Wi9NuMgrPgrxWDJwv5Fmx7aPXVu7156AwWMKzLXOI'),
(161, 0, 'tmp', 'eyJhbGciOiJIUzI1NiIsInR5cCI6IkpXVCJ9.eyJpZCI6InRtcCIsInBlcm0iOjQsImlhdCI6MTU0NDQwMDM3OSwiZXhwIjoxODU5NzYwMzc5fQ.8ohyNeL4fnOOWZ42weXB8QFHHku6PbiEj-s9Bf93cWc'),
(162, 0, 'tmp', 'eyJhbGciOiJIUzI1NiIsInR5cCI6IkpXVCJ9.eyJpZCI6InRtcCIsInBlcm0iOjQsImlhdCI6MTU0NDQwMDQ2MSwiZXhwIjoxODU5NzYwNDYxfQ.4wEAtB8v5UFX9OFV8zj7Ojqe6EG24d_4hUqcu9c2aMc'),
(163, 0, 'tmp', 'eyJhbGciOiJIUzI1NiIsInR5cCI6IkpXVCJ9.eyJpZCI6InRtcCIsInBlcm0iOjQsImlhdCI6MTU0NDQwMDQ4OSwiZXhwIjoxODU5NzYwNDg5fQ.sgAEi0A5JUvNg_wCxlZ4rV59awBRg28_v922vYECd7k'),
(164, 0, 'tmp', 'eyJhbGciOiJIUzI1NiIsInR5cCI6IkpXVCJ9.eyJpZCI6InRtcCIsInBlcm0iOjQsImlhdCI6MTU0NDQwMTEzMSwiZXhwIjoxODU5NzYxMTMxfQ.ChDsWuH7xe40kQFSY7vs8boNZ451yb4PqcwqdvGB7U4'),
(165, 0, 'tmp', 'eyJhbGciOiJIUzI1NiIsInR5cCI6IkpXVCJ9.eyJpZCI6InRtcCIsInBlcm0iOjQsImlhdCI6MTU0NDQwMTIzMiwiZXhwIjoxODU5NzYxMjMyfQ.K3e4G6eDlz8aUin2aHupwrNdt_1oC1wguMxeHVQUmFU'),
(166, 0, 'tmp', 'eyJhbGciOiJIUzI1NiIsInR5cCI6IkpXVCJ9.eyJpZCI6InRtcCIsInBlcm0iOjQsImlhdCI6MTU0NDQwMjM2MywiZXhwIjoxODU5NzYyMzYzfQ.HQZU8ynoOigQ_tAU_VTugdvJ-ycp6h4E08wpivt3EPg'),
(167, 0, 'tmp', 'eyJhbGciOiJIUzI1NiIsInR5cCI6IkpXVCJ9.eyJpZCI6InRtcCIsInBlcm0iOjQsImlhdCI6MTU0NDQwMjU1NiwiZXhwIjoxODU5NzYyNTU2fQ.aiJinpCmC3MlR_YlciCeF-TLKNvIWZW1WOoBureAUaU'),
(168, 0, 'tmp', 'eyJhbGciOiJIUzI1NiIsInR5cCI6IkpXVCJ9.eyJpZCI6InRtcCIsInBlcm0iOjQsImlhdCI6MTU0NDQwMjcxOCwiZXhwIjoxODU5NzYyNzE4fQ.brLRA8Lq1ryh7lToFDFoC1feqOR79C3d5Q3M1J06amI'),
(169, 0, 'tmp', 'eyJhbGciOiJIUzI1NiIsInR5cCI6IkpXVCJ9.eyJpZCI6InRtcCIsInBlcm0iOjQsImlhdCI6MTU0NDQwMjgyMywiZXhwIjoxODU5NzYyODIzfQ.aCDUOZtIfks478py67UvuDNZR-Rzuid_iVzAfTQWMZ4'),
(170, 0, 'tmp', 'eyJhbGciOiJIUzI1NiIsInR5cCI6IkpXVCJ9.eyJpZCI6InRtcCIsInBlcm0iOjQsImlhdCI6MTU0NDQwMjkwOCwiZXhwIjoxODU5NzYyOTA4fQ.WZW0WPONwsvxmKzw0QlYH7GVYUkUx0WdJP-hMx312aw'),
(171, 0, 'tmp', 'eyJhbGciOiJIUzI1NiIsInR5cCI6IkpXVCJ9.eyJpZCI6InRtcCIsInBlcm0iOjQsImlhdCI6MTU0NDQwMzEyMywiZXhwIjoxODU5NzYzMTIzfQ.IJBpkEErZB7JRKb1Wo38816bxbS-mEnT-5WzfMzS1XI'),
(172, 0, 'tmp', 'eyJhbGciOiJIUzI1NiIsInR5cCI6IkpXVCJ9.eyJpZCI6InRtcCIsInBlcm0iOjQsImlhdCI6MTU0NDQwMzE1NSwiZXhwIjoxODU5NzYzMTU1fQ.RbMMmcRqTEvqde3uouelYyDJk8Ln6fL34xtpmxZ39_M'),
(173, 0, 'tmp', 'eyJhbGciOiJIUzI1NiIsInR5cCI6IkpXVCJ9.eyJpZCI6InRtcCIsInBlcm0iOjQsImlhdCI6MTU0NDQwMzMzMCwiZXhwIjoxODU5NzYzMzMwfQ.ssSRNEXPh0CnVEXZo3goD4Z60YOdRg3tTdrJ7GLC2No'),
(174, 0, 'tmp', 'eyJhbGciOiJIUzI1NiIsInR5cCI6IkpXVCJ9.eyJpZCI6InRtcCIsInBlcm0iOjQsImlhdCI6MTU0NDQwMzQ1NywiZXhwIjoxODU5NzYzNDU3fQ.j11lf_LgcylvfbVf8bN-C47592X38Lo48ytohaTTMW0'),
(175, 0, 'tmp', 'eyJhbGciOiJIUzI1NiIsInR5cCI6IkpXVCJ9.eyJpZCI6InRtcCIsInBlcm0iOjQsImlhdCI6MTU0NDQwMzYzNiwiZXhwIjoxODU5NzYzNjM2fQ.qXtYrXiyubZDHzIv-kRZMGPAFayQxq0MQeYN2Fcuazk'),
(176, 0, 'tmp', 'eyJhbGciOiJIUzI1NiIsInR5cCI6IkpXVCJ9.eyJpZCI6InRtcCIsInBlcm0iOjQsImlhdCI6MTU0NDQxODE4MSwiZXhwIjoxODU5Nzc4MTgxfQ.I21QBCWF0fNaowSbjjO6Fb4CjXK85kU9lquCOPSwf7A'),
(177, 0, 'tmp', 'eyJhbGciOiJIUzI1NiIsInR5cCI6IkpXVCJ9.eyJpZCI6InRtcCIsInBlcm0iOjQsImlhdCI6MTU0NDQxOTU0NiwiZXhwIjoxODU5Nzc5NTQ2fQ.ljcg-PydL9fy3LP8Ka3X9ivukKPNgjNmZjFv7kmTBEo'),
(178, 0, 'tmp', 'eyJhbGciOiJIUzI1NiIsInR5cCI6IkpXVCJ9.eyJpZCI6InRtcCIsInBlcm0iOjQsImlhdCI6MTU0NDQyMzY4NiwiZXhwIjoxODU5NzgzNjg2fQ.5fNf5fOz4ovN-SH74wKB2XhGhXvq_FNUee2ZcVv6fQY'),
(179, 0, 'tmp', 'eyJhbGciOiJIUzI1NiIsInR5cCI6IkpXVCJ9.eyJpZCI6InRtcCIsInBlcm0iOjQsImlhdCI6MTU0NDQyNzM0NSwiZXhwIjoxODU5Nzg3MzQ1fQ.t5U9ZDC_gChmoaqYWT0J643fscYV4iGLbvLkoMiq4e0'),
(180, 0, 'NomCeQueJeVeux', 'eyJhbGciOiJIUzI1NiIsInR5cCI6IkpXVCJ9.eyJpZCI6Ik5vbUNlUXVlSmVWZXV4IiwicGVybSI6NCwiaWF0IjoxNTQ0NDQyMzI4LCJleHAiOjE4NTk4MDIzMjh9.qlGJnc3V1NekC4lVzW3mWTgWTEmd8o-3dEeDo4m1wL4'),
(181, 0, 'NomCeQueJeVeux', 'eyJhbGciOiJIUzI1NiIsInR5cCI6IkpXVCJ9.eyJpZCI6Ik5vbUNlUXVlSmVWZXV4IiwicGVybSI6NCwiaWF0IjoxNTQ0NDQyNDMyLCJleHAiOjE4NTk4MDI0MzJ9.YlnE23Ky49aT7fj-yrZfaV8LhkztPRBnvBCoXKJ8gQU'),
(182, 0, 'undefined', 'eyJhbGciOiJIUzI1NiIsInR5cCI6IkpXVCJ9.eyJwZXJtIjo0LCJpYXQiOjE1NDQ0NTgwNDAsImV4cCI6MTg1OTgxODA0MH0.-xC9WF5P7ErCD0KnLxOKVslBQt0vbsKLWoIgUOyHisU'),
(183, 0, 'NomCeQueJeVeux', 'eyJhbGciOiJIUzI1NiIsInR5cCI6IkpXVCJ9.eyJpZCI6Ik5vbUNlUXVlSmVWZXV4IiwicGVybSI6NCwiaWF0IjoxNTQ1NDEyNzcwLCJleHAiOjE4NjA3NzI3NzB9.h7YJyW3AxOTyRvmbBtq-TscZPL7zG4lc53q0eWHlSL8'),
(184, 0, 'tmp', 'eyJhbGciOiJIUzI1NiIsInR5cCI6IkpXVCJ9.eyJpZCI6InRtcCIsInBlcm0iOjQsImlhdCI6MTU0NjEyOTE2OCwiZXhwIjoxODYxNDg5MTY4fQ.bcrQPn2Tbf566lwKJk3RXJnJ72xStF3n2KOVDAx6p_Y'),
(185, 0, 'NomCeQueJeVeux', 'eyJhbGciOiJIUzI1NiIsInR5cCI6IkpXVCJ9.eyJpZCI6Ik5vbUNlUXVlSmVWZXV4IiwicGVybSI6NCwiaWF0IjoxNTQ3MDYxMTE0LCJleHAiOjE4NjI0MjExMTR9._Gf4dhFLBI-gq5oHndECEplnlmPe6ss5UBiNKBenamI'),
(186, 0, 'testouille', 'eyJhbGciOiJIUzI1NiIsInR5cCI6IkpXVCJ9.eyJpZCI6InRlc3RvdWlsbGUiLCJwZXJtIjo0LCJpYXQiOjE1NDg3MDEzMjIsImV4cCI6MTg2NDA2MTMyMn0.i3FlVeCYwDi2IXwz8jBj0_dPmWJLVJzzg0iflUMZzHw'),
(187, 0, 'nomtable', 'eyJhbGciOiJIUzI1NiIsInR5cCI6IkpXVCJ9.eyJpZCI6Im5vbXRhYmxlIiwicGVybSI6NCwiaWF0IjoxNTQ5NTUyMDgwLCJleHAiOjE4NjQ5MTIwODB9.uTdMg9at8T3ZT8hgyuWlXNzOGaPTCk87ra54jmPCEpk'),
(188, 0, 'tmp', 'eyJhbGciOiJIUzI1NiIsInR5cCI6IkpXVCJ9.eyJpZCI6InRtcCIsInBlcm0iOjQsImlhdCI6MTU0OTU1NDczNiwiZXhwIjoxODY0OTE0NzM2fQ.5dGgZV7TuvvKLEAShZXBMtnPMIgp0KIOMjmtuiwEFHI'),
(189, 0, 'testouille', 'eyJhbGciOiJIUzI1NiIsInR5cCI6IkpXVCJ9.eyJpZCI6InRlc3RvdWlsbGUiLCJwZXJtIjo0LCJpYXQiOjE1NDk1NTUwMzIsImV4cCI6MTg2NDkxNTAzMn0.JZ_rYRXF4B9IGdVwBC_ha9zc8ZXltpoeshcsFi-xDDM'),
(190, 0, 'NomCeQueJeVeux', 'eyJhbGciOiJIUzI1NiIsInR5cCI6IkpXVCJ9.eyJpZCI6Ik5vbUNlUXVlSmVWZXV4IiwicGVybSI6NCwiaWF0IjoxNTQ5NTU2ODg3LCJleHAiOjE4NjQ5MTY4ODd9.tqG2ZGGBfQqzZoN6sBjBOkaR3VmeeH0mG8sUj_Jc3EE'),
(191, 0, 'fewfew', 'eyJhbGciOiJIUzI1NiIsInR5cCI6IkpXVCJ9.eyJpZCI6ImZld2ZldyIsInBlcm0iOjQsImlhdCI6MTU0OTU1NzA3MiwiZXhwIjoxODY0OTE3MDcyfQ.LYd5aDSs1zhveHiPv9FGG8Rue4WQRpAchudHWnBV8hI'),
(192, 0, 'tmp', 'eyJhbGciOiJIUzI1NiIsInR5cCI6IkpXVCJ9.eyJpZCI6InRtcCIsInBlcm0iOjQsImlhdCI6MTU1MTY4MzE3MCwiZXhwIjoxODY3MDQzMTcwfQ.9Yv8nSiRSebpKd_-ss3xJdxbFsVgsK7PLD3SzR-CGMk');

-- --------------------------------------------------------

--
-- Structure de la table `d_typeGames`
--

CREATE TABLE `d_typeGames` (
  `idType` int(2) NOT NULL,
  `labelType` varchar(32) NOT NULL
) ENGINE=InnoDB DEFAULT CHARSET=utf8;

--
-- Contenu de la table `d_typeGames`
--

INSERT INTO `d_typeGames` (`idType`, `labelType`) VALUES
(1, 'Jeux'),
(2, 'Médias');

-- --------------------------------------------------------

--
-- Structure de la table `d_users`
--

CREATE TABLE `d_users` (
  `idUser` int(11) NOT NULL,
  `nomUser` varchar(32) COLLATE utf8_unicode_ci NOT NULL,
  `prenomUser` varchar(32) COLLATE utf8_unicode_ci NOT NULL,
  `emailUser` varchar(256) COLLATE utf8_unicode_ci NOT NULL,
  `pass` varchar(256) COLLATE utf8_unicode_ci NOT NULL,
  `typeUser` int(11) NOT NULL DEFAULT '1',
  `picPath` text COLLATE utf8_unicode_ci,
  `access_token` varchar(256) COLLATE utf8_unicode_ci NOT NULL,
  `device_type` enum('ios','android','web') COLLATE utf8_unicode_ci NOT NULL
) ENGINE=InnoDB DEFAULT CHARSET=utf8 COLLATE=utf8_unicode_ci;

--
-- Contenu de la table `d_users`
--

INSERT INTO `d_users` (`idUser`, `nomUser`, `prenomUser`, `emailUser`, `pass`, `typeUser`, `picPath`, `access_token`, `device_type`) VALUES
(0, 'blank', 'blank', 'blank@blank.com', '04b2c7d23cdd19843241b20b331992a7', 3, NULL, 'n/a', 'web'),
(1, 'Berthaud', 'Elodie', 'elodie.berthaud1@gmail.com', '5f4dcc3b5aa765d61d8327deb882cf99', 2, '1-prof.png', 'eyJhbGciOiJIUzI1NiIsInR5cCI6IkpXVCJ9.eyJpZFVzZXIiOjEsInR5cGVVc2VyIjoyLCJlbWFpbFVzZXIiOiJlbG9kaWUuYmVydGhhdWQxQGdtYWlsLmNvbSIsImlkRWNvbGUiOjEsImlhdCI6MTU1MTg5MTYyMCwiZXhwIjoxNTUyNDk2NDIwfQ.sh_xNjuaqz_9lB34Q-59Dt6BG6rCBqFZSbCK8UOnzd4', 'ios'),
(2, 'gadrat', 'Romain', 'romain.gasdrat@epitech.eu', '04b2c7d23cdd19843241b20b331992a7', 1, '2-prof.png', '', 'ios'),
(3, 'Guichard', 'Thomas', 'test', '68740c58ded05848cf7427780d285a1b', 1, NULL, '', 'web'),
(19, 'gadrat', 'Romain', 'romain.gadrat@epitech.eu', '6ffc0db492c94d57500c9ff9eb458a09', 1, NULL, 'n/a', 'web'),
(20, 'Francois', 'undefined', 'francois.hersent@epitech.eu', '0b1c2297ff61a6ba28311b15b6146489', 1, NULL, 'n/a', 'web'),
(21, 'test', 'test', 'rrrrrr@gggggggg.com', '646da113632c0d08913d9e62b924ed03', 1, NULL, 'n/a', 'web'),
(22, 'Ropied', 'Ongle', 'maisonnave.florian@gmail.com', '615435b1eeff15516e127029050dcf1c', 1, NULL, 'n/a', 'web'),
(24, 'fwefwe', 'fwegfew', 'fewfew@fwef.com', 'c9b0653a3a623e5f379d6dd3ce52ee8a', 1, NULL, 'n/a', 'web'),
(25, 'Maxence', 'Lauque', 'maxence.lauque@epitech.eu', '6ab36f83c823a0dcd2519e5bbf17f438', 1, NULL, 'eyJhbGciOiJIUzI1NiIsInR5cCI6IkpXVCJ9.eyJpZCI6MjUsImlhdCI6MTU0Njg3MDU0NiwiZXhwIjoxNTQ3NDc1MzQ2fQ.dt0A_I7kPX39OoYfb7fyrDV_eU9ixU4-w5sytmQ4Qko', 'web'),
(26, 'SAINT-JUST', 'Guillaume', 'guillaume.saint-just@epitech.eu', '0d280daf5a885a7207bfa93455fd6b13', 1, NULL, 'n/a', 'web'),
(27, 'Lauque', 'Max', 'maxencelauque@gmail.com', '6ab36f83c823a0dcd2519e5bbf17f438', 2, NULL, 'eyJhbGciOiJIUzI1NiIsInR5cCI6IkpXVCJ9.eyJpZCI6MjcsImlhdCI6MTU0NjAxMTQzNSwiZXhwIjoxNTQ2NjE2MjM1fQ.oRPBGhYSECw61ZgPmn8JIWMRdKcuDmo4dJcCVpiuams', 'android'),
(28, 'Rimbaud', 'Martin', 'm.rimbaud@hotmail.fr', '32ea46d1b2ab426ce2982c748eeb25b3', 1, NULL, 'eyJhbGciOiJIUzI1NiIsInR5cCI6IkpXVCJ9.eyJpZCI6MjgsImlhdCI6MTU0NDg4NTg3MSwiZXhwIjoxNTQ1NDkwNjcxfQ.Ymj0VEYLGEN7K5rLoyGtr7FZhf3PsED629cM_JaAbP8', 'web'),
(29, 'ffffff', 'fewfew', 'fewfewfew@fwfe.com', 'c7b28e35df9e7afe21967a124f1acab8', 1, NULL, 'n/a', 'web'),
(30, 'Berthaud', 'Elodie', 'elodie.@epitech.eu', '4eda58d3f10d658a84c0efacb99dba3a', 1, '30-prof.png', 'eyJhbGciOiJIUzI1NiIsInR5cCI6IkpXVCJ9.eyJpZCI6MzAsImlhdCI6MTU0NDQ1NzUyNiwiZXhwIjoxNTQ1MDYyMzI2fQ.IiYMCdAooGivgUXmN4iTQ_ifhhvgm8vyQCoOOkLXTqg', 'web'),
(31, 'Fourcade', 'Lauriane', 'lauriane.fourcade@smgl.fr', 'f02368945726d5fc2a14eb576f7276c0', 1, '31-prof.png', 'eyJhbGciOiJIUzI1NiIsInR5cCI6IkpXVCJ9.eyJpZFVzZXIiOjMxLCJ0eXBlVXNlciI6MSwiZW1haWxVc2VyIjoibGF1cmlhbmUuZm91cmNhZGVAc21nbC5mciIsImlkRWNvbGUiOjEsImlhdCI6MTU1MTg5MTM0MSwiZXhwIjoxNTUyNDk2MTQxfQ.cjpxFWpbFUoY4lrS_WSyc7jkEAT_tGFHMrdfGwKkqa0', 'android'),
(32, 'Edison', 'Paolo', 'paolo.edison@smgl.fr', 'f02368945726d5fc2a14eb576f7276c0', 1, NULL, 'eyJhbGciOiJIUzI1NiIsInR5cCI6IkpXVCJ9.eyJpZCI6MzIsInBlcm0iOjEsImlhdCI6MTU0Njk1MzE0MiwiZXhwIjoxNTQ3NTU3OTQyfQ.F7EHhuGCg5fpmC1WczPnSqbi_t1Nao0wScFjKsmMoas', 'android'),
(33, 'Guichard', 'Thomas', 'thomas.guichard@epitech.eu', 'f02368945726d5fc2a14eb576f7276c0', 2, '33-prof.png', 'eyJhbGciOiJIUzI1NiIsInR5cCI6IkpXVCJ9.eyJpZFVzZXIiOjMzLCJ0eXBlVXNlciI6MiwiZW1haWxVc2VyIjoidGhvbWFzLmd1aWNoYXJkQGVwaXRlY2guZXUiLCJpZEVjb2xlIjoxLCJpYXQiOjE1NTE4ODkyMDEsImV4cCI6MTU1MjQ5NDAwMX0.N8hgMBBR2e9NxB_Ta-YdbF86FLTmET4Mn8_PzsCYfSE', 'web'),
(34, 'Berthaud', 'Elodie', 'elodie.berthaud@epitech.eu', '91984b4bba8ce74d5ea40344a0e8343c', 1, NULL, 'n/a', 'web'),
(35, 'Berthaud', 'Elodie', 'dcwefew', 'f496fbd4b7d53105dba55dd97406f4ab', 1, NULL, 'n/a', 'web'),
(36, 'Berthaud', 'Elodie', 'elodiedunetest@gmail.com', '74193efbd271a51aeaf5549df0b98db5', 1, '36-prof.png', 'eyJhbGciOiJIUzI1NiIsInR5cCI6IkpXVCJ9.eyJpZFVzZXIiOjM2LCJ0eXBlVXNlciI6MSwiZW1haWxVc2VyIjoiZWxvZGllZHVuZXRlc3RAZ21haWwuY29tIiwiaWRFY29sZSI6MSwiaWF0IjoxNTUxODkxMzc4LCJleHAiOjE1NTI0OTYxNzh9.t3LR7JSnqRHI5jhnCGzOjLTIiPtRBKR4uUcbWIX4S6w', 'web');

-- --------------------------------------------------------

--
-- Structure de la table `d_voteGame`
--

CREATE TABLE `d_voteGame` (
  `idUser` int(10) NOT NULL,
  `idGame` int(10) NOT NULL,
  `vote` tinyint(1) NOT NULL
) ENGINE=InnoDB DEFAULT CHARSET=utf8;

--
-- Index pour les tables exportées
--

--
-- Index pour la table `access_token`
--
ALTER TABLE `access_token`
  ADD PRIMARY KEY (`access_token_id`),
  ADD KEY `fk_access_token_1_idx` (`user_id`);

--
-- Index pour la table `d_classe`
--
ALTER TABLE `d_classe`
  ADD PRIMARY KEY (`idClasse`);

--
-- Index pour la table `d_classeEcole`
--
ALTER TABLE `d_classeEcole`
  ADD PRIMARY KEY (`idClasse`,`idEcole`),
  ADD KEY `idEcole` (`idEcole`);

--
-- Index pour la table `d_classeEleve`
--
ALTER TABLE `d_classeEleve`
  ADD PRIMARY KEY (`idClasse`,`idEleve`),
  ADD KEY `idEleve` (`idEleve`);

--
-- Index pour la table `d_comsGames`
--
ALTER TABLE `d_comsGames`
  ADD PRIMARY KEY (`idCom`),
  ADD KEY `idUser` (`idUser`),
  ADD KEY `idEcole` (`idEcole`);

--
-- Index pour la table `d_creator`
--
ALTER TABLE `d_creator`
  ADD PRIMARY KEY (`idCreator`);

--
-- Index pour la table `d_demandeAchatGame`
--
ALTER TABLE `d_demandeAchatGame`
  ADD PRIMARY KEY (`idDemande`) USING BTREE,
  ADD KEY `idGame` (`idGame`),
  ADD KEY `idEcole` (`idEcole`);

--
-- Index pour la table `d_ecole`
--
ALTER TABLE `d_ecole`
  ADD PRIMARY KEY (`id`),
  ADD KEY `idDirecteur` (`idDirecteur`);

--
-- Index pour la table `d_eleves`
--
ALTER TABLE `d_eleves`
  ADD PRIMARY KEY (`idEleve`);

--
-- Index pour la table `d_games`
--
ALTER TABLE `d_games`
  ADD PRIMARY KEY (`id`),
  ADD KEY `creator` (`creator`),
  ADD KEY `idType` (`idType`) USING BTREE;

--
-- Index pour la table `d_gamesAppEcole`
--
ALTER TABLE `d_gamesAppEcole`
  ADD PRIMARY KEY (`idGame`,`idEcole`),
  ADD KEY `idEcole` (`idEcole`);

--
-- Index pour la table `d_gamesPlayed`
--
ALTER TABLE `d_gamesPlayed`
  ADD PRIMARY KEY (`idGP`),
  ADD KEY `idGame` (`idGame`),
  ADD KEY `idTypeGame` (`idTypeGame`),
  ADD KEY `idProf` (`idProf`),
  ADD KEY `idClasse` (`idClasse`);

--
-- Index pour la table `d_gamesScored`
--
ALTER TABLE `d_gamesScored`
  ADD PRIMARY KEY (`idGP`,`idEleve`),
  ADD KEY `idEleve` (`idEleve`);

--
-- Index pour la table `d_licencesTables`
--
ALTER TABLE `d_licencesTables`
  ADD PRIMARY KEY (`idLicence`),
  ADD KEY `idEcole` (`idEcole`);

--
-- Index pour la table `d_notifications`
--
ALTER TABLE `d_notifications`
  ADD PRIMARY KEY (`idNotif`),
  ADD KEY `idUser` (`idUser`),
  ADD KEY `idToNotify` (`idToNotify`);

--
-- Index pour la table `d_partDemandeAchat`
--
ALTER TABLE `d_partDemandeAchat`
  ADD PRIMARY KEY (`idProf`,`idDemande`),
  ADD KEY `idDemande` (`idDemande`);

--
-- Index pour la table `d_profsAppClasse`
--
ALTER TABLE `d_profsAppClasse`
  ADD PRIMARY KEY (`idProf`,`idClasse`),
  ADD KEY `idClasse` (`idClasse`);

--
-- Index pour la table `d_profsAppEcole`
--
ALTER TABLE `d_profsAppEcole`
  ADD PRIMARY KEY (`idEcole`,`idProf`),
  ADD KEY `idProf` (`idProf`);

--
-- Index pour la table `d_tableEcole`
--
ALTER TABLE `d_tableEcole`
  ADD PRIMARY KEY (`idTable`,`idEcole`),
  ADD KEY `idEcole` (`idEcole`);

--
-- Index pour la table `d_tableGames`
--
ALTER TABLE `d_tableGames`
  ADD PRIMARY KEY (`idTable`,`idGame`),
  ADD KEY `idGame` (`idGame`);

--
-- Index pour la table `d_tableProf`
--
ALTER TABLE `d_tableProf`
  ADD PRIMARY KEY (`tokenTable`,`idTable`),
  ADD KEY `idTable` (`idTable`),
  ADD KEY `idProf` (`idProf`);

--
-- Index pour la table `d_tables`
--
ALTER TABLE `d_tables`
  ADD PRIMARY KEY (`idTable`),
  ADD KEY `idSerial` (`idSerial`);

--
-- Index pour la table `d_typeGames`
--
ALTER TABLE `d_typeGames`
  ADD PRIMARY KEY (`idType`);

--
-- Index pour la table `d_users`
--
ALTER TABLE `d_users`
  ADD PRIMARY KEY (`idUser`);

--
-- Index pour la table `d_voteGame`
--
ALTER TABLE `d_voteGame`
  ADD PRIMARY KEY (`idUser`,`idGame`),
  ADD KEY `idGame` (`idGame`);

--
-- AUTO_INCREMENT pour les tables exportées
--

--
-- AUTO_INCREMENT pour la table `access_token`
--
ALTER TABLE `access_token`
  MODIFY `access_token_id` int(11) NOT NULL AUTO_INCREMENT, AUTO_INCREMENT=599;
--
-- AUTO_INCREMENT pour la table `d_classe`
--
ALTER TABLE `d_classe`
  MODIFY `idClasse` int(6) NOT NULL AUTO_INCREMENT, AUTO_INCREMENT=6;
--
-- AUTO_INCREMENT pour la table `d_comsGames`
--
ALTER TABLE `d_comsGames`
  MODIFY `idCom` int(20) NOT NULL AUTO_INCREMENT;
--
-- AUTO_INCREMENT pour la table `d_creator`
--
ALTER TABLE `d_creator`
  MODIFY `idCreator` int(8) NOT NULL AUTO_INCREMENT, AUTO_INCREMENT=3;
--
-- AUTO_INCREMENT pour la table `d_demandeAchatGame`
--
ALTER TABLE `d_demandeAchatGame`
  MODIFY `idDemande` int(11) NOT NULL AUTO_INCREMENT, AUTO_INCREMENT=117;
--
-- AUTO_INCREMENT pour la table `d_ecole`
--
ALTER TABLE `d_ecole`
  MODIFY `id` int(6) NOT NULL AUTO_INCREMENT, AUTO_INCREMENT=3;
--
-- AUTO_INCREMENT pour la table `d_eleves`
--
ALTER TABLE `d_eleves`
  MODIFY `idEleve` int(6) NOT NULL AUTO_INCREMENT, AUTO_INCREMENT=48;
--
-- AUTO_INCREMENT pour la table `d_licencesTables`
--
ALTER TABLE `d_licencesTables`
  MODIFY `idLicence` int(10) NOT NULL AUTO_INCREMENT;
--
-- AUTO_INCREMENT pour la table `d_notifications`
--
ALTER TABLE `d_notifications`
  MODIFY `idNotif` int(11) NOT NULL AUTO_INCREMENT, AUTO_INCREMENT=201;
--
-- AUTO_INCREMENT pour la table `d_tables`
--
ALTER TABLE `d_tables`
  MODIFY `idTable` int(8) NOT NULL AUTO_INCREMENT, AUTO_INCREMENT=193;
--
-- AUTO_INCREMENT pour la table `d_typeGames`
--
ALTER TABLE `d_typeGames`
  MODIFY `idType` int(2) NOT NULL AUTO_INCREMENT, AUTO_INCREMENT=3;
--
-- AUTO_INCREMENT pour la table `d_users`
--
ALTER TABLE `d_users`
  MODIFY `idUser` int(11) NOT NULL AUTO_INCREMENT, AUTO_INCREMENT=37;
--
-- Contraintes pour les tables exportées
--

--
-- Contraintes pour la table `access_token`
--
ALTER TABLE `access_token`
  ADD CONSTRAINT `fk_access_token_1` FOREIGN KEY (`user_id`) REFERENCES `d_users` (`idUser`) ON DELETE NO ACTION ON UPDATE NO ACTION;

--
-- Contraintes pour la table `d_classeEcole`
--
ALTER TABLE `d_classeEcole`
  ADD CONSTRAINT `d_classeEcole_ibfk_1` FOREIGN KEY (`idEcole`) REFERENCES `d_profsAppEcole` (`idEcole`) ON DELETE CASCADE ON UPDATE CASCADE,
  ADD CONSTRAINT `d_classeEcole_ibfk_2` FOREIGN KEY (`idClasse`) REFERENCES `d_classe` (`idClasse`) ON DELETE CASCADE ON UPDATE CASCADE;

--
-- Contraintes pour la table `d_classeEleve`
--
ALTER TABLE `d_classeEleve`
  ADD CONSTRAINT `d_classeEleve_ibfk_1` FOREIGN KEY (`idEleve`) REFERENCES `d_eleves` (`idEleve`) ON DELETE CASCADE ON UPDATE CASCADE,
  ADD CONSTRAINT `d_classeEleve_ibfk_2` FOREIGN KEY (`idClasse`) REFERENCES `d_classe` (`idClasse`) ON DELETE CASCADE ON UPDATE CASCADE;

--
-- Contraintes pour la table `d_comsGames`
--
ALTER TABLE `d_comsGames`
  ADD CONSTRAINT `d_comsGames_ibfk_1` FOREIGN KEY (`idUser`) REFERENCES `d_users` (`idUser`) ON DELETE CASCADE ON UPDATE CASCADE,
  ADD CONSTRAINT `d_comsGames_ibfk_2` FOREIGN KEY (`idEcole`) REFERENCES `d_ecole` (`id`) ON DELETE CASCADE ON UPDATE CASCADE;

--
-- Contraintes pour la table `d_demandeAchatGame`
--
ALTER TABLE `d_demandeAchatGame`
  ADD CONSTRAINT `d_demandeAchatGame_ibfk_2` FOREIGN KEY (`idGame`) REFERENCES `d_games` (`id`) ON DELETE CASCADE ON UPDATE CASCADE,
  ADD CONSTRAINT `d_demandeAchatGame_ibfk_3` FOREIGN KEY (`idEcole`) REFERENCES `d_ecole` (`id`) ON DELETE CASCADE ON UPDATE CASCADE;

--
-- Contraintes pour la table `d_ecole`
--
ALTER TABLE `d_ecole`
  ADD CONSTRAINT `d_ecole_ibfk_1` FOREIGN KEY (`idDirecteur`) REFERENCES `d_users` (`idUser`) ON DELETE NO ACTION ON UPDATE NO ACTION;

--
-- Contraintes pour la table `d_games`
--
ALTER TABLE `d_games`
  ADD CONSTRAINT `d_games_ibfk_1` FOREIGN KEY (`creator`) REFERENCES `d_creator` (`idCreator`) ON DELETE CASCADE ON UPDATE CASCADE,
  ADD CONSTRAINT `d_games_ibfk_2` FOREIGN KEY (`idType`) REFERENCES `d_typeGames` (`idType`);

--
-- Contraintes pour la table `d_gamesAppEcole`
--
ALTER TABLE `d_gamesAppEcole`
  ADD CONSTRAINT `d_gamesAppEcole_ibfk_1` FOREIGN KEY (`idEcole`) REFERENCES `d_ecole` (`id`) ON DELETE CASCADE ON UPDATE CASCADE,
  ADD CONSTRAINT `d_gamesAppEcole_ibfk_2` FOREIGN KEY (`idGame`) REFERENCES `d_games` (`id`) ON DELETE CASCADE ON UPDATE CASCADE;

--
-- Contraintes pour la table `d_gamesPlayed`
--
ALTER TABLE `d_gamesPlayed`
  ADD CONSTRAINT `d_gamesPlayed_ibfk_1` FOREIGN KEY (`idGame`) REFERENCES `d_games` (`id`),
  ADD CONSTRAINT `d_gamesPlayed_ibfk_2` FOREIGN KEY (`idProf`) REFERENCES `d_users` (`idUser`),
  ADD CONSTRAINT `d_gamesPlayed_ibfk_3` FOREIGN KEY (`idClasse`) REFERENCES `d_classe` (`idClasse`),
  ADD CONSTRAINT `d_gamesPlayed_ibfk_4` FOREIGN KEY (`idTypeGame`) REFERENCES `d_typeGames` (`idType`);

--
-- Contraintes pour la table `d_gamesScored`
--
ALTER TABLE `d_gamesScored`
  ADD CONSTRAINT `d_gamesScored_ibfk_1` FOREIGN KEY (`idGP`) REFERENCES `d_gamesPlayed` (`idGP`) ON DELETE CASCADE ON UPDATE CASCADE,
  ADD CONSTRAINT `d_gamesScored_ibfk_2` FOREIGN KEY (`idEleve`) REFERENCES `d_eleves` (`idEleve`) ON DELETE CASCADE ON UPDATE CASCADE;

--
-- Contraintes pour la table `d_licencesTables`
--
ALTER TABLE `d_licencesTables`
  ADD CONSTRAINT `d_licencesTables_ibfk_1` FOREIGN KEY (`idEcole`) REFERENCES `d_ecole` (`id`) ON DELETE CASCADE ON UPDATE CASCADE,
  ADD CONSTRAINT `d_licencesTables_ibfk_2` FOREIGN KEY (`idLicence`) REFERENCES `d_tables` (`idSerial`) ON DELETE NO ACTION ON UPDATE NO ACTION;

--
-- Contraintes pour la table `d_notifications`
--
ALTER TABLE `d_notifications`
  ADD CONSTRAINT `d_notifications_ibfk_1` FOREIGN KEY (`idToNotify`) REFERENCES `d_demandeAchatGame` (`idDemande`) ON DELETE CASCADE ON UPDATE CASCADE,
  ADD CONSTRAINT `d_notifications_ibfk_2` FOREIGN KEY (`idUser`) REFERENCES `d_users` (`idUser`) ON DELETE CASCADE ON UPDATE CASCADE;

--
-- Contraintes pour la table `d_partDemandeAchat`
--
ALTER TABLE `d_partDemandeAchat`
  ADD CONSTRAINT `d_partDemandeAchat_ibfk_1` FOREIGN KEY (`idProf`) REFERENCES `d_users` (`idUser`) ON DELETE CASCADE ON UPDATE CASCADE,
  ADD CONSTRAINT `d_partDemandeAchat_ibfk_2` FOREIGN KEY (`idDemande`) REFERENCES `d_demandeAchatGame` (`idDemande`) ON DELETE CASCADE ON UPDATE CASCADE;

--
-- Contraintes pour la table `d_profsAppClasse`
--
ALTER TABLE `d_profsAppClasse`
  ADD CONSTRAINT `d_profsAppClasse_ibfk_2` FOREIGN KEY (`idProf`) REFERENCES `d_users` (`idUser`),
  ADD CONSTRAINT `d_profsAppClasse_ibfk_3` FOREIGN KEY (`idClasse`) REFERENCES `d_classe` (`idClasse`) ON DELETE CASCADE ON UPDATE CASCADE;

--
-- Contraintes pour la table `d_profsAppEcole`
--
ALTER TABLE `d_profsAppEcole`
  ADD CONSTRAINT `d_profsAppEcole_ibfk_1` FOREIGN KEY (`idProf`) REFERENCES `d_users` (`idUser`) ON DELETE CASCADE ON UPDATE CASCADE,
  ADD CONSTRAINT `d_profsAppEcole_ibfk_2` FOREIGN KEY (`idEcole`) REFERENCES `d_ecole` (`id`) ON DELETE CASCADE ON UPDATE CASCADE;

--
-- Contraintes pour la table `d_tableEcole`
--
ALTER TABLE `d_tableEcole`
  ADD CONSTRAINT `d_tableEcole_ibfk_2` FOREIGN KEY (`idEcole`) REFERENCES `d_ecole` (`id`) ON DELETE CASCADE ON UPDATE CASCADE,
  ADD CONSTRAINT `d_tableEcole_ibfk_3` FOREIGN KEY (`idTable`) REFERENCES `d_tables` (`idTable`) ON DELETE CASCADE ON UPDATE CASCADE;

--
-- Contraintes pour la table `d_tableGames`
--
ALTER TABLE `d_tableGames`
  ADD CONSTRAINT `d_tableGames_ibfk_1` FOREIGN KEY (`idGame`) REFERENCES `d_games` (`id`) ON DELETE CASCADE ON UPDATE CASCADE,
  ADD CONSTRAINT `d_tableGames_ibfk_2` FOREIGN KEY (`idTable`) REFERENCES `d_tables` (`idTable`) ON DELETE CASCADE ON UPDATE CASCADE;

--
-- Contraintes pour la table `d_tableProf`
--
ALTER TABLE `d_tableProf`
  ADD CONSTRAINT `d_tableProf_ibfk_3` FOREIGN KEY (`idTable`) REFERENCES `d_tables` (`idTable`) ON DELETE CASCADE ON UPDATE CASCADE,
  ADD CONSTRAINT `d_tableProf_ibfk_4` FOREIGN KEY (`idProf`) REFERENCES `d_users` (`idUser`) ON DELETE CASCADE ON UPDATE CASCADE;

--
-- Contraintes pour la table `d_voteGame`
--
ALTER TABLE `d_voteGame`
  ADD CONSTRAINT `d_voteGame_ibfk_1` FOREIGN KEY (`idGame`) REFERENCES `d_games` (`id`) ON DELETE CASCADE ON UPDATE CASCADE,
  ADD CONSTRAINT `d_voteGame_ibfk_2` FOREIGN KEY (`idUser`) REFERENCES `d_users` (`idUser`) ON DELETE CASCADE ON UPDATE CASCADE;

/*!40101 SET CHARACTER_SET_CLIENT=@OLD_CHARACTER_SET_CLIENT */;
/*!40101 SET CHARACTER_SET_RESULTS=@OLD_CHARACTER_SET_RESULTS */;
/*!40101 SET COLLATION_CONNECTION=@OLD_COLLATION_CONNECTION */;
