-- phpMyAdmin SQL Dump
-- version 4.6.6deb5
-- https://www.phpmyadmin.net/
--
-- Client :  localhost:3306
-- Généré le :  Mer 23 Janvier 2019 à 16:21
-- Version du serveur :  5.7.24-0ubuntu0.18.04.1
-- Version de PHP :  7.2.10-0ubuntu0.18.04.1

SET SQL_MODE = "NO_AUTO_VALUE_ON_ZERO";
SET time_zone = "+00:00";


/*!40101 SET @OLD_CHARACTER_SET_CLIENT=@@CHARACTER_SET_CLIENT */;
/*!40101 SET @OLD_CHARACTER_SET_RESULTS=@@CHARACTER_SET_RESULTS */;
/*!40101 SET @OLD_COLLATION_CONNECTION=@@COLLATION_CONNECTION */;
/*!40101 SET NAMES utf8mb4 */;

--
-- Base de données :  `dune_api`
--

-- --------------------------------------------------------

--
-- Structure de la table `access_token`
--

CREATE TABLE `access_token` (
  `access_token_id` int(11) NOT NULL,
  `user_id` int(11) DEFAULT NULL,
  `access_token` text,
  `device_type` varchar(45) DEFAULT NULL
) ENGINE=InnoDB DEFAULT CHARSET=latin1;

--
-- Contenu de la table `access_token`
--

INSERT INTO `access_token` (`access_token_id`, `user_id`, `access_token`, `device_type`) VALUES
(1, 1, 'eyJhbGciOiJIUzI1NiIsInR5cCI6IkpXVCJ9.eyJpZCI6MSwiaWF0IjoxNTQyOTEwNzk2LCJleHAiOjE1NDM1MTU1OTZ9.WcbeDSm7q0Uov4MkHXpjzJ-Bnv54RedUqmoLakcaCbQ', 'ios'),
(2, 1, 'eyJhbGciOiJIUzI1NiIsInR5cCI6IkpXVCJ9.eyJpZCI6MSwiaWF0IjoxNTQyOTEwODE2LCJleHAiOjE1NDM1MTU2MTZ9.yftxV5FxjgbpZkcm23_ufvQXmVIcyJR0DdAzkSYZv08', 'ios'),
(3, 1, 'eyJhbGciOiJIUzI1NiIsInR5cCI6IkpXVCJ9.eyJpZCI6MSwiaWF0IjoxNTQyOTEwODM5LCJleHAiOjE1NDM1MTU2Mzl9.nA7XRkqettzX5xWO2ToBryiNxzP7Labg5SKpMMBJopY', 'ios'),
(4, 1, 'eyJhbGciOiJIUzI1NiIsInR5cCI6IkpXVCJ9.eyJpZCI6MSwiaWF0IjoxNTQyOTEwOTY5LCJleHAiOjE1NDM1MTU3Njl9.LtQyxlimoZQdZIL82Asx_dx6UVopLBuaoU-4ZZqXhao', 'ios'),
(5, 1, 'eyJhbGciOiJIUzI1NiIsInR5cCI6IkpXVCJ9.eyJpZCI6MSwiaWF0IjoxNTQyOTExMDE4LCJleHAiOjE1NDM1MTU4MTh9.Q2NCOA4T2sSY3NE0x1KePPkvqrt35PzrCLpsW-V6WSs', 'ios'),
(6, 1, 'eyJhbGciOiJIUzI1NiIsInR5cCI6IkpXVCJ9.eyJpZCI6MSwiaWF0IjoxNTQyOTExMTgyLCJleHAiOjE1NDM1MTU5ODJ9.t0-QnqbkZDLxSTokYkU5uzdMNEnSa5i3Dg7wGc9PPro', 'ios'),
(7, 25, 'eyJhbGciOiJIUzI1NiIsInR5cCI6IkpXVCJ9.eyJpZCI6MjUsImlhdCI6MTU0MzE1MTY3MSwiZXhwIjoxNTQzNzU2NDcxfQ.6LK-C7H5KdBRtzvzhB1Pw0vLHROFgcvV4x1uZn-ywhQ', 'web'),
(8, 27, 'eyJhbGciOiJIUzI1NiIsInR5cCI6IkpXVCJ9.eyJpZCI6MjcsImlhdCI6MTU0MzE1NzgwNSwiZXhwIjoxNTQzNzYyNjA1fQ.Mw_ztVfSAAOGvGSnOi_hQxtzXrMEVlSdmH_d1wrMeGQ', 'android'),
(9, 27, 'eyJhbGciOiJIUzI1NiIsInR5cCI6IkpXVCJ9.eyJpZCI6MjcsImlhdCI6MTU0MzE1ODI5MiwiZXhwIjoxNTQzNzYzMDkyfQ.2YWYzvosMO1e1a0Zwpdnl9iiZpsF6hGOcOkG3VMMZ2w', 'android'),
(10, 27, 'eyJhbGciOiJIUzI1NiIsInR5cCI6IkpXVCJ9.eyJpZCI6MjcsImlhdCI6MTU0MzE2MjkxMCwiZXhwIjoxNTQzNzY3NzEwfQ.2HCzibDDfH9JBlEdfF596VyRPEwO03UFILupitgAxVo', 'android'),
(11, 27, 'eyJhbGciOiJIUzI1NiIsInR5cCI6IkpXVCJ9.eyJpZCI6MjcsImlhdCI6MTU0MzE2MzQ1NSwiZXhwIjoxNTQzNzY4MjU1fQ.KCxE4kwzmcU9evgGf6ygUfCoPOFkV8Rq1Dv1HP2a1j4', 'android'),
(12, 27, 'eyJhbGciOiJIUzI1NiIsInR5cCI6IkpXVCJ9.eyJpZCI6MjcsImlhdCI6MTU0MzE2MzgyMywiZXhwIjoxNTQzNzY4NjIzfQ.UP13c1EJf-JMSELABt0YQo8BR_k6aLks_Q-I2sRvQlw', 'android'),
(13, 27, 'eyJhbGciOiJIUzI1NiIsInR5cCI6IkpXVCJ9.eyJpZCI6MjcsImlhdCI6MTU0MzE2NDAwOSwiZXhwIjoxNTQzNzY4ODA5fQ.zVm9d6bd5aPYo4osgHa4-7WC81nhHVqPdCC6s4h8Fy0', 'android'),
(14, 27, 'eyJhbGciOiJIUzI1NiIsInR5cCI6IkpXVCJ9.eyJpZCI6MjcsImlhdCI6MTU0MzE2NDA2NywiZXhwIjoxNTQzNzY4ODY3fQ.5zfblZxGDRzgwQQoRgghkg5giw0p56A4D2sab-mydjA', 'android'),
(15, 27, 'eyJhbGciOiJIUzI1NiIsInR5cCI6IkpXVCJ9.eyJpZCI6MjcsImlhdCI6MTU0MzE2NTAxNywiZXhwIjoxNTQzNzY5ODE3fQ.G1yiXFOaQcSwfm0aKCKVz4WfaKJh39LWJgrCoXG943Y', 'android'),
(16, 27, 'eyJhbGciOiJIUzI1NiIsInR5cCI6IkpXVCJ9.eyJpZCI6MjcsImlhdCI6MTU0MzE2NTQ0NiwiZXhwIjoxNTQzNzcwMjQ2fQ.x3fLMnSF3eLkcJe4dhFRJOrHfpliomBgIy2BKZ7N53Y', 'android'),
(17, 27, 'eyJhbGciOiJIUzI1NiIsInR5cCI6IkpXVCJ9.eyJpZCI6MjcsImlhdCI6MTU0MzE2NTgxOSwiZXhwIjoxNTQzNzcwNjE5fQ.oK8B4RExqEQA1ZQFMuHvuCBWcl4ja5TL3rZOaOl-RRY', 'android'),
(18, 27, 'eyJhbGciOiJIUzI1NiIsInR5cCI6IkpXVCJ9.eyJpZCI6MjcsImlhdCI6MTU0MzE2NjM2OSwiZXhwIjoxNTQzNzcxMTY5fQ.UgmGOn6YmrKR_uDYTJR-LmBPS4a97osWqmuwJVY6i8c', 'android'),
(19, 25, 'eyJhbGciOiJIUzI1NiIsInR5cCI6IkpXVCJ9.eyJpZCI6MjUsImlhdCI6MTU0MzE2Njc1OSwiZXhwIjoxNTQzNzcxNTU5fQ.RA6WRzr4gatQ76_A1ZAEcJdxDiCRWzDYO6qn20Kaj44', 'web'),
(20, 27, 'eyJhbGciOiJIUzI1NiIsInR5cCI6IkpXVCJ9.eyJpZCI6MjcsImlhdCI6MTU0MzE2Njc3NywiZXhwIjoxNTQzNzcxNTc3fQ.00zxH43rWP6E231N9RrhT7glINIZzHpUpYJf75XMFvw', 'android'),
(21, 28, 'eyJhbGciOiJIUzI1NiIsInR5cCI6IkpXVCJ9.eyJpZCI6MjgsImlhdCI6MTU0MzE3MDY2NiwiZXhwIjoxNTQzNzc1NDY2fQ.c72gu64Hhwbb6QOtRd_RDug62EdZ4c0fgLZRt6Ta_64', 'web'),
(22, 28, 'eyJhbGciOiJIUzI1NiIsInR5cCI6IkpXVCJ9.eyJpZCI6MjgsImlhdCI6MTU0MzE3MTI1NCwiZXhwIjoxNTQzNzc2MDU0fQ.f47T2uuRRibbJfowVjaY7nYIMHv8HDEeCCUGr_EauOo', 'web'),
(23, 25, 'eyJhbGciOiJIUzI1NiIsInR5cCI6IkpXVCJ9.eyJpZCI6MjUsImlhdCI6MTU0MzI0MDA1NywiZXhwIjoxNTQzODQ0ODU3fQ.Jbt01FRQe59IpLFHqmOrchgDPRHT1gnTS_47gr-JmBw', 'web'),
(24, 27, 'eyJhbGciOiJIUzI1NiIsInR5cCI6IkpXVCJ9.eyJpZCI6MjcsImlhdCI6MTU0MzI0MDA3NSwiZXhwIjoxNTQzODQ0ODc1fQ.00PwWWaPDiRs3WGdv_eneTrkOUzzOuLZqN8nM07bX44', 'android'),
(25, 25, 'eyJhbGciOiJIUzI1NiIsInR5cCI6IkpXVCJ9.eyJpZCI6MjUsImlhdCI6MTU0MzI0MDE3NywiZXhwIjoxNTQzODQ0OTc3fQ.Upn-ddRMrZBNha81xKis61HX_J4nnPdsTKe36sT-ep0', 'web'),
(26, 25, 'eyJhbGciOiJIUzI1NiIsInR5cCI6IkpXVCJ9.eyJpZCI6MjUsInBlcm0iOjEsImlhdCI6MTU0MzI0MDIzMCwiZXhwIjoxNTQzODQ1MDMwfQ.-ewXIu9kVmJQgUOiFDlyJ3sBUIJt3w7R2OOQekVb1ls', 'web'),
(27, 27, 'eyJhbGciOiJIUzI1NiIsInR5cCI6IkpXVCJ9.eyJpZCI6MjcsInBlcm0iOjIsImlhdCI6MTU0MzI0MDI3MiwiZXhwIjoxNTQzODQ1MDcyfQ.w0P9Ny-7XTrFj3heXuU7XAqaNvSP4X0obeML6XMzXKE', 'android'),
(28, 1, 'eyJhbGciOiJIUzI1NiIsInR5cCI6IkpXVCJ9.eyJpZCI6MSwiaWF0IjoxNTQzMjQzMTM5LCJleHAiOjE1NDM4NDc5Mzl9.NV0y0sbHovep0F6xs_Tu9zXc-BqK9swgIqIF53SYTJk', 'ios'),
(29, 1, 'eyJhbGciOiJIUzI1NiIsInR5cCI6IkpXVCJ9.eyJpZCI6MSwiaWF0IjoxNTQzNDE2MDI4LCJleHAiOjE1NDQwMjA4Mjh9.HiBT6z5TFGrz4tNFRpzwWurHkYoCSUOEGgOv2_vU68Y', 'ios'),
(30, 25, 'eyJhbGciOiJIUzI1NiIsInR5cCI6IkpXVCJ9.eyJpZCI6MjUsImlhdCI6MTU0MzQxNjE3NywiZXhwIjoxNTQ0MDIwOTc3fQ.N9wKOToi5LiSFB_g2SORb4T8oJ049-vPgbHPApo4d18', 'web'),
(31, 27, 'eyJhbGciOiJIUzI1NiIsInR5cCI6IkpXVCJ9.eyJpZCI6MjcsImlhdCI6MTU0MzUzODY4MiwiZXhwIjoxNTQ0MTQzNDgyfQ.XI5JHXqexb-b8jcOoQ_CSUqsMQuPGIVaTWOdiEAuZso', 'android'),
(32, 27, 'eyJhbGciOiJIUzI1NiIsInR5cCI6IkpXVCJ9.eyJpZCI6MjcsInBlcm0iOjIsImlhdCI6MTU0MzUzODcwOSwiZXhwIjoxNTQ0MTQzNTA5fQ.Uayne_DojgH2IzzxV6Ps0lFA7Q9r5BzoG2-H1kNyI0Y', 'android'),
(33, 27, 'eyJhbGciOiJIUzI1NiIsInR5cCI6IkpXVCJ9.eyJpZCI6MjcsInBlcm0iOjIsImlhdCI6MTU0MzUzODg2NywiZXhwIjoxNTQ0MTQzNjY3fQ.xaj8_dTwc4qLNupvAYcONzOmzVZ9em6cxihfE4Ob798', 'android'),
(34, 1, 'eyJhbGciOiJIUzI1NiIsInR5cCI6IkpXVCJ9.eyJpZCI6MSwiaWF0IjoxNTQzNTc3OTgwLCJleHAiOjE1NDQxODI3ODB9.gtUMC44puBMv2NsFp1i7-J76zg0we7bY368X9U2O4H4', 'ios'),
(35, 1, 'eyJhbGciOiJIUzI1NiIsInR5cCI6IkpXVCJ9.eyJpZCI6MSwiaWF0IjoxNTQzNjAwMzYwLCJleHAiOjE1NDQyMDUxNjB9.Bw1H7WbC3zDfUW8lIktYjW3FThEhux7wWw7Y4NCvV4w', 'ios'),
(36, 1, 'eyJhbGciOiJIUzI1NiIsInR5cCI6IkpXVCJ9.eyJpZCI6MSwiaWF0IjoxNTQzNzYyNTY1LCJleHAiOjE1NDQzNjczNjV9.Fkl_iUJEeeNyvdL-2LgZEkmSjT2LcZk-JRb8XjmGKjc', 'ios'),
(37, 1, 'eyJhbGciOiJIUzI1NiIsInR5cCI6IkpXVCJ9.eyJpZCI6MSwiaWF0IjoxNTQzNzY0ODI1LCJleHAiOjE1NDQzNjk2MjV9.J6zsdvf7FseveZdcuibMvhZ9Q9ljzdwojeUHoVkZToU', 'ios'),
(38, 1, 'eyJhbGciOiJIUzI1NiIsInR5cCI6IkpXVCJ9.eyJpZCI6MSwiaWF0IjoxNTQzNzY0OTAzLCJleHAiOjE1NDQzNjk3MDN9.RZ9uYL5E_vXmoaP7AG1B882iUWMxawRKnuR57wbA798', 'ios'),
(40, 1, 'eyJhbGciOiJIUzI1NiIsInR5cCI6IkpXVCJ9.eyJpZCI6MSwiaWF0IjoxNTQzNzY1MTUwLCJleHAiOjE1NDQzNjk5NTB9.Z4zkCOLfF4h-Z0D1KiMAoF6bV6es1UWV23ypudugDeY', 'ios'),
(41, 1, 'eyJhbGciOiJIUzI1NiIsInR5cCI6IkpXVCJ9.eyJpZCI6MSwiaWF0IjoxNTQzNzY1MTYwLCJleHAiOjE1NDQzNjk5NjB9.0FmW60AWs4LWZ9CiyhMTON6dqoT14g2XVy2MIoVRwI4', 'ios'),
(42, 1, 'eyJhbGciOiJIUzI1NiIsInR5cCI6IkpXVCJ9.eyJpZCI6MSwiaWF0IjoxNTQzNzY1MjUxLCJleHAiOjE1NDQzNzAwNTF9.h0MIaEmUrVI7sJ6N2XFGpGtQVeyrp-MpCRapPzUpC9o', 'ios'),
(43, 1, 'eyJhbGciOiJIUzI1NiIsInR5cCI6IkpXVCJ9.eyJpZCI6MSwiaWF0IjoxNTQzNzY1MjcxLCJleHAiOjE1NDQzNzAwNzF9.nUaWAinse1ygiH6bRuks8X7LfM7p0DpRJbd66YA1C2w', 'ios'),
(44, 1, 'eyJhbGciOiJIUzI1NiIsInR5cCI6IkpXVCJ9.eyJpZCI6MSwiaWF0IjoxNTQzNzY1MzMwLCJleHAiOjE1NDQzNzAxMzB9.gmiJsn-j2CCJkFEN2F7kycZdZDtdkUMXfQT953EiNGE', 'ios'),
(45, 1, 'eyJhbGciOiJIUzI1NiIsInR5cCI6IkpXVCJ9.eyJpZCI6MSwiaWF0IjoxNTQzNzY1MzM4LCJleHAiOjE1NDQzNzAxMzh9.VK6SbCt0weiLvrPCs_tzvXcXBofIRYDy6aCHfuPjqyg', 'ios'),
(46, 25, 'eyJhbGciOiJIUzI1NiIsInR5cCI6IkpXVCJ9.eyJpZCI6MjUsImlhdCI6MTU0Mzg1NDg1MSwiZXhwIjoxNTQ0NDU5NjUxfQ.IKmaxmtr7H6K8T7MzjVzxGLFxp7gkZPuJSkOBQ0Vvjw', 'web'),
(47, 27, 'eyJhbGciOiJIUzI1NiIsInR5cCI6IkpXVCJ9.eyJpZCI6MjcsImlhdCI6MTU0Mzg1NDg4MiwiZXhwIjoxNTQ0NDU5NjgyfQ.w18KMtDxE1BL55Y-KV6_cqL4mu8N8v61_UofIm_9RZw', 'android'),
(48, 1, 'eyJhbGciOiJIUzI1NiIsInR5cCI6IkpXVCJ9.eyJpZCI6MSwiaWF0IjoxNTQ0MDIwNjcyLCJleHAiOjE1NDQ2MjU0NzJ9.G0lZpUw8kweBYjmTXlC_o6IvhRJwkERcnY1m7dGlx1k', 'ios'),
(49, 1, 'eyJhbGciOiJIUzI1NiIsInR5cCI6IkpXVCJ9.eyJpZCI6MSwiaWF0IjoxNTQ0MDIwNzg2LCJleHAiOjE1NDQ2MjU1ODZ9.oDgNtwliZHGPwLagzcZyQrTCmaAjehBnRB_kR7hbWrM', 'ios'),
(50, 1, 'eyJhbGciOiJIUzI1NiIsInR5cCI6IkpXVCJ9.eyJpZCI6MSwiaWF0IjoxNTQ0MDIwOTM2LCJleHAiOjE1NDQ2MjU3MzZ9.6aeshU7ArHMi5YTKKpBqUKSk-mo3behZQC62qCqBm0E', 'ios'),
(51, 1, 'eyJhbGciOiJIUzI1NiIsInR5cCI6IkpXVCJ9.eyJpZCI6MSwiaWF0IjoxNTQ0MDIxMzQ5LCJleHAiOjE1NDQ2MjYxNDl9.YHiAxPVPQ7hGAtDUtHKa1FYbvarjtPkun_sEV3JnFPI', 'ios'),
(52, 1, 'eyJhbGciOiJIUzI1NiIsInR5cCI6IkpXVCJ9.eyJpZCI6MSwiaWF0IjoxNTQ0MDIxMzc4LCJleHAiOjE1NDQ2MjYxNzh9.5ollozhWaAI9vLnUfLX6qCFkhy6wikKe6Hzck95k4T4', 'ios'),
(53, 1, 'eyJhbGciOiJIUzI1NiIsInR5cCI6IkpXVCJ9.eyJpZCI6MSwiaWF0IjoxNTQ0MDIxNzgwLCJleHAiOjE1NDQ2MjY1ODB9.YbaNsoQxYBU-X32osKrdWJJZMfrBXXcaKaYbcETWAOo', 'ios'),
(54, 27, 'eyJhbGciOiJIUzI1NiIsInR5cCI6IkpXVCJ9.eyJpZCI6MjcsImlhdCI6MTU0NDAyNjgwNCwiZXhwIjoxNTQ0NjMxNjA0fQ.Fw34NILv6CmXvQlQKA8W7O0dOaguX3myevI9DQMdO5E', 'android'),
(55, 25, 'eyJhbGciOiJIUzI1NiIsInR5cCI6IkpXVCJ9.eyJpZCI6MjUsImlhdCI6MTU0NDAyNjg0MywiZXhwIjoxNTQ0NjMxNjQzfQ.d3vlUqgE24cDsAjejJBJX28uNL6JwBuDZyruhogZYro', 'web'),
(56, 27, 'eyJhbGciOiJIUzI1NiIsInR5cCI6IkpXVCJ9.eyJpZCI6MjcsImlhdCI6MTU0NDAyNzI1MSwiZXhwIjoxNTQ0NjMyMDUxfQ.ND186xoYRbqVdp6hRFzql4KbdHxM-SD1_x0WiYAFFf0', 'android'),
(57, 27, 'eyJhbGciOiJIUzI1NiIsInR5cCI6IkpXVCJ9.eyJpZCI6MjcsImlhdCI6MTU0NDAyNzMzOSwiZXhwIjoxNTQ0NjMyMTM5fQ.Sw4cl0by3cnWkNLIWNwSiNF_4bVKKfNUnIMnSNJREME', 'android'),
(58, 27, 'eyJhbGciOiJIUzI1NiIsInR5cCI6IkpXVCJ9.eyJpZCI6MjcsImlhdCI6MTU0NDAyNzM4MywiZXhwIjoxNTQ0NjMyMTgzfQ.mLFAIMijQfe1NvDyRJ8e_YZ4UmwW84A3HyEtNs7KmiI', 'android'),
(59, 25, 'eyJhbGciOiJIUzI1NiIsInR5cCI6IkpXVCJ9.eyJpZCI6MjUsImlhdCI6MTU0NDAyNzUwMSwiZXhwIjoxNTQ0NjMyMzAxfQ.kTWRNQUGmUJgJ5mnPOSeNO3FyBiTuvKljBYYlZNal6I', 'web'),
(60, 28, 'eyJhbGciOiJIUzI1NiIsInR5cCI6IkpXVCJ9.eyJpZCI6MjgsImlhdCI6MTU0NDAyNzkxMiwiZXhwIjoxNTQ0NjMyNzEyfQ.-MplK8eWOW8b53Zk5kEg9BURw73Zh1_5Z7kF2QUCYQU', 'web'),
(61, 1, 'eyJhbGciOiJIUzI1NiIsInR5cCI6IkpXVCJ9.eyJpZCI6MSwiaWF0IjoxNTQ0MDI4MjI1LCJleHAiOjE1NDQ2MzMwMjV9.3Y2cr3xuXbjp6ICI2EE5ANpIj0tx-0yOdR_Euiidvws', 'ios'),
(62, 28, 'eyJhbGciOiJIUzI1NiIsInR5cCI6IkpXVCJ9.eyJpZCI6MjgsImlhdCI6MTU0NDEwNzQ0NCwiZXhwIjoxNTQ0NzEyMjQ0fQ.puAiz9b5x1YYKleYNVueAsWPhhH1BiCOBE-rZ_mms-c', 'web'),
(63, 1, 'eyJhbGciOiJIUzI1NiIsInR5cCI6IkpXVCJ9.eyJpZCI6MSwiaWF0IjoxNTQ0MTE0NTIzLCJleHAiOjE1NDQ3MTkzMjN9.WntLUQH5y4FMa7qUiy6dnZ4YXSh-exM5HPnmfVset-E', 'ios'),
(64, 30, 'eyJhbGciOiJIUzI1NiIsInR5cCI6IkpXVCJ9.eyJpZCI6MzAsImlhdCI6MTU0NDExNTIxOCwiZXhwIjoxNTQ0NzIwMDE4fQ.z0gyuL6kTbSvvI--pTNNkGDJVJU6i5koKyb7Y8_Ilgg', 'web'),
(65, 1, 'eyJhbGciOiJIUzI1NiIsInR5cCI6IkpXVCJ9.eyJpZCI6MSwiaWF0IjoxNTQ0MTE1Mjg4LCJleHAiOjE1NDQ3MjAwODh9.l4NSi9qt3fJOLJyfvzwZ2eDXKXlMlYj3g2_ftpQnLQA', 'ios'),
(66, 1, 'eyJhbGciOiJIUzI1NiIsInR5cCI6IkpXVCJ9.eyJpZCI6MSwiaWF0IjoxNTQ0MTE1Mjg4LCJleHAiOjE1NDQ3MjAwODh9.l4NSi9qt3fJOLJyfvzwZ2eDXKXlMlYj3g2_ftpQnLQA', 'ios'),
(67, 30, 'eyJhbGciOiJIUzI1NiIsInR5cCI6IkpXVCJ9.eyJpZCI6MzAsImlhdCI6MTU0NDExNTQ0OSwiZXhwIjoxNTQ0NzIwMjQ5fQ._pxacxJ5iRc_kpEWpP0Th2bn7_xZPJ-QgLsRaHmKvbI', 'web'),
(68, 1, 'eyJhbGciOiJIUzI1NiIsInR5cCI6IkpXVCJ9.eyJpZCI6MSwiaWF0IjoxNTQ0MTE1ODU4LCJleHAiOjE1NDQ3MjA2NTh9.CX213w3awBz1ZfLZvvkpNxaoEH1Dkh3Iiww_51odwQ4', 'ios'),
(69, 31, 'eyJhbGciOiJIUzI1NiIsInR5cCI6IkpXVCJ9.eyJpZCI6MzEsImlhdCI6MTU0NDExNjE1NCwiZXhwIjoxNTQ0NzIwOTU0fQ.KpYKR-ommxoV4YZDWcYKyBsHRX7redVstvBllPLh8Z8', 'android'),
(70, 32, 'eyJhbGciOiJIUzI1NiIsInR5cCI6IkpXVCJ9.eyJpZCI6MzIsImlhdCI6MTU0NDExNjc1NiwiZXhwIjoxNTQ0NzIxNTU2fQ.OUN35G1LZs8gTr1iR3m7VSJzC_HerRFQ4_wiv5DCWss', 'android'),
(71, 33, 'eyJhbGciOiJIUzI1NiIsInR5cCI6IkpXVCJ9.eyJpZCI6MzMsImlhdCI6MTU0NDExNjgwOCwiZXhwIjoxNTQ0NzIxNjA4fQ.IhZJ7mP-WkOEvHieBDtNzSZBq7DDhPRQg-fdUlv7KHU', 'web'),
(72, 31, 'eyJhbGciOiJIUzI1NiIsInR5cCI6IkpXVCJ9.eyJpZCI6MzEsImlhdCI6MTU0NDExODM4MywiZXhwIjoxNTQ0NzIzMTgzfQ.pvZfS-1JNmY_JVjNIEknSzepU3c4vuw86TD6pQF4Zl8', 'android'),
(73, 32, 'eyJhbGciOiJIUzI1NiIsInR5cCI6IkpXVCJ9.eyJpZCI6MzIsImlhdCI6MTU0NDExODUwNCwiZXhwIjoxNTQ0NzIzMzA0fQ.hezuP2PyLKvIlS9DEyGVB5XLTPloLKxBn2r8IQ1seaU', 'android'),
(74, 33, 'eyJhbGciOiJIUzI1NiIsInR5cCI6IkpXVCJ9.eyJpZCI6MzMsImlhdCI6MTU0NDExODU2MCwiZXhwIjoxNTQ0NzIzMzYwfQ.odTL9_3GRrtKLpwqG6-9VTXw7Qhj-_qgJLoa8-Abw-g', 'web'),
(75, 31, 'eyJhbGciOiJIUzI1NiIsInR5cCI6IkpXVCJ9.eyJpZCI6MzEsImlhdCI6MTU0NDExOTM1MywiZXhwIjoxNTQ0NzI0MTUzfQ.Pncg_PyFh8FwzWxXe6doJys1vD7UGBMMB9W2rHEAHB4', 'android'),
(76, 30, 'eyJhbGciOiJIUzI1NiIsInR5cCI6IkpXVCJ9.eyJpZCI6MzAsImlhdCI6MTU0NDExOTYzNywiZXhwIjoxNTQ0NzI0NDM3fQ.FQR6MaRGNYgAgli3_BeCaHs9ZPYHvuYHGPVy037ERNw', 'web'),
(77, 1, 'eyJhbGciOiJIUzI1NiIsInR5cCI6IkpXVCJ9.eyJpZCI6MSwiaWF0IjoxNTQ0MTE5NjQ5LCJleHAiOjE1NDQ3MjQ0NDl9.Ai_NnCPEboXQ_tFpbwoSTHtrP0WzpG4KyMUW0C37iJs', 'ios'),
(78, 30, 'eyJhbGciOiJIUzI1NiIsInR5cCI6IkpXVCJ9.eyJpZCI6MzAsImlhdCI6MTU0NDEyMDU0NywiZXhwIjoxNTQ0NzI1MzQ3fQ.A2cP5OXfjVcT8qVe-74gl4I1r4akO9el84PNJTbGeE8', 'web'),
(79, 1, 'eyJhbGciOiJIUzI1NiIsInR5cCI6IkpXVCJ9.eyJpZCI6MSwiaWF0IjoxNTQ0MTIwNTgxLCJleHAiOjE1NDQ3MjUzODF9.a0eHXBox5HDJzFA4IgKysyUw7NzLdT8fvGcFc5e_yd4', 'ios'),
(80, 31, 'eyJhbGciOiJIUzI1NiIsInR5cCI6IkpXVCJ9.eyJpZCI6MzEsImlhdCI6MTU0NDEyMDU4MywiZXhwIjoxNTQ0NzI1MzgzfQ.oBzm0RtmZdppren99l6i6c7ecWOToqA9vKfBy0EoScc', 'android'),
(81, 30, 'eyJhbGciOiJIUzI1NiIsInR5cCI6IkpXVCJ9.eyJpZCI6MzAsImlhdCI6MTU0NDEyMjMzNiwiZXhwIjoxNTQ0NzI3MTM2fQ.RLb3KJ9ksG7gY8pUXZdsjNM-qKTg0PL-CNeWPE4BMTs', 'web'),
(82, 1, 'eyJhbGciOiJIUzI1NiIsInR5cCI6IkpXVCJ9.eyJpZCI6MSwiaWF0IjoxNTQ0MTIyNzAwLCJleHAiOjE1NDQ3Mjc1MDB9.CGBc1Dcjqi99ahfX8tb0Q1-cYi6vjxNtRNHXbzXN3Nk', 'ios'),
(83, 30, 'eyJhbGciOiJIUzI1NiIsInR5cCI6IkpXVCJ9.eyJpZCI6MzAsImlhdCI6MTU0NDEyMjczNCwiZXhwIjoxNTQ0NzI3NTM0fQ.S7NobilhEO-ALbCK1799svRo0cnaTDapYbmkzrKOtjw', 'web'),
(84, 1, 'eyJhbGciOiJIUzI1NiIsInR5cCI6IkpXVCJ9.eyJpZCI6MSwiaWF0IjoxNTQ0MTIyNzk2LCJleHAiOjE1NDQ3Mjc1OTZ9.sErxofHqoKbSIPoCkHhsUogN_tm2tTF9eAdasRK8Q6k', 'ios'),
(85, 33, 'eyJhbGciOiJIUzI1NiIsInR5cCI6IkpXVCJ9.eyJpZCI6MzMsImlhdCI6MTU0NDEyMzI4NCwiZXhwIjoxNTQ0NzI4MDg0fQ.Zwz_FFO961JkcjtuQtwFswxkRSwj_6HQv3AvHNZ-n4g', 'web'),
(86, 1, 'eyJhbGciOiJIUzI1NiIsInR5cCI6IkpXVCJ9.eyJpZCI6MSwiaWF0IjoxNTQ0MTIzNDEwLCJleHAiOjE1NDQ3MjgyMTB9.MqPOoDxtrW_8v8_LscpGGuBdV6uBoi2e2Xq9Qd3D7WQ', 'ios'),
(87, 1, 'eyJhbGciOiJIUzI1NiIsInR5cCI6IkpXVCJ9.eyJpZCI6MSwiaWF0IjoxNTQ0MTIzNjQ0LCJleHAiOjE1NDQ3Mjg0NDR9.DPiAmvzrHjLgKRRHjNkYsWaWXAhIwi8pE4xwAgHvBxI', 'ios'),
(88, 1, 'eyJhbGciOiJIUzI1NiIsInR5cCI6IkpXVCJ9.eyJpZCI6MSwiaWF0IjoxNTQ0MTI0MzQzLCJleHAiOjE1NDQ3MjkxNDN9.Pt1AUYNFae6VXp9KSG2E4_bdydGw1g2P_Tiu6q86pc4', 'ios'),
(89, 1, 'eyJhbGciOiJIUzI1NiIsInR5cCI6IkpXVCJ9.eyJpZCI6MSwiaWF0IjoxNTQ0MTM2NDM5LCJleHAiOjE1NDQ3NDEyMzl9.nm9V9YKduFzTm3OcXmIyaBgM1Z-TLijdImRryLp_toM', 'ios'),
(90, 30, 'eyJhbGciOiJIUzI1NiIsInR5cCI6IkpXVCJ9.eyJpZCI6MzAsImlhdCI6MTU0NDEzNzA0NSwiZXhwIjoxNTQ0NzQxODQ1fQ.DaPaxO-_phE8N5KxpfOD2Z19NUHOay5lsNF7vVz61V0', 'web'),
(91, 1, 'eyJhbGciOiJIUzI1NiIsInR5cCI6IkpXVCJ9.eyJpZCI6MSwiaWF0IjoxNTQ0MTM3MTM4LCJleHAiOjE1NDQ3NDE5Mzh9.cN_A9eJyCxjXWRjxa6eQbCsiNQOtOxGJO2FIeOPKcP8', 'ios'),
(92, 1, 'eyJhbGciOiJIUzI1NiIsInR5cCI6IkpXVCJ9.eyJpZCI6MSwiaWF0IjoxNTQ0MTc1MzgwLCJleHAiOjE1NDQ3ODAxODB9.z7urEUDXFOKF-ubBvS2zigRmTjNZQhFEzMfd4uwGL9Y', 'ios'),
(93, 30, 'eyJhbGciOiJIUzI1NiIsInR5cCI6IkpXVCJ9.eyJpZCI6MzAsImlhdCI6MTU0NDI2NDQ5MCwiZXhwIjoxNTQ0ODY5MjkwfQ._WnmTCSVglIuw7URJgemGW38jwZD-qG23dFOCEvpTmc', 'web'),
(94, 30, 'eyJhbGciOiJIUzI1NiIsInR5cCI6IkpXVCJ9.eyJpZCI6MzAsImlhdCI6MTU0NDI2NDUwNiwiZXhwIjoxNTQ0ODY5MzA2fQ.fD6KSMOyWbZLnIifnJxdiNxaJsjZAvH8qt7Enm2J1qI', 'web'),
(95, 1, 'eyJhbGciOiJIUzI1NiIsInR5cCI6IkpXVCJ9.eyJpZCI6MSwiaWF0IjoxNTQ0MjY0NTE5LCJleHAiOjE1NDQ4NjkzMTl9.S8bldAavt_vxSy1i3KmmTq7riCG35ivgsz9yVhxLEEM', 'ios'),
(96, 31, 'eyJhbGciOiJIUzI1NiIsInR5cCI6IkpXVCJ9.eyJpZCI6MzEsImlhdCI6MTU0NDMwMTQxNywiZXhwIjoxNTQ0OTA2MjE3fQ.GkU2I1LNYk6ElW5smdGG8JxKjM0T5tHZYFOS-k3vEFo', 'android'),
(97, 33, 'eyJhbGciOiJIUzI1NiIsInR5cCI6IkpXVCJ9.eyJpZCI6MzMsImlhdCI6MTU0NDMwMTc3NywiZXhwIjoxNTQ0OTA2NTc3fQ.wwi0ElAQ6DVD0nxqCCNwF6eSR_vXHRyy3kz15VOH0ec', 'web'),
(98, 31, 'eyJhbGciOiJIUzI1NiIsInR5cCI6IkpXVCJ9.eyJpZCI6MzEsImlhdCI6MTU0NDM3NTY0MSwiZXhwIjoxNTQ0OTgwNDQxfQ.4zXIdhqxjNMlDvG4XHYuppUwzUc0_hgoBcyW73O3iWQ', 'android'),
(99, 33, 'eyJhbGciOiJIUzI1NiIsInR5cCI6IkpXVCJ9.eyJpZCI6MzMsImlhdCI6MTU0NDM3NTY4NSwiZXhwIjoxNTQ0OTgwNDg1fQ.GY6PF0wBxFv4B0PG6fkyNe4uW1f1AP1FoyqOioiYOW8', 'web'),
(100, 30, 'eyJhbGciOiJIUzI1NiIsInR5cCI6IkpXVCJ9.eyJpZCI6MzAsImlhdCI6MTU0NDM3NzYzMSwiZXhwIjoxNTQ0OTgyNDMxfQ._whToSJfULS-G6epmtkikeFZcvTJXgjjs7ivaZ1Cx-8', 'web'),
(101, 1, 'eyJhbGciOiJIUzI1NiIsInR5cCI6IkpXVCJ9.eyJpZCI6MSwiaWF0IjoxNTQ0Mzc3NjQ2LCJleHAiOjE1NDQ5ODI0NDZ9.LNgv-ebMvESI6QPNBdP8XjTQHJfGkXBRJQPy8pnWmGA', 'ios'),
(102, 33, 'eyJhbGciOiJIUzI1NiIsInR5cCI6IkpXVCJ9.eyJpZCI6MzMsImlhdCI6MTU0NDM3NzY2MywiZXhwIjoxNTQ0OTgyNDYzfQ.I6od4sosm-EYiDq3Tg4SpkEEV8Zjn_ORliT3bZ-FHwE', 'web'),
(103, 30, 'eyJhbGciOiJIUzI1NiIsInR5cCI6IkpXVCJ9.eyJpZCI6MzAsImlhdCI6MTU0NDQ1NTQxMywiZXhwIjoxNTQ1MDYwMjEzfQ.W_TPjI5remDLg4CJH0lMsLsADgSAlH3W0I-o7UdudI8', 'web'),
(104, 30, 'eyJhbGciOiJIUzI1NiIsInR5cCI6IkpXVCJ9.eyJpZCI6MzAsImlhdCI6MTU0NDQ1NTU5NCwiZXhwIjoxNTQ1MDYwMzk0fQ.9pxnD7SvFGmdAjHJlZH0Ciynqp-9VG1DdnRChyAv230', 'web'),
(105, 30, 'eyJhbGciOiJIUzI1NiIsInR5cCI6IkpXVCJ9.eyJpZCI6MzAsImlhdCI6MTU0NDQ1NTYyOSwiZXhwIjoxNTQ1MDYwNDI5fQ.IIbtDI9fgPEEgL0oRfpxYX_2ps-RISZpie4EAbWBRGk', 'web'),
(106, 30, 'eyJhbGciOiJIUzI1NiIsInR5cCI6IkpXVCJ9.eyJpZCI6MzAsImlhdCI6MTU0NDQ1NTczMCwiZXhwIjoxNTQ1MDYwNTMwfQ.4MN8fGziCfY95Js7ZPEfVh6adOPks-8ji4kXzhRWcc8', 'web'),
(107, 30, 'eyJhbGciOiJIUzI1NiIsInR5cCI6IkpXVCJ9.eyJpZCI6MzAsImlhdCI6MTU0NDQ1NTc2NSwiZXhwIjoxNTQ1MDYwNTY1fQ.xX63gA99aZs0LiTLUAWEWT29626LV7t1P8N9j1PkJFs', 'web'),
(108, 30, 'eyJhbGciOiJIUzI1NiIsInR5cCI6IkpXVCJ9.eyJpZCI6MzAsImlhdCI6MTU0NDQ1NTc3OSwiZXhwIjoxNTQ1MDYwNTc5fQ.SVK-_PpEDocuzQELKtwlcc-rn883746wTfoC2L9UPcw', 'web'),
(109, 30, 'eyJhbGciOiJIUzI1NiIsInR5cCI6IkpXVCJ9.eyJpZCI6MzAsImlhdCI6MTU0NDQ1NTg2OCwiZXhwIjoxNTQ1MDYwNjY4fQ.WAzG6FwqPzkZoDdx6oiqe1yLHl_igd8lU_L_mVN6vF8', 'web'),
(110, 30, 'eyJhbGciOiJIUzI1NiIsInR5cCI6IkpXVCJ9.eyJpZCI6MzAsImlhdCI6MTU0NDQ1NjY4MCwiZXhwIjoxNTQ1MDYxNDgwfQ.g1_uJok4esGXVgkhqmEWXwmc4rcF8BcEm1V4x_kUIp8', 'web'),
(111, 30, 'eyJhbGciOiJIUzI1NiIsInR5cCI6IkpXVCJ9.eyJpZCI6MzAsImlhdCI6MTU0NDQ1NjgxNywiZXhwIjoxNTQ1MDYxNjE3fQ.XIl8X8QBMkQOLRJrc4jZyIV5FLfymtdxzs9J4ZSHYsM', 'web'),
(112, 30, 'eyJhbGciOiJIUzI1NiIsInR5cCI6IkpXVCJ9.eyJpZCI6MzAsImlhdCI6MTU0NDQ1NjgzNywiZXhwIjoxNTQ1MDYxNjM3fQ.WG2jXu3bR3Jb6QnQxpTFoEzwpgP6TWmh_oeX1f5EeJs', 'web'),
(113, 30, 'eyJhbGciOiJIUzI1NiIsInR5cCI6IkpXVCJ9.eyJpZCI6MzAsImlhdCI6MTU0NDQ1Njk1MiwiZXhwIjoxNTQ1MDYxNzUyfQ.1OfoFaOdvGR0wc6segL0BtiLMTZIGA6eHD6Aw65PDAQ', 'web'),
(114, 30, 'eyJhbGciOiJIUzI1NiIsInR5cCI6IkpXVCJ9.eyJpZCI6MzAsImlhdCI6MTU0NDQ1NzA4NSwiZXhwIjoxNTQ1MDYxODg1fQ.hrL1Kxy7Mczjgc5lkg1zGw_3biGIalUT4fusZmde79U', 'web'),
(115, 30, 'eyJhbGciOiJIUzI1NiIsInR5cCI6IkpXVCJ9.eyJpZCI6MzAsImlhdCI6MTU0NDQ1NzA5MCwiZXhwIjoxNTQ1MDYxODkwfQ.CcYj9Vp94_O79nJ6eIAl5-7C6N7T1r_GT5CEE5whhl4', 'web'),
(116, 30, 'eyJhbGciOiJIUzI1NiIsInR5cCI6IkpXVCJ9.eyJpZCI6MzAsImlhdCI6MTU0NDQ1NzI4MSwiZXhwIjoxNTQ1MDYyMDgxfQ.5gzoFRbkY9LU_DZqiF2fO8DxbH9iy08aUVg_4AhSjyw', 'web'),
(117, 1, 'eyJhbGciOiJIUzI1NiIsInR5cCI6IkpXVCJ9.eyJpZCI6MSwiaWF0IjoxNTQ0NDU3MzAxLCJleHAiOjE1NDUwNjIxMDF9.-bBLC2ZKE0QnVyiJt-Fo8R-mfhuoSmy1voTPejSVCKQ', 'ios'),
(118, 30, 'eyJhbGciOiJIUzI1NiIsInR5cCI6IkpXVCJ9.eyJpZCI6MzAsImlhdCI6MTU0NDQ1NzUyNiwiZXhwIjoxNTQ1MDYyMzI2fQ.IiYMCdAooGivgUXmN4iTQ_ifhhvgm8vyQCoOOkLXTqg', 'web'),
(119, 1, 'eyJhbGciOiJIUzI1NiIsInR5cCI6IkpXVCJ9.eyJpZCI6MSwiaWF0IjoxNTQ0NDU3NTY2LCJleHAiOjE1NDUwNjIzNjZ9.U_6yM9zBUzxcUBMubV23EGWn3FLvWPvZzcAd565zBzw', 'ios'),
(120, 28, 'eyJhbGciOiJIUzI1NiIsInR5cCI6IkpXVCJ9.eyJpZCI6MjgsImlhdCI6MTU0NDUzOTUxOCwiZXhwIjoxNTQ1MTQ0MzE4fQ.-SoOFk-iqUP4JZvXs17ZpdUVlqdS30AtEP-E-JVMESM', 'web'),
(121, 1, 'eyJhbGciOiJIUzI1NiIsInR5cCI6IkpXVCJ9.eyJpZCI6MSwiaWF0IjoxNTQ0NTQ3NjcwLCJleHAiOjE1NDUxNTI0NzB9.R79oxbttz26zrnJdNjBsOxj8uUUrZHug7fIqT88v63I', 'ios'),
(122, 25, 'eyJhbGciOiJIUzI1NiIsInR5cCI6IkpXVCJ9.eyJpZCI6MjUsImlhdCI6MTU0NDU0OTczNiwiZXhwIjoxNTQ1MTU0NTM2fQ.MYFzJcUAYY-tmHhgY9QZhcphd3MnV6PTWsS_V0K2u5o', 'web'),
(123, 28, 'eyJhbGciOiJIUzI1NiIsInR5cCI6IkpXVCJ9.eyJpZCI6MjgsImlhdCI6MTU0NDYyODYxMiwiZXhwIjoxNTQ1MjMzNDEyfQ.vGDvethTcGRx_99gNbGiJFzNcqsGWtdrkecnMyTpnX0', 'web'),
(124, 33, 'eyJhbGciOiJIUzI1NiIsInR5cCI6IkpXVCJ9.eyJpZCI6MzMsInBlcm0iOjIsImlhdCI6MTU0NDYzMzQ5OCwiZXhwIjoxNTQ1MjM4Mjk4fQ.q_zLS9zj-j3-ID8bu5NUtBWwsUVkl3sp0ILnLzkMVFo', 'web'),
(125, 33, 'eyJhbGciOiJIUzI1NiIsInR5cCI6IkpXVCJ9.eyJpZCI6MzMsInBlcm0iOjIsImlhdCI6MTU0NDYzMzc3MywiZXhwIjoxNTQ1MjM4NTczfQ.DHabCsC-31F3IBVt0GVpPxh96yfP-8PbEmiD1KiJJy0', 'web'),
(126, 33, 'eyJhbGciOiJIUzI1NiIsInR5cCI6IkpXVCJ9.eyJpZCI6MzMsInBlcm0iOjIsImlhdCI6MTU0NDYzMzgzNiwiZXhwIjoxNTQ1MjM4NjM2fQ.LB9rgb-7cLIlDBJO8lwjlgNJLkafDNpI2mA0iXPZxaI', 'web'),
(127, 1, 'eyJhbGciOiJIUzI1NiIsInR5cCI6IkpXVCJ9.eyJpZCI6MSwiaWF0IjoxNTQ0ODE0NTk0LCJleHAiOjE1NDU0MTkzOTR9.oHRgyo-SxD8kZhC_TfdCzgxwqSqJjmgdT2rYORZDIes', 'ios'),
(128, 1, 'eyJhbGciOiJIUzI1NiIsInR5cCI6IkpXVCJ9.eyJpZCI6MSwiaWF0IjoxNTQ0ODE0NzcyLCJleHAiOjE1NDU0MTk1NzJ9.9zpcG7OJU4Isp4dveBfghdoEnajuWlMMnb8GdkQvjhA', 'ios'),
(129, 1, 'eyJhbGciOiJIUzI1NiIsInR5cCI6IkpXVCJ9.eyJpZCI6MSwiaWF0IjoxNTQ0ODE0ODM3LCJleHAiOjE1NDU0MTk2Mzd9.V8up6GxC7kaWCV35pXTscbKo1n-5Xyc-lbX9PKlbsmI', 'ios'),
(130, 1, 'eyJhbGciOiJIUzI1NiIsInR5cCI6IkpXVCJ9.eyJpZCI6MSwicGVybSI6MiwiaWF0IjoxNTQ0ODE0ODc0LCJleHAiOjE1NDU0MTk2NzR9.bXBLaHu9rRRx_-fP77f5xNDCGA2-c-XiTKvetDpf_ZI', 'ios'),
(131, 28, 'eyJhbGciOiJIUzI1NiIsInR5cCI6IkpXVCJ9.eyJpZCI6MjgsImlhdCI6MTU0NDg4NTg3MSwiZXhwIjoxNTQ1NDkwNjcxfQ.Ymj0VEYLGEN7K5rLoyGtr7FZhf3PsED629cM_JaAbP8', 'web'),
(132, 1, 'eyJhbGciOiJIUzI1NiIsInR5cCI6IkpXVCJ9.eyJpZCI6MSwiaWF0IjoxNTQ0ODg1OTMxLCJleHAiOjE1NDU0OTA3MzF9.R19ji4jxLVPxdhyHtK_4A_zhdR6_4-8i6fwX_g34_IQ', 'ios'),
(133, 33, 'eyJhbGciOiJIUzI1NiIsInR5cCI6IkpXVCJ9.eyJpZCI6MzMsInBlcm0iOjIsImlhdCI6MTU0NDg5MDIwMiwiZXhwIjoxNTQ1NDk1MDAyfQ.rbmQFtOXYYHTQIQDnjMdUyYgaOVyuWaSlI5hlhANe3g', 'web'),
(134, 1, 'eyJhbGciOiJIUzI1NiIsInR5cCI6IkpXVCJ9.eyJpZCI6MSwicGVybSI6MiwiaWF0IjoxNTQ0OTAxMzg5LCJleHAiOjE1NDU1MDYxODl9.8gKAgN9EqEvSmDiwCwC6FLOkraexwKOGzw2FvYDl4JI', 'ios'),
(135, 33, 'eyJhbGciOiJIUzI1NiIsInR5cCI6IkpXVCJ9.eyJpZCI6MzMsImlhdCI6MTU0NTE0Mzg5MSwiZXhwIjoxNTQ1NzQ4NjkxfQ.EeEcmgtesbcC1cLUYLAscIAmjbeBLKvPCKK1OhdCY84', 'web'),
(136, 1, 'eyJhbGciOiJIUzI1NiIsInR5cCI6IkpXVCJ9.eyJpZCI6MSwicGVybSI6MiwiaWF0IjoxNTQ1MTUwNTEzLCJleHAiOjE1NDU3NTUzMTN9.-gXDAgK1UVtxMzMlRcfH8hhw9L3VynDInkQmAOg8l3U', 'ios'),
(137, 1, 'eyJhbGciOiJIUzI1NiIsInR5cCI6IkpXVCJ9.eyJpZCI6MSwicGVybSI6MiwiaWF0IjoxNTQ1MTUwNzA0LCJleHAiOjE1NDU3NTU1MDR9.bDT0RoQt3f3yGNViGqaprPWbcO16Jphocv35grZFnmE', 'ios'),
(138, 1, 'eyJhbGciOiJIUzI1NiIsInR5cCI6IkpXVCJ9.eyJpZCI6MSwicGVybSI6MiwiaWF0IjoxNTQ1MTUxMTIwLCJleHAiOjE1NDU3NTU5MjB9.RVRy4jipKoee-DE_1RnDBO1ZH483AZYo1G_og005oaM', 'ios'),
(139, 33, 'eyJhbGciOiJIUzI1NiIsInR5cCI6IkpXVCJ9.eyJpZCI6MzMsImlhdCI6MTU0NTY2NjY2MiwiZXhwIjoxNTQ2MjcxNDYyfQ.RatUDs9j8JW8MZdy0r93TNZWiNNp-5jgMYj0LDUFfKA', 'web'),
(140, 1, 'eyJhbGciOiJIUzI1NiIsInR5cCI6IkpXVCJ9.eyJpZCI6MSwicGVybSI6MiwiaWF0IjoxNTQ1NzM3MTI2LCJleHAiOjE1NDYzNDE5MjZ9.yfeHx59NZzyHSca10rmCR2vrmTshNwYzrRDMqKkr5cg', 'ios'),
(141, 33, 'eyJhbGciOiJIUzI1NiIsInR5cCI6IkpXVCJ9.eyJpZCI6MzMsImlhdCI6MTU0NTgzNzcxNCwiZXhwIjoxNTQ2NDQyNTE0fQ._UMIBiAbvzAzK1boHG-GHkzUSOz-vrocUGMRlzyeV6A', 'web'),
(142, 33, 'eyJhbGciOiJIUzI1NiIsInR5cCI6IkpXVCJ9.eyJpZCI6MzMsImlhdCI6MTU0NTg0MDQ5MSwiZXhwIjoxNTQ2NDQ1MjkxfQ.4KuXZ_d73lbv8kj1gAg_tvYJt96CGF1N8sBtaiasV4k', 'web'),
(143, 33, 'eyJhbGciOiJIUzI1NiIsInR5cCI6IkpXVCJ9.eyJpZCI6MzMsImlhdCI6MTU0NTg0MDYwMywiZXhwIjoxNTQ2NDQ1NDAzfQ.ab1ojp7bCnODKI73Rjl5BnUQQUL2a4Jwi4zML0ss0bk', 'web'),
(144, 33, 'eyJhbGciOiJIUzI1NiIsInR5cCI6IkpXVCJ9.eyJpZCI6MzMsImlhdCI6MTU0NTg0MDY3MCwiZXhwIjoxNTQ2NDQ1NDcwfQ.YZpKaHhmm7OD_wXHO_KVzES37abkSa-VTeDyAP2_AaM', 'web'),
(145, 25, 'eyJhbGciOiJIUzI1NiIsInR5cCI6IkpXVCJ9.eyJpZCI6MjUsImlhdCI6MTU0NjAxMTM3NywiZXhwIjoxNTQ2NjE2MTc3fQ.IH9O8LrDP7pJN10Fuqzy8i_MX9EwM7MiA4ZBjw3v88g', 'web'),
(146, 27, 'eyJhbGciOiJIUzI1NiIsInR5cCI6IkpXVCJ9.eyJpZCI6MjcsImlhdCI6MTU0NjAxMTQzNSwiZXhwIjoxNTQ2NjE2MjM1fQ.oRPBGhYSECw61ZgPmn8JIWMRdKcuDmo4dJcCVpiuams', 'android'),
(147, 33, 'eyJhbGciOiJIUzI1NiIsInR5cCI6IkpXVCJ9.eyJpZCI6MzMsImlhdCI6MTU0NjAxMTYwOCwiZXhwIjoxNTQ2NjE2NDA4fQ.XHsWtBruNAOE2NEs6AfJ8IPybZzC56SDlWVUQWItoGg', 'web'),
(148, 33, 'eyJhbGciOiJIUzI1NiIsInR5cCI6IkpXVCJ9.eyJpZCI6MzMsImlhdCI6MTU0NjAxMTk3MywiZXhwIjoxNTQ2NjE2NzczfQ.AUn4DcilBne-UUU0TOaEd2ERIc4kLF17ouY_4fTInnY', 'web'),
(149, 25, 'eyJhbGciOiJIUzI1NiIsInR5cCI6IkpXVCJ9.eyJpZCI6MjUsImlhdCI6MTU0NjAyMjQ3NSwiZXhwIjoxNTQ2NjI3Mjc1fQ.JoIpvSkelqG2yjCHrf2snz9NoQxJ2A8sMMdEyoTC78g', 'web'),
(150, 33, 'eyJhbGciOiJIUzI1NiIsInR5cCI6IkpXVCJ9.eyJpZCI6MzMsImlhdCI6MTU0NjEyMzU5MCwiZXhwIjoxNTQ2NzI4MzkwfQ.9N_an6YelZqtr03KM3g28rzjhUQWxt94FA1rbFJM1mw', 'web'),
(151, 33, 'eyJhbGciOiJIUzI1NiIsInR5cCI6IkpXVCJ9.eyJpZCI6MzMsImlhdCI6MTU0NjEyNDE2OCwiZXhwIjoxNTQ2NzI4OTY4fQ.ZKocDhjdhEABONw9pIdlVtqGtBk-uP4BtrlI1uLAsx4', 'web'),
(152, 33, 'eyJhbGciOiJIUzI1NiIsInR5cCI6IkpXVCJ9.eyJpZCI6MzMsImlhdCI6MTU0NjEyNTQ4OSwiZXhwIjoxNTQ2NzMwMjg5fQ.kOiv3tD6PT1Z1L5iVj42X7pBd3QTkMW-AW05m2znk2I', 'web'),
(153, 33, 'eyJhbGciOiJIUzI1NiIsInR5cCI6IkpXVCJ9.eyJpZCI6MzMsImlhdCI6MTU0NjE3ODU0OCwiZXhwIjoxNTQ2NzgzMzQ4fQ.SAS63F5H7Wu-X645Xg90x10vx4DD4gJiiF6E2UdM3R0', 'web'),
(154, 1, 'eyJhbGciOiJIUzI1NiIsInR5cCI6IkpXVCJ9.eyJpZCI6MSwicGVybSI6MiwiaWF0IjoxNTQ2MTc4NTkzLCJleHAiOjE1NDY3ODMzOTN9.ucchH-k3eDC1q3c89jFXQDa_NL4vJIiEWGs4Al4ZVhI', 'ios'),
(155, 33, 'eyJhbGciOiJIUzI1NiIsInR5cCI6IkpXVCJ9.eyJpZCI6MzMsImlhdCI6MTU0NjE3ODYwMiwiZXhwIjoxNTQ2NzgzNDAyfQ.euKNBVbu2TDl95udc1HZ72V1KZmu9K-xaWnXmMOJbAY', 'web'),
(156, 33, 'eyJhbGciOiJIUzI1NiIsInR5cCI6IkpXVCJ9.eyJpZCI6MzMsImlhdCI6MTU0NjE3ODYwOCwiZXhwIjoxNTQ2NzgzNDA4fQ.z5e1O4c0_Ui-BI_DCzruIvyL3t0dRO5jIRjZGw30_TY', 'web'),
(157, 33, 'eyJhbGciOiJIUzI1NiIsInR5cCI6IkpXVCJ9.eyJpZCI6MzMsImlhdCI6MTU0NjE3ODY2MCwiZXhwIjoxNTQ2NzgzNDYwfQ.yrM2rvt6nGfUA_ebcwoSO3hLDS8UV2mhUMqAj8a0S1o', 'web'),
(158, 33, 'eyJhbGciOiJIUzI1NiIsInR5cCI6IkpXVCJ9.eyJpZCI6MzMsImlhdCI6MTU0NjE3ODY4MCwiZXhwIjoxNTQ2NzgzNDgwfQ.6LESkxJKbZLk8zTIWPvQ-Q11a3_F0E_ASvnovAnSl8o', 'web'),
(159, 33, 'eyJhbGciOiJIUzI1NiIsInR5cCI6IkpXVCJ9.eyJpZCI6MzMsImlhdCI6MTU0NjE3ODcxNSwiZXhwIjoxNTQ2NzgzNTE1fQ.8MC00_1FQ892FEO089jFg8Yu_Gmbc6h5d9jzh4ChkNU', 'web'),
(160, 1, 'eyJhbGciOiJIUzI1NiIsInR5cCI6IkpXVCJ9.eyJpZCI6MSwicGVybSI6MiwiaWF0IjoxNTQ2MTc4NzIxLCJleHAiOjE1NDY3ODM1MjF9.WNI4eDYZfctAZ7gqnz1Q8C2QlRqK1Fu26hSO8daJsdg', 'ios'),
(161, 33, 'eyJhbGciOiJIUzI1NiIsInR5cCI6IkpXVCJ9.eyJpZCI6MzMsImlhdCI6MTU0NjE3ODc5NSwiZXhwIjoxNTQ2NzgzNTk1fQ.YNKUaH_Ylj42l2XnD1DCnhYtpyTij1bb_Txo6X7dhaw', 'web'),
(162, 33, 'eyJhbGciOiJIUzI1NiIsInR5cCI6IkpXVCJ9.eyJpZCI6MzMsImlhdCI6MTU0NjE3ODg1NywiZXhwIjoxNTQ2NzgzNjU3fQ.kMcFHFZF4RnQpsY1NTVzyVrlygYFm4-nJ_fDgJZl9YE', 'web'),
(163, 33, 'eyJhbGciOiJIUzI1NiIsInR5cCI6IkpXVCJ9.eyJpZCI6MzMsImlhdCI6MTU0NjE3ODk3NywiZXhwIjoxNTQ2NzgzNzc3fQ.AFwh70V0nHikgspA27g86hs9_uyORPz-iP4x-BfuE4s', 'web'),
(164, 33, 'eyJhbGciOiJIUzI1NiIsInR5cCI6IkpXVCJ9.eyJpZCI6MzMsImlhdCI6MTU0NjE3OTE1MywiZXhwIjoxNTQ2NzgzOTUzfQ.TsRy-1k2EWbv0ExSvypy_nzUk31Fwxde40gpRBUjmy0', 'web'),
(165, 1, 'eyJhbGciOiJIUzI1NiIsInR5cCI6IkpXVCJ9.eyJpZCI6MSwicGVybSI6MiwiaWF0IjoxNTQ2NTIxNjI2LCJleHAiOjE1NDcxMjY0MjZ9.vpdZmVAsqEojBMpaCPO3mkglCxZNph0coPaA3tUM08s', 'ios'),
(166, 1, 'eyJhbGciOiJIUzI1NiIsInR5cCI6IkpXVCJ9.eyJpZCI6MSwicGVybSI6MiwiaWF0IjoxNTQ2NTI3MjI1LCJleHAiOjE1NDcxMzIwMjV9.9jhMpn23OSQ96lC5IuHO81oX1i6MQQEY5DymuUGqHnc', 'ios'),
(167, 33, 'eyJhbGciOiJIUzI1NiIsInR5cCI6IkpXVCJ9.eyJpZCI6MzMsInBlcm0iOjIsImlhdCI6MTU0NjUzMDgzNiwiZXhwIjoxNTQ3MTM1NjM2fQ.0ogRlAb0jMMqUiedW8ZWer4nTb9vUlJffc8A4U3i3S0', 'web'),
(168, 1, 'eyJhbGciOiJIUzI1NiIsInR5cCI6IkpXVCJ9.eyJpZCI6MSwicGVybSI6MiwiaWF0IjoxNTQ2Nzc1NzMyLCJleHAiOjE1NDczODA1MzJ9.WB1Cr10SP6gRK5u0MeEg2mIso0dktEPNRH9-zNXk7KU', 'ios'),
(169, 1, 'eyJhbGciOiJIUzI1NiIsInR5cCI6IkpXVCJ9.eyJpZCI6MSwicGVybSI6MiwiaWF0IjoxNTQ2Nzc1Nzc1LCJleHAiOjE1NDczODA1NzV9.OHQ3NKw9Rl2s48mNkvUbPtB0HXRbtThuyGBwu2J9l3E', 'ios'),
(170, 1, 'eyJhbGciOiJIUzI1NiIsInR5cCI6IkpXVCJ9.eyJpZCI6MSwicGVybSI6MiwiaWF0IjoxNTQ2NzgwNjMyLCJleHAiOjE1NDczODU0MzJ9.50akSWydevtXYOqHXmpR7hofxyeYjkKZ-6TkKVtideA', 'ios'),
(171, 1, 'eyJhbGciOiJIUzI1NiIsInR5cCI6IkpXVCJ9.eyJpZCI6MSwicGVybSI6MiwiaWF0IjoxNTQ2NzgzNjMwLCJleHAiOjE1NDczODg0MzB9.BrYhDhFLsbB8gZAWUkM49AxQCRX_ikdY8Aps20Z_5a0', 'ios'),
(172, 1, 'eyJhbGciOiJIUzI1NiIsInR5cCI6IkpXVCJ9.eyJpZCI6MSwicGVybSI6MiwiaWF0IjoxNTQ2Nzk4NDY3LCJleHAiOjE1NDc0MDMyNjd9.QRRSWYB2CAdSp1wDFqVL6H2e4txIFyPJBK_ielUJT5U', 'ios'),
(173, 1, 'eyJhbGciOiJIUzI1NiIsInR5cCI6IkpXVCJ9.eyJpZCI6MSwicGVybSI6MiwiaWF0IjoxNTQ2Nzk4Njc0LCJleHAiOjE1NDc0MDM0NzR9.WtZKQcDX5DMGbn-1--PuZDxaVe9ydotVnflEEdhx8lo', 'ios'),
(174, 1, 'eyJhbGciOiJIUzI1NiIsInR5cCI6IkpXVCJ9.eyJpZCI6MSwicGVybSI6MiwiaWF0IjoxNTQ2Nzk4ODkyLCJleHAiOjE1NDc0MDM2OTJ9.kLxM_8Srgjm6ak0maIeETU0xRCyIXdR_rFYBAYzAe0s', 'ios'),
(175, 1, 'eyJhbGciOiJIUzI1NiIsInR5cCI6IkpXVCJ9.eyJpZCI6MSwicGVybSI6MiwiaWF0IjoxNTQ2ODAyMjQ4LCJleHAiOjE1NDc0MDcwNDh9.wIWU1q6NDQySgRBvfvEeYBh8yB51zkcWAHncsIPHvnY', 'ios'),
(176, 36, 'eyJhbGciOiJIUzI1NiIsInR5cCI6IkpXVCJ9.eyJpZCI6MzYsInBlcm0iOjEsImlhdCI6MTU0NjgwMjYyMiwiZXhwIjoxNTQ3NDA3NDIyfQ.26A9O3ae3MDRNswa-qOdMVf47tSoM2UCJOqSlHPCS9Q', 'web'),
(177, 1, 'eyJhbGciOiJIUzI1NiIsInR5cCI6IkpXVCJ9.eyJpZCI6MSwicGVybSI6MiwiaWF0IjoxNTQ2ODA5ODY1LCJleHAiOjE1NDc0MTQ2NjV9.pR3GNH8KovNHVP4UbzRZC2_FduGHidk8K2nn6GDuFQs', 'ios'),
(178, 36, 'eyJhbGciOiJIUzI1NiIsInR5cCI6IkpXVCJ9.eyJpZCI6MzYsInBlcm0iOjEsImlhdCI6MTU0NjgwOTg3MCwiZXhwIjoxNTQ3NDE0NjcwfQ.M17FXopx3pYMw1O2-rRqgcC3ekkl52TuA0bKMil2shA', 'web'),
(179, 1, 'eyJhbGciOiJIUzI1NiIsInR5cCI6IkpXVCJ9.eyJpZCI6MSwicGVybSI6MiwiaWF0IjoxNTQ2ODA5OTk0LCJleHAiOjE1NDc0MTQ3OTR9.D74CQ9Pi0YRanwbMmttIoDlJMeiEYu96r7NMhZP3jkM', 'ios'),
(180, 1, 'eyJhbGciOiJIUzI1NiIsInR5cCI6IkpXVCJ9.eyJpZCI6MSwicGVybSI6MiwiaWF0IjoxNTQ2ODEwMjEwLCJleHAiOjE1NDc0MTUwMTB9.QhOsYACqGjnpL-MJFHI4iamYP1ughano4A1f3JxsUS0', 'ios'),
(181, 31, 'eyJhbGciOiJIUzI1NiIsInR5cCI6IkpXVCJ9.eyJpZCI6MzEsInBlcm0iOjEsImlhdCI6MTU0NjgxMDM5MSwiZXhwIjoxNTQ3NDE1MTkxfQ.ujQwn-TF5Toa1ZdEaGSfAZrZ9NzrApb_P99aP41UCKY', 'android'),
(182, 1, 'eyJhbGciOiJIUzI1NiIsInR5cCI6IkpXVCJ9.eyJpZCI6MSwicGVybSI6MiwiaWF0IjoxNTQ2ODY0NjUxLCJleHAiOjE1NDc0Njk0NTF9.OJLOr3dfLEn6YYtKxwWxBMk2aK0HgrqqTuYtUiczykQ', 'ios'),
(183, 33, 'eyJhbGciOiJIUzI1NiIsInR5cCI6IkpXVCJ9.eyJpZCI6MzMsInBlcm0iOjIsImlhdCI6MTU0Njg2ODcwMSwiZXhwIjoxNTQ3NDczNTAxfQ.T0lGEUxHOrDxnj3t3IQ_Z-J3oCrgDsXt5nXKv7_oEe8', 'web'),
(184, 33, 'eyJhbGciOiJIUzI1NiIsInR5cCI6IkpXVCJ9.eyJpZCI6MzMsImlhdCI6MTU0Njg2ODk0MiwiZXhwIjoxNTQ3NDczNzQyfQ.lQG012qAwphb1UHX7JjRmcZqOeEsHlwhFSaVMEIJeT8', 'web'),
(185, 25, 'eyJhbGciOiJIUzI1NiIsInR5cCI6IkpXVCJ9.eyJpZCI6MjUsImlhdCI6MTU0Njg3MDU0NiwiZXhwIjoxNTQ3NDc1MzQ2fQ.dt0A_I7kPX39OoYfb7fyrDV_eU9ixU4-w5sytmQ4Qko', 'web'),
(186, 33, 'eyJhbGciOiJIUzI1NiIsInR5cCI6IkpXVCJ9.eyJpZCI6MzMsImlhdCI6MTU0Njg3MTAxNiwiZXhwIjoxNTQ3NDc1ODE2fQ.TxNBCw8LjMxLhDfuPlV0l26W2pKUtbgqXBz4cpl9Bqs', 'web'),
(187, 1, 'eyJhbGciOiJIUzI1NiIsInR5cCI6IkpXVCJ9.eyJpZCI6MSwicGVybSI6MiwiaWF0IjoxNTQ2OTUyODE3LCJleHAiOjE1NDc1NTc2MTd9.CtSy0a7hzEIz5zvJKR9mCD-TLrsA7F5q7PHwp54Z6pk', 'ios'),
(188, 33, 'eyJhbGciOiJIUzI1NiIsInR5cCI6IkpXVCJ9.eyJpZCI6MzMsInBlcm0iOjIsImlhdCI6MTU0Njk1MzAyNSwiZXhwIjoxNTQ3NTU3ODI1fQ.DZIxckuLumg6-56CrjtCssnVVgg7aS1WMINLfp6nTCg', 'web'),
(189, 33, 'eyJhbGciOiJIUzI1NiIsInR5cCI6IkpXVCJ9.eyJpZCI6MzMsInBlcm0iOjIsImlhdCI6MTU0Njk1MzA3NiwiZXhwIjoxNTQ3NTU3ODc2fQ.cBo0l26ZDIM9EMr8HTv5c2Re_xan_9EJbcjGTAf2krA', 'web'),
(190, 33, 'eyJhbGciOiJIUzI1NiIsInR5cCI6IkpXVCJ9.eyJpZCI6MzMsInBlcm0iOjIsImlhdCI6MTU0Njk1MzA5MiwiZXhwIjoxNTQ3NTU3ODkyfQ.ZLb_YAJNh-vF8CeRqUiV33zfluyvUMCqB6aWwpi6el8', 'web'),
(191, 32, 'eyJhbGciOiJIUzI1NiIsInR5cCI6IkpXVCJ9.eyJpZCI6MzIsInBlcm0iOjEsImlhdCI6MTU0Njk1MzE0MiwiZXhwIjoxNTQ3NTU3OTQyfQ.F7EHhuGCg5fpmC1WczPnSqbi_t1Nao0wScFjKsmMoas', 'android'),
(192, 31, 'eyJhbGciOiJIUzI1NiIsInR5cCI6IkpXVCJ9.eyJpZCI6MzEsInBlcm0iOjEsImlhdCI6MTU0Njk1MzE3NywiZXhwIjoxNTQ3NTU3OTc3fQ.fVn8M8uTLKs-ARacUwjCFEhWEfl7hpfFxj9Uedg9Thw', 'android'),
(193, 1, 'eyJhbGciOiJIUzI1NiIsInR5cCI6IkpXVCJ9.eyJpZCI6MSwicGVybSI6MiwiaWF0IjoxNTQ2OTUzODIxLCJleHAiOjE1NDc1NTg2MjF9.OqyZoK_29PHelWtaD8dcDkBs9e3Ci5eS8nXQ6HP5aqk', 'ios'),
(194, 1, 'eyJhbGciOiJIUzI1NiIsInR5cCI6IkpXVCJ9.eyJpZCI6MSwicGVybSI6MiwiaWF0IjoxNTQ2OTUzODY2LCJleHAiOjE1NDc1NTg2NjZ9.LGTvMd9dPAm5Vz1D6SU2BfbpYA4DwnQynPsvdLHkEkA', 'ios'),
(195, 36, 'eyJhbGciOiJIUzI1NiIsInR5cCI6IkpXVCJ9.eyJpZCI6MzYsInBlcm0iOjEsImlhdCI6MTU0Njk2Njg1MSwiZXhwIjoxNTQ3NTcxNjUxfQ.AuVHZFd2keFPdnxip9DwP55_EGVlaiqGVMKXeRUA_Lo', 'web'),
(196, 1, 'eyJhbGciOiJIUzI1NiIsInR5cCI6IkpXVCJ9.eyJpZCI6MSwicGVybSI6MiwiaWF0IjoxNTQ2OTc0MTYzLCJleHAiOjE1NDc1Nzg5NjN9.V0UNwIGxVCXqJCyiNLBUGWm0hmr8iLlyeMz0e1DUCfc', 'ios'),
(197, 36, 'eyJhbGciOiJIUzI1NiIsInR5cCI6IkpXVCJ9.eyJpZCI6MzYsInBlcm0iOjEsImlhdCI6MTU0Njk3NDE3MCwiZXhwIjoxNTQ3NTc4OTcwfQ.Z1oD6rivQ_CyqrwOaLhK8NSSDv58VsVeZqHsxkJi1TM', 'web'),
(198, 36, 'eyJhbGciOiJIUzI1NiIsInR5cCI6IkpXVCJ9.eyJpZCI6MzYsInBlcm0iOjEsImlhdCI6MTU0Njk3NDI3MywiZXhwIjoxNTQ3NTc5MDczfQ.BJImCfDZWDf83nBXZ_iEn_g2rWVp4qVP04jjEe2zmKk', 'web'),
(199, 1, 'eyJhbGciOiJIUzI1NiIsInR5cCI6IkpXVCJ9.eyJpZCI6MSwicGVybSI6MiwiaWF0IjoxNTQ2OTc0Mjg2LCJleHAiOjE1NDc1NzkwODZ9.l6sYZnvQH4HY_bPFVdXp6ZHSkfio6KRblXDFyYddUak', 'ios'),
(200, 36, 'eyJhbGciOiJIUzI1NiIsInR5cCI6IkpXVCJ9.eyJpZCI6MzYsInBlcm0iOjEsImlhdCI6MTU0Njk3NDM1OSwiZXhwIjoxNTQ3NTc5MTU5fQ.NVuWYdtxf7mN3vYEwRtbO125QptgS_gAzurUNX5pXdI', 'web'),
(201, 1, 'eyJhbGciOiJIUzI1NiIsInR5cCI6IkpXVCJ9.eyJpZCI6MSwicGVybSI6MiwiaWF0IjoxNTQ2OTc1MzA5LCJleHAiOjE1NDc1ODAxMDl9.oT6L6shbWgFiRK8WZNscxiUgdLR2vvy3TTC3h-wfq3M', 'ios'),
(202, 1, 'eyJhbGciOiJIUzI1NiIsInR5cCI6IkpXVCJ9.eyJpZCI6MSwicGVybSI6MiwiaWF0IjoxNTQ2OTc2OTgxLCJleHAiOjE1NDc1ODE3ODF9.BTA8N3hd4smFSD2BA-vd2HAhdU0Oazb_FITu4OOMh6g', 'ios'),
(203, 36, 'eyJhbGciOiJIUzI1NiIsInR5cCI6IkpXVCJ9.eyJpZCI6MzYsInBlcm0iOjEsImlhdCI6MTU0Njk4NTY4OSwiZXhwIjoxNTQ3NTkwNDg5fQ.R5KI-BgTdZuTOE3GPGzgnANUkiwg-2VPZJIsv645Vfg', 'web'),
(204, 1, 'eyJhbGciOiJIUzI1NiIsInR5cCI6IkpXVCJ9.eyJpZCI6MSwicGVybSI6MiwiaWF0IjoxNTQ2OTg1ODcyLCJleHAiOjE1NDc1OTA2NzJ9.PcP3ATWXobFLM92LEe5MGefn2d9YKtHolDn_-Ebjmdw', 'ios'),
(205, 36, 'eyJhbGciOiJIUzI1NiIsInR5cCI6IkpXVCJ9.eyJpZCI6MzYsInBlcm0iOjEsImlhdCI6MTU0Njk4NjMxNiwiZXhwIjoxNTQ3NTkxMTE2fQ.h89WbqtQujpY1V0PbI_8BKBk4zB-y4IKxfcY-fgG27E', 'web'),
(206, 1, 'eyJhbGciOiJIUzI1NiIsInR5cCI6IkpXVCJ9.eyJpZCI6MSwicGVybSI6MiwiaWF0IjoxNTQ2OTg2NTI4LCJleHAiOjE1NDc1OTEzMjh9.xfrvikS8USjO8R12qUMSn8XqcHjHPihDVsIoj9T0eKI', 'ios'),
(207, 33, 'eyJhbGciOiJIUzI1NiIsInR5cCI6IkpXVCJ9.eyJpZCI6MzMsInBlcm0iOjEsImlhdCI6MTU0NzAzNzkyMSwiZXhwIjoxNTQ3NjQyNzIxfQ.w1mVgqrWqwGZFr1qorVCf6HGW6wk8sNtBnr5PbL14Fo', 'web'),
(208, 36, 'eyJhbGciOiJIUzI1NiIsInR5cCI6IkpXVCJ9.eyJpZCI6MzYsInBlcm0iOjEsImlhdCI6MTU0NzAzOTg2OSwiZXhwIjoxNTQ3NjQ0NjY5fQ.tUcIQVaHnS71cA3Qv6C0CtK2BgOQNb_G-fhu8cnrpYU', 'web'),
(209, 1, 'eyJhbGciOiJIUzI1NiIsInR5cCI6IkpXVCJ9.eyJpZCI6MSwicGVybSI6MiwiaWF0IjoxNTQ3MDM5OTExLCJleHAiOjE1NDc2NDQ3MTF9.WInKVk7_g3GecJ4oK6wrdcGjTMvBdemQHCDGAlpr5Ac', 'ios'),
(210, 1, 'eyJhbGciOiJIUzI1NiIsInR5cCI6IkpXVCJ9.eyJpZCI6MSwicGVybSI6MiwiaWF0IjoxNTQ3MDQwMTQ4LCJleHAiOjE1NDc2NDQ5NDh9.5LrpzIJHPtCw7KEcQm-PhOvUfF8QsUQzHA0H0V-2g5Q', 'ios'),
(211, 36, 'eyJhbGciOiJIUzI1NiIsInR5cCI6IkpXVCJ9.eyJpZCI6MzYsInBlcm0iOjEsImlhdCI6MTU0NzA0MDE2MCwiZXhwIjoxNTQ3NjQ0OTYwfQ.JepcLUuYnKNl9igIprBEh18AdQaBNIBZVd6hLXkraWA', 'web'),
(212, 1, 'eyJhbGciOiJIUzI1NiIsInR5cCI6IkpXVCJ9.eyJpZCI6MSwicGVybSI6MiwiaWF0IjoxNTQ3MDQwMTk0LCJleHAiOjE1NDc2NDQ5OTR9.2OYVTcg6VmWMswiKamP9qjbpMTU2-RxgWkPvzMP9UWM', 'ios'),
(213, 36, 'eyJhbGciOiJIUzI1NiIsInR5cCI6IkpXVCJ9.eyJpZCI6MzYsInBlcm0iOjEsImlhdCI6MTU0NzA0MDI4NywiZXhwIjoxNTQ3NjQ1MDg3fQ.wSRzYiXKZ84WmQplWVEhduTIoJUrZUMMDNhVQlkF__8', 'web'),
(214, 1, 'eyJhbGciOiJIUzI1NiIsInR5cCI6IkpXVCJ9.eyJpZCI6MSwicGVybSI6MiwiaWF0IjoxNTQ3MDQwMzE2LCJleHAiOjE1NDc2NDUxMTZ9.MM-zELZ1ux7Kx2ITgJNlBMtycL4xTrUvsRUChUWud2s', 'ios'),
(215, 1, 'eyJhbGciOiJIUzI1NiIsInR5cCI6IkpXVCJ9.eyJpZCI6MSwicGVybSI6MiwiaWF0IjoxNTQ3MDQwMzQ5LCJleHAiOjE1NDc2NDUxNDl9.MbxCj5vgJ-TirXAjQ0dEpe9To5U9B8qzV5_1jeRwWgQ', 'ios'),
(216, 1, 'eyJhbGciOiJIUzI1NiIsInR5cCI6IkpXVCJ9.eyJpZCI6MSwicGVybSI6MiwiaWF0IjoxNTQ3MDQwMzcxLCJleHAiOjE1NDc2NDUxNzF9.X__wUwAQ1-o1jIt0mB5V-2ENWAHYdM3LYF_lJ-P6hc0', 'ios'),
(217, 36, 'eyJhbGciOiJIUzI1NiIsInR5cCI6IkpXVCJ9.eyJpZCI6MzYsInBlcm0iOjEsImlhdCI6MTU0NzA0MDQ1NiwiZXhwIjoxNTQ3NjQ1MjU2fQ.jyChMkEG98YQAL-fAEbjDLbVRIOFbPRViZSzPJx6LM8', 'web'),
(218, 1, 'eyJhbGciOiJIUzI1NiIsInR5cCI6IkpXVCJ9.eyJpZCI6MSwicGVybSI6MiwiaWF0IjoxNTQ3MDQwNDY1LCJleHAiOjE1NDc2NDUyNjV9.ae5E2Btgw2TmR6xgZFVx_xU6Gfp-cyfnq7wafhS-294', 'ios'),
(219, 36, 'eyJhbGciOiJIUzI1NiIsInR5cCI6IkpXVCJ9.eyJpZCI6MzYsInBlcm0iOjEsImlhdCI6MTU0NzA0MTU1NiwiZXhwIjoxNTQ3NjQ2MzU2fQ.79iQeV1dSnqTxoyhib2WeXVDTnF8nHKT3E1TKGgTOLU', 'web'),
(220, 36, 'eyJhbGciOiJIUzI1NiIsInR5cCI6IkpXVCJ9.eyJpZCI6MzYsInBlcm0iOjEsImlhdCI6MTU0NzA0MzQwMywiZXhwIjoxNTQ3NjQ4MjAzfQ.Ugje8I2EzZvDwK1E20fVcCqO07tBl5CsSAwh-Sn3FUc', 'web'),
(221, 1, 'eyJhbGciOiJIUzI1NiIsInR5cCI6IkpXVCJ9.eyJpZCI6MSwicGVybSI6MiwiaWF0IjoxNTQ3MDQzNDUxLCJleHAiOjE1NDc2NDgyNTF9.dvh5AL6nswLio0Y_X75yvq9-IYGrEG9X48_A21dpMlA', 'ios'),
(222, 36, 'eyJhbGciOiJIUzI1NiIsInR5cCI6IkpXVCJ9.eyJpZCI6MzYsInBlcm0iOjEsImlhdCI6MTU0NzA0MzQ3MSwiZXhwIjoxNTQ3NjQ4MjcxfQ._lqacWsAo2wrpxYcDmOAe5Oo0nzMQJAE3Iola4tuYg4', 'web'),
(223, 36, 'eyJhbGciOiJIUzI1NiIsInR5cCI6IkpXVCJ9.eyJpZCI6MzYsInBlcm0iOjEsImlhdCI6MTU0NzA0MzYwMCwiZXhwIjoxNTQ3NjQ4NDAwfQ.FnPsifMWtk3-3um2erVygGikdMkDzB7vROPKRfh5M0Y', 'web'),
(224, 1, 'eyJhbGciOiJIUzI1NiIsInR5cCI6IkpXVCJ9.eyJpZCI6MSwicGVybSI6MiwiaWF0IjoxNTQ3MDQzNjE5LCJleHAiOjE1NDc2NDg0MTl9.sUSI4J8aqJU-0rdP55QXboVSOm_nGF5zFl4VhdXbrkw', 'ios'),
(225, 36, 'eyJhbGciOiJIUzI1NiIsInR5cCI6IkpXVCJ9.eyJpZCI6MzYsInBlcm0iOjEsImlhdCI6MTU0NzA0NDExNiwiZXhwIjoxNTQ3NjQ4OTE2fQ.1R77hptOPWQK1BF6OvXCFI78htJUBnnFEVC82aMezwg', 'web'),
(226, 36, 'eyJhbGciOiJIUzI1NiIsInR5cCI6IkpXVCJ9.eyJpZCI6MzYsInBlcm0iOjEsImlhdCI6MTU0NzA0NTE0MiwiZXhwIjoxNTQ3NjQ5OTQyfQ.oN_UDRTis-62rg3Fs2vY260-wY7Ikwt73MjcrsNMN0g', 'web'),
(227, 1, 'eyJhbGciOiJIUzI1NiIsInR5cCI6IkpXVCJ9.eyJpZCI6MSwicGVybSI6MiwiaWF0IjoxNTQ3MDQ2NjMyLCJleHAiOjE1NDc2NTE0MzJ9.oYMYBo6p7omF5teYbxlofnhnirM423w-Ewrqx9XzwS4', 'ios'),
(228, 36, 'eyJhbGciOiJIUzI1NiIsInR5cCI6IkpXVCJ9.eyJpZCI6MzYsInBlcm0iOjEsImlhdCI6MTU0NzA0NjcyNSwiZXhwIjoxNTQ3NjUxNTI1fQ.EXCNytbsRwKXGgZiKB4DbatiLPBnJRlth1oMV_OFods', 'web'),
(229, 1, 'eyJhbGciOiJIUzI1NiIsInR5cCI6IkpXVCJ9.eyJpZCI6MSwicGVybSI6MiwiaWF0IjoxNTQ3MDQ2NzkzLCJleHAiOjE1NDc2NTE1OTN9.5UB92pBKmWlI-y1LaTIAGCT2MlPbu6bC9mHpuT8DUTY', 'ios'),
(230, 36, 'eyJhbGciOiJIUzI1NiIsInR5cCI6IkpXVCJ9.eyJpZCI6MzYsInBlcm0iOjEsImlhdCI6MTU0NzA0NjgwNywiZXhwIjoxNTQ3NjUxNjA3fQ.QsAJqJge6MzqRMBoKNxCR3p_yINw-cHQ5JcMMySnNNw', 'web'),
(231, 33, 'eyJhbGciOiJIUzI1NiIsInR5cCI6IkpXVCJ9.eyJpZCI6MzMsImlhdCI6MTU0NzA0ODgwOCwiZXhwIjoxNTQ3NjUzNjA4fQ.MZ4Sn4aoGINHXF-Se1xTLDt0kYopdGZzHhrTOKKPa1w', 'web'),
(232, 33, 'eyJhbGciOiJIUzI1NiIsInR5cCI6IkpXVCJ9.eyJpZCI6MzMsImlhdCI6MTU0NzA0ODgwOSwiZXhwIjoxNTQ3NjUzNjA5fQ.cDcefXYIb9QcjG7Qwhh-n1J8Qx4UfGRtki_Ha5KUQ5g', 'web'),
(233, 33, 'eyJhbGciOiJIUzI1NiIsInR5cCI6IkpXVCJ9.eyJpZCI6MzMsImlhdCI6MTU0NzA0ODgxMCwiZXhwIjoxNTQ3NjUzNjEwfQ.c3PgbLg6qfibF7CkYrfY-c99Gp3ctcEe123zBk1y304', 'web'),
(234, 33, 'eyJhbGciOiJIUzI1NiIsInR5cCI6IkpXVCJ9.eyJpZCI6MzMsImlhdCI6MTU0NzA0ODgxMSwiZXhwIjoxNTQ3NjUzNjExfQ.EcAXyyRBTFqQlqjzTiFkM5gy7yEOyHVhbx91SxhKvzg', 'web'),
(235, 33, 'eyJhbGciOiJIUzI1NiIsInR5cCI6IkpXVCJ9.eyJpZCI6MzMsImlhdCI6MTU0NzA0ODgxNCwiZXhwIjoxNTQ3NjUzNjE0fQ.tX7XXfqzy6DvFYo7U4_JKwVGrYyfMu4SoVShsuwWAF8', 'web'),
(236, 33, 'eyJhbGciOiJIUzI1NiIsInR5cCI6IkpXVCJ9.eyJpZCI6MzMsImlhdCI6MTU0NzA0ODgxNCwiZXhwIjoxNTQ3NjUzNjE0fQ.tX7XXfqzy6DvFYo7U4_JKwVGrYyfMu4SoVShsuwWAF8', 'web'),
(237, 33, 'eyJhbGciOiJIUzI1NiIsInR5cCI6IkpXVCJ9.eyJpZCI6MzMsImlhdCI6MTU0NzA0ODgxNSwiZXhwIjoxNTQ3NjUzNjE1fQ.kBMcnYe3Ri_uavRDOcCDETDcO1q0YLwDPz1_HBHK7zw', 'web'),
(238, 1, 'eyJhbGciOiJIUzI1NiIsInR5cCI6IkpXVCJ9.eyJpZCI6MSwicGVybSI6MiwiaWF0IjoxNTQ3MDQ4ODg1LCJleHAiOjE1NDc2NTM2ODV9.0Znc5dDE8qq9AcKRBczgH8obvGwoPPHVPKgj3ak5jPM', 'ios'),
(239, 1, 'eyJhbGciOiJIUzI1NiIsInR5cCI6IkpXVCJ9.eyJpZCI6MSwicGVybSI6MiwiaWF0IjoxNTQ3MDQ4OTUwLCJleHAiOjE1NDc2NTM3NTB9.udPxWbG1Ub_8JADCl0orxWmeIYRegx_fG9VbZp6aOYA', 'ios'),
(240, 1, 'eyJhbGciOiJIUzI1NiIsInR5cCI6IkpXVCJ9.eyJpZCI6MSwicGVybSI6MiwiaWF0IjoxNTQ3MDQ4OTYyLCJleHAiOjE1NDc2NTM3NjJ9.6QKu0iITY8YNkRNeaW0dxGi0sd0msTM-_hWB6EE4kHk', 'ios'),
(241, 33, 'eyJhbGciOiJIUzI1NiIsInR5cCI6IkpXVCJ9.eyJpZCI6MzMsInBlcm0iOjIsImlhdCI6MTU0NzA0OTAwOCwiZXhwIjoxNTQ3NjUzODA4fQ.xYDe19W7bUt-Hdj0xa1l8Frone81h77SDmybfM6Uz9o', 'web'),
(242, 33, 'eyJhbGciOiJIUzI1NiIsInR5cCI6IkpXVCJ9.eyJpZCI6MzMsInBlcm0iOjIsImlhdCI6MTU0NzA0OTA0MiwiZXhwIjoxNTQ3NjUzODQyfQ.QU3atprfaDMvQkHTPwbuf8P9LAndIFvh-CSjkSvmq1Q', 'web'),
(243, 33, 'eyJhbGciOiJIUzI1NiIsInR5cCI6IkpXVCJ9.eyJpZCI6MzMsImlhdCI6MTU0NzA0OTA5NywiZXhwIjoxNTQ3NjUzODk3fQ.0QHAS3G7mQ5EJ0eqEDtAV5cEl-_PFsonzs-jYxSBuiI', 'web'),
(244, 33, 'eyJhbGciOiJIUzI1NiIsInR5cCI6IkpXVCJ9.eyJpZCI6MzMsImlhdCI6MTU0NzA0OTA5OCwiZXhwIjoxNTQ3NjUzODk4fQ.kYU_NqZeGWn7PNSfs9QTAYALW7QaWtv6389UmHjPeRg', 'web'),
(245, 33, 'eyJhbGciOiJIUzI1NiIsInR5cCI6IkpXVCJ9.eyJpZCI6MzMsImlhdCI6MTU0NzA0OTA5OSwiZXhwIjoxNTQ3NjUzODk5fQ.PL8B32OR0i2PG7bO1ZkQo5Mz5zLY9SLAO1rgIhpKbaM', 'web'),
(246, 33, 'eyJhbGciOiJIUzI1NiIsInR5cCI6IkpXVCJ9.eyJpZCI6MzMsImlhdCI6MTU0NzA0OTA5OSwiZXhwIjoxNTQ3NjUzODk5fQ.PL8B32OR0i2PG7bO1ZkQo5Mz5zLY9SLAO1rgIhpKbaM', 'web'),
(247, 36, 'eyJhbGciOiJIUzI1NiIsInR5cCI6IkpXVCJ9.eyJpZCI6MzYsInBlcm0iOjEsImlhdCI6MTU0NzA0OTEwMywiZXhwIjoxNTQ3NjUzOTAzfQ.QJMhhY5SpSc0BDs9rsWU0DcDZteGEUwJ9f-wG0R2iRc', 'web'),
(248, 33, 'eyJhbGciOiJIUzI1NiIsInR5cCI6IkpXVCJ9.eyJpZCI6MzMsImlhdCI6MTU0NzA0OTExMywiZXhwIjoxNTQ3NjUzOTEzfQ.XIidm8Ic2EDRTRhioTqyTA_HRMpk0iJuRKplWlekBT8', 'web'),
(249, 1, 'eyJhbGciOiJIUzI1NiIsInR5cCI6IkpXVCJ9.eyJpZCI6MSwicGVybSI6MiwiaWF0IjoxNTQ3MDQ5NDAzLCJleHAiOjE1NDc2NTQyMDN9.y4geD-Q_FTBFpbsWSl2Vxi7kv5ciNEPw9-F51NJYISE', 'ios'),
(250, 33, 'eyJhbGciOiJIUzI1NiIsInR5cCI6IkpXVCJ9.eyJpZCI6MzMsInBlcm0iOjIsImlhdCI6MTU0NzA0OTQ3MSwiZXhwIjoxNTQ3NjU0MjcxfQ.baP-fFxdd_fcAbNtiTEX_xG8722izpOKMWv4UpocSAk', 'web'),
(251, 1, 'eyJhbGciOiJIUzI1NiIsInR5cCI6IkpXVCJ9.eyJpZCI6MSwicGVybSI6MiwiaWF0IjoxNTQ3MDQ5NTQ2LCJleHAiOjE1NDc2NTQzNDZ9.lkuu00qrhLVkoctSZIJimO-czHMnw4kJujaZEpdQNkc', 'ios'),
(252, 33, 'eyJhbGciOiJIUzI1NiIsInR5cCI6IkpXVCJ9.eyJpZCI6MzMsInBlcm0iOjIsImlhdCI6MTU0NzA0OTU3MiwiZXhwIjoxNTQ3NjU0MzcyfQ.iX2rit49Yj4G4vNekWY8tOBtmKcKw7hzXCdGDPY4a7Q', 'web'),
(253, 31, 'eyJhbGciOiJIUzI1NiIsInR5cCI6IkpXVCJ9.eyJpZCI6MzEsInBlcm0iOjEsImlhdCI6MTU0NzA0OTY5MSwiZXhwIjoxNTQ3NjU0NDkxfQ.k3N4aKlyFDxKKPNnWh9zRBeC-JCYef2cvmz4A8fzW-A', 'android'),
(254, 1, 'eyJhbGciOiJIUzI1NiIsInR5cCI6IkpXVCJ9.eyJpZCI6MSwicGVybSI6MiwiaWF0IjoxNTQ3MDQ5NzI3LCJleHAiOjE1NDc2NTQ1Mjd9.dEq9ZHCkrBZ2YGdO4VrjeWSzV1fpuiATVsSxejc-YDo', 'ios'),
(255, 36, 'eyJhbGciOiJIUzI1NiIsInR5cCI6IkpXVCJ9.eyJpZCI6MzYsInBlcm0iOjEsImlhdCI6MTU0NzA0OTg0NiwiZXhwIjoxNTQ3NjU0NjQ2fQ.DxHRWG-cUPn5QxaYSVrRKo9X2OQUmi5OFpZ0iXbB_Uc', 'web'),
(256, 31, 'eyJhbGciOiJIUzI1NiIsInR5cCI6IkpXVCJ9.eyJpZCI6MzEsInBlcm0iOjEsImlhdCI6MTU0NzA0OTg1MywiZXhwIjoxNTQ3NjU0NjUzfQ.74wCR5wPiK0ffnj7O3ZISG18cBWN_2whI87Em5Wsz5A', 'android'),
(257, 1, 'eyJhbGciOiJIUzI1NiIsInR5cCI6IkpXVCJ9.eyJpZCI6MSwicGVybSI6MiwiaWF0IjoxNTQ3MDQ5OTgxLCJleHAiOjE1NDc2NTQ3ODF9.-F70mpDI_mdeWMbJDSbJMO0vfr83I3y7H7rDadMQcG4', 'ios'),
(258, 1, 'eyJhbGciOiJIUzI1NiIsInR5cCI6IkpXVCJ9.eyJpZCI6MSwicGVybSI6MiwiaWF0IjoxNTQ3MDUwMDQ3LCJleHAiOjE1NDc2NTQ4NDd9.wAjMvy69zsEgWTNiIyYh-o8UxfHYlVy8UIyewVFn1kk', 'ios'),
(259, 31, 'eyJhbGciOiJIUzI1NiIsInR5cCI6IkpXVCJ9.eyJpZCI6MzEsInBlcm0iOjEsImlhdCI6MTU0NzA1MTI4NywiZXhwIjoxNTQ3NjU2MDg3fQ.s93UuRrpJhg70Pl5FwJcQ4Yscs1Upf72uJvtD6ZpA6A', 'android'),
(260, 1, 'eyJhbGciOiJIUzI1NiIsInR5cCI6IkpXVCJ9.eyJpZCI6MSwicGVybSI6MiwiaWF0IjoxNTQ3MDUxMzIwLCJleHAiOjE1NDc2NTYxMjB9.wq29X6iGuz_8W6s_oTu9x7WqDTxO9CO_YhTC0ZPvEYc', 'ios'),
(261, 31, 'eyJhbGciOiJIUzI1NiIsInR5cCI6IkpXVCJ9.eyJpZCI6MzEsInBlcm0iOjEsImlhdCI6MTU0NzA1MTM1MSwiZXhwIjoxNTQ3NjU2MTUxfQ.YOPnxAJIU9hRwA34PWPIfyPEj15yA7ctDMzuyvKakek', 'android'),
(262, 31, 'eyJhbGciOiJIUzI1NiIsInR5cCI6IkpXVCJ9.eyJpZCI6MzEsInBlcm0iOjEsImlhdCI6MTU0NzA1MTM3NSwiZXhwIjoxNTQ3NjU2MTc1fQ.BxuYz5RKPHIFqY984XULyBO4fU1PY-63xqCfIGCkl-0', 'android'),
(263, 1, 'eyJhbGciOiJIUzI1NiIsInR5cCI6IkpXVCJ9.eyJpZCI6MSwicGVybSI6MiwiaWF0IjoxNTQ3MDUxMzkxLCJleHAiOjE1NDc2NTYxOTF9.U58AJGMZqZ7-jLMMyt5TJvZY60alGTAp_Doq86UGzFc', 'ios'),
(264, 31, 'eyJhbGciOiJIUzI1NiIsInR5cCI6IkpXVCJ9.eyJpZCI6MzEsInBlcm0iOjEsImlhdCI6MTU0NzA1MTQwMywiZXhwIjoxNTQ3NjU2MjAzfQ.Jtz-6SYpzplwabg-eNMDalvXWfJrYgoYYZYIRO08_1A', 'android'),
(265, 1, 'eyJhbGciOiJIUzI1NiIsInR5cCI6IkpXVCJ9.eyJpZCI6MSwicGVybSI6MiwiaWF0IjoxNTQ3MDUxNDMyLCJleHAiOjE1NDc2NTYyMzJ9.9KhZrIleaAd3-XTwt5hsSBpdfiCmttaR-Ri71E3t3SE', 'ios'),
(266, 31, 'eyJhbGciOiJIUzI1NiIsInR5cCI6IkpXVCJ9.eyJpZCI6MzEsInBlcm0iOjEsImlhdCI6MTU0NzA1MTUzNywiZXhwIjoxNTQ3NjU2MzM3fQ.CXl6Ie1FzPe9q0cLJ48t6YKvvc3zXvz9LaRdteLAq6w', 'android'),
(267, 1, 'eyJhbGciOiJIUzI1NiIsInR5cCI6IkpXVCJ9.eyJpZCI6MSwicGVybSI6MiwiaWF0IjoxNTQ3MDUxNTQ4LCJleHAiOjE1NDc2NTYzNDh9.EyxoXPcrMUk-e2ULl44_saLDQsY3UwrF4OnZU1P5gkE', 'ios'),
(268, 31, 'eyJhbGciOiJIUzI1NiIsInR5cCI6IkpXVCJ9.eyJpZCI6MzEsInBlcm0iOjEsImlhdCI6MTU0NzA1MzkzMywiZXhwIjoxNTQ3NjU4NzMzfQ.8ZsRlUEOvze2IlD67-pfVNAZQzstvZmYprUcqScHwsw', 'android'),
(269, 1, 'eyJhbGciOiJIUzI1NiIsInR5cCI6IkpXVCJ9.eyJpZCI6MSwicGVybSI6MiwiaWF0IjoxNTQ3MDU0Njg3LCJleHAiOjE1NDc2NTk0ODd9.C1utt3KWpYqPKeP2Zz_yRMb7PWx6K-qKwz4f__63wjU', 'ios'),
(270, 33, 'eyJhbGciOiJIUzI1NiIsInR5cCI6IkpXVCJ9.eyJpZCI6MzMsInBlcm0iOjIsImlhdCI6MTU0NzA1NDgzMywiZXhwIjoxNTQ3NjU5NjMzfQ.uvDXUYAxeEOw97X1O_Lo49B5VghB7V_MQAgiaPUX1YE', 'web'),
(271, 33, 'eyJhbGciOiJIUzI1NiIsInR5cCI6IkpXVCJ9.eyJpZCI6MzMsImlhdCI6MTU0NzA1NTQ4MywiZXhwIjoxNTQ3NjYwMjgzfQ.DqYP_AbCi1imyVcxvWUdaqYQfKA9GpbIAGaREPzZK4w', 'web'),
(272, 33, 'eyJhbGciOiJIUzI1NiIsInR5cCI6IkpXVCJ9.eyJpZCI6MzMsImlhdCI6MTU0NzA1Njc2OSwiZXhwIjoxNTQ3NjYxNTY5fQ.id0YXvmJIE9UOUQeeVpOIBkh5cuvcWPa8MQwIp4eBGE', 'web'),
(273, 31, 'eyJhbGciOiJIUzI1NiIsInR5cCI6IkpXVCJ9.eyJpZCI6MzEsImlhdCI6MTU0NzA1NzM1NiwiZXhwIjoxNTQ3NjYyMTU2fQ.Pt-tffEWkaAfPG3DFr_YhHiDSXkKFVrxruPE2clB0QI', 'android'),
(274, 31, 'eyJhbGciOiJIUzI1NiIsInR5cCI6IkpXVCJ9.eyJpZCI6MzEsInBlcm0iOjEsImlhdCI6MTU0NzA1Nzc1MSwiZXhwIjoxNTQ3NjYyNTUxfQ.S1Y5KO5_9ft1OY7bXMpDDXbz-VR32JakqkOYNJqRpm8', 'android'),
(275, 1, 'eyJhbGciOiJIUzI1NiIsInR5cCI6IkpXVCJ9.eyJpZCI6MSwicGVybSI6MiwiaWF0IjoxNTQ3MDU3NzcyLCJleHAiOjE1NDc2NjI1NzJ9.zN6MQnZZVMeURBAqanxnZwHKfvPcggHyfBNL3G_-IGw', 'ios'),
(276, 1, 'eyJhbGciOiJIUzI1NiIsInR5cCI6IkpXVCJ9.eyJpZCI6MSwicGVybSI6MiwiaWF0IjoxNTQ3MDU3ODE3LCJleHAiOjE1NDc2NjI2MTd9.SFpYg6UhxHG0ttNtDgJKViqt8pC1ZWXphGix8d5UA_c', 'ios'),
(277, 1, 'eyJhbGciOiJIUzI1NiIsInR5cCI6IkpXVCJ9.eyJpZCI6MSwicGVybSI6MiwiaWF0IjoxNTQ3MDU3ODg3LCJleHAiOjE1NDc2NjI2ODd9.nt-hlhiBK1nRvZhc36bkci4onOYiCZaaz70gJDZPQZo', 'ios'),
(278, 31, 'eyJhbGciOiJIUzI1NiIsInR5cCI6IkpXVCJ9.eyJpZCI6MzEsInBlcm0iOjEsImlhdCI6MTU0NzA1ODQ3OCwiZXhwIjoxNTQ3NjYzMjc4fQ.lZieT5g2hQ6rRUzvkwD4JY7qc6kc4-BcT3ClXkknadQ', 'android'),
(279, 1, 'eyJhbGciOiJIUzI1NiIsInR5cCI6IkpXVCJ9.eyJpZCI6MSwicGVybSI6MiwiaWF0IjoxNTQ3MDU4NjQ1LCJleHAiOjE1NDc2NjM0NDV9.hB4S5naHl0bbhbuSQxNC9GqksKS5JMDxBFufwGJRriA', 'ios'),
(280, 31, 'eyJhbGciOiJIUzI1NiIsInR5cCI6IkpXVCJ9.eyJpZCI6MzEsInBlcm0iOjEsImlhdCI6MTU0NzA1ODY5OCwiZXhwIjoxNTQ3NjYzNDk4fQ.dSMm8PTFsAqmPq_nkxUk-esIijibP7wNELZvYyPO6MM', 'android'),
(281, 31, 'eyJhbGciOiJIUzI1NiIsInR5cCI6IkpXVCJ9.eyJpZCI6MzEsInBlcm0iOjEsImlhdCI6MTU0NzA2MjM2OSwiZXhwIjoxNTQ3NjY3MTY5fQ.2SIS7NjARA8t0NTfqjfLdlvGhMNBFxD99BzyUXZ14gw', 'android'),
(282, 33, 'eyJhbGciOiJIUzI1NiIsInR5cCI6IkpXVCJ9.eyJpZFVzZXIiOjMzLCJ0eXBlVXNlciI6MiwiZW1haWxVc2VyIjoiYmFwdGlzdGUubGFsb3VldEBzbWdsLmZyIiwiaWRFY29sZSI6MSwiaWF0IjoxNTQ3MjQxMTU3LCJleHAiOjE1NDc4NDU5NTd9.hjo_vsGvhQM0Wc4DfWLFtrEfWL9lQBGbKPNb6ZJTp9U', 'web'),
(283, 33, 'eyJhbGciOiJIUzI1NiIsInR5cCI6IkpXVCJ9.eyJpZFVzZXIiOjMzLCJ0eXBlVXNlciI6MiwiZW1haWxVc2VyIjoiYmFwdGlzdGUubGFsb3VldEBzbWdsLmZyIiwiaWRFY29sZSI6MSwiaWF0IjoxNTQ3MzA0OTIzLCJleHAiOjE1NDc5MDk3MjN9.Tfn9QtKefDZoCzf6kW2SI_sKzfrWWosyRgtHhF1GqOc', 'web'),
(284, 33, 'eyJhbGciOiJIUzI1NiIsInR5cCI6IkpXVCJ9.eyJpZFVzZXIiOjMzLCJ0eXBlVXNlciI6MiwiZW1haWxVc2VyIjoiYmFwdGlzdGUubGFsb3VldEBzbWdsLmZyIiwiaWRFY29sZSI6MSwiaWF0IjoxNTQ3Mzg0OTU4LCJleHAiOjE1NDc5ODk3NTh9.mmjkspcXGBEj5KfbZq2G1NKgWweAqfnnse7EmuqF0qU', 'web'),
(285, 33, 'eyJhbGciOiJIUzI1NiIsInR5cCI6IkpXVCJ9.eyJpZFVzZXIiOjMzLCJ0eXBlVXNlciI6MiwiZW1haWxVc2VyIjoiYmFwdGlzdGUubGFsb3VldEBzbWdsLmZyIiwiaWRFY29sZSI6MSwiaWF0IjoxNTQ3Mzg1MzQ2LCJleHAiOjE1NDc5OTAxNDZ9.T-BQ04TOl5xSlqZIPU6tDgOmhA4Kr8HObqt8l8BCeBE', 'web'),
(286, 33, 'eyJhbGciOiJIUzI1NiIsInR5cCI6IkpXVCJ9.eyJpZFVzZXIiOjMzLCJ0eXBlVXNlciI6MiwiZW1haWxVc2VyIjoiYmFwdGlzdGUubGFsb3VldEBzbWdsLmZyIiwiaWRFY29sZSI6MSwiaWF0IjoxNTQ3Mzg1NTAyLCJleHAiOjE1NDc5OTAzMDJ9.T7UyC_pCbNtLvxrWqv6hLD0o2VW32xaI5JE-AnkXQeg', 'web'),
(287, 33, 'eyJhbGciOiJIUzI1NiIsInR5cCI6IkpXVCJ9.eyJpZFVzZXIiOjMzLCJ0eXBlVXNlciI6MiwiZW1haWxVc2VyIjoiYmFwdGlzdGUubGFsb3VldEBzbWdsLmZyIiwiaWRFY29sZSI6MSwiaWF0IjoxNTQ3Mzg1NjkzLCJleHAiOjE1NDc5OTA0OTN9.DuBimJ9gQuGd8dVQgizr22Hs2lmlO9AKAoC8cviIARw', 'web'),
(288, 33, 'eyJhbGciOiJIUzI1NiIsInR5cCI6IkpXVCJ9.eyJpZFVzZXIiOjMzLCJ0eXBlVXNlciI6MiwiZW1haWxVc2VyIjoiYmFwdGlzdGUubGFsb3VldEBzbWdsLmZyIiwiaWRFY29sZSI6MSwiaWF0IjoxNTQ3Mzg1ODkxLCJleHAiOjE1NDc5OTA2OTF9.6G-lg6KzjCFpsHWuViSGwY0WyvipziusqR7T8amLvIk', 'web'),
(289, 33, 'eyJhbGciOiJIUzI1NiIsInR5cCI6IkpXVCJ9.eyJpZFVzZXIiOjMzLCJ0eXBlVXNlciI6MiwiZW1haWxVc2VyIjoiYmFwdGlzdGUubGFsb3VldEBzbWdsLmZyIiwiaWRFY29sZSI6MSwiaWF0IjoxNTQ3Mzg1ODkzLCJleHAiOjE1NDc5OTA2OTN9.on0fW7P__oSHKbb8HIrIcSEGfeNweVGr955aVWa3nD4', 'web'),
(290, 33, 'eyJhbGciOiJIUzI1NiIsInR5cCI6IkpXVCJ9.eyJpZFVzZXIiOjMzLCJ0eXBlVXNlciI6MiwiZW1haWxVc2VyIjoiYmFwdGlzdGUubGFsb3VldEBzbWdsLmZyIiwiaWRFY29sZSI6MSwiaWF0IjoxNTQ3Mzg1ODkzLCJleHAiOjE1NDc5OTA2OTN9.on0fW7P__oSHKbb8HIrIcSEGfeNweVGr955aVWa3nD4', 'web'),
(291, 33, 'eyJhbGciOiJIUzI1NiIsInR5cCI6IkpXVCJ9.eyJpZFVzZXIiOjMzLCJ0eXBlVXNlciI6MiwiZW1haWxVc2VyIjoiYmFwdGlzdGUubGFsb3VldEBzbWdsLmZyIiwiaWRFY29sZSI6MSwiaWF0IjoxNTQ3Mzg2MDYwLCJleHAiOjE1NDc5OTA4NjB9.IYRcrKGYZWVMyfqG8YwotqHgfiviKmbtEVuwN3k5C68', 'web'),
(292, 33, 'eyJhbGciOiJIUzI1NiIsInR5cCI6IkpXVCJ9.eyJpZFVzZXIiOjMzLCJ0eXBlVXNlciI6MiwiZW1haWxVc2VyIjoiYmFwdGlzdGUubGFsb3VldEBzbWdsLmZyIiwiaWRFY29sZSI6MSwiaWF0IjoxNTQ3Mzg2MjI1LCJleHAiOjE1NDc5OTEwMjV9.LLOWNrnLTiLo3XOIi5c_NNdLwkjWFrkswHRLoXPBRfo', 'web'),
(293, 33, 'eyJhbGciOiJIUzI1NiIsInR5cCI6IkpXVCJ9.eyJpZFVzZXIiOjMzLCJ0eXBlVXNlciI6MiwiZW1haWxVc2VyIjoiYmFwdGlzdGUubGFsb3VldEBzbWdsLmZyIiwiaWRFY29sZSI6MSwiaWF0IjoxNTQ3Mzg2MzA1LCJleHAiOjE1NDc5OTExMDV9.dBDmYMHJlX_Crzx67Mnr4RSmfAxOqSQeOaCRh9dGqko', 'web'),
(294, 33, 'eyJhbGciOiJIUzI1NiIsInR5cCI6IkpXVCJ9.eyJpZFVzZXIiOjMzLCJ0eXBlVXNlciI6MiwiZW1haWxVc2VyIjoiYmFwdGlzdGUubGFsb3VldEBzbWdsLmZyIiwiaWRFY29sZSI6MSwiaWF0IjoxNTQ3Mzg2MzI2LCJleHAiOjE1NDc5OTExMjZ9.yHTdUntZHYZtf6EyZEMDu3A1_P9KVSpRMqNQuxybFu0', 'web'),
(295, 33, 'eyJhbGciOiJIUzI1NiIsInR5cCI6IkpXVCJ9.eyJpZFVzZXIiOjMzLCJ0eXBlVXNlciI6MiwiZW1haWxVc2VyIjoiYmFwdGlzdGUubGFsb3VldEBzbWdsLmZyIiwiaWRFY29sZSI6MSwiaWF0IjoxNTQ3Mzg2MzU3LCJleHAiOjE1NDc5OTExNTd9.P6rjTxErHuZEzec0Jw2mBUgb20bHIrv_i1NIlVdrOog', 'web'),
(296, 33, 'eyJhbGciOiJIUzI1NiIsInR5cCI6IkpXVCJ9.eyJpZFVzZXIiOjMzLCJ0eXBlVXNlciI6MiwiZW1haWxVc2VyIjoiYmFwdGlzdGUubGFsb3VldEBzbWdsLmZyIiwiaWRFY29sZSI6MSwiaWF0IjoxNTQ3Mzg2Mzg5LCJleHAiOjE1NDc5OTExODl9.f8qhxsWfIOnscNNgDvnpCtstFCngGGPPjvSW-ICKDzI', 'web'),
(297, 33, 'eyJhbGciOiJIUzI1NiIsInR5cCI6IkpXVCJ9.eyJpZFVzZXIiOjMzLCJ0eXBlVXNlciI6MiwiZW1haWxVc2VyIjoiYmFwdGlzdGUubGFsb3VldEBzbWdsLmZyIiwiaWRFY29sZSI6MSwiaWF0IjoxNTQ3Mzg2Njc4LCJleHAiOjE1NDc5OTE0Nzh9.2Ui0P9f0i2-zo8Lb7AjMbX_ylEA7Ijm14l0RMma657U', 'web'),
(298, 33, 'eyJhbGciOiJIUzI1NiIsInR5cCI6IkpXVCJ9.eyJpZFVzZXIiOjMzLCJ0eXBlVXNlciI6MiwiZW1haWxVc2VyIjoiYmFwdGlzdGUubGFsb3VldEBzbWdsLmZyIiwiaWRFY29sZSI6MSwiaWF0IjoxNTQ3Mzg3MDg0LCJleHAiOjE1NDc5OTE4ODR9.b5Oi3Byizn-CrYVLOeYHHafDNSjHgmD4OsOp48E73O4', 'web');
INSERT INTO `access_token` (`access_token_id`, `user_id`, `access_token`, `device_type`) VALUES
(299, 33, 'eyJhbGciOiJIUzI1NiIsInR5cCI6IkpXVCJ9.eyJpZFVzZXIiOjMzLCJ0eXBlVXNlciI6MiwiZW1haWxVc2VyIjoiYmFwdGlzdGUubGFsb3VldEBzbWdsLmZyIiwiaWRFY29sZSI6MSwiaWF0IjoxNTQ3NDYzOTAyLCJleHAiOjE1NDgwNjg3MDJ9.rD0bq55HPrdmU5CcVMX4afG5cYtMSRWcYBGZOYavyew', 'web'),
(300, 33, 'eyJhbGciOiJIUzI1NiIsInR5cCI6IkpXVCJ9.eyJpZFVzZXIiOjMzLCJ0eXBlVXNlciI6MiwiZW1haWxVc2VyIjoiYmFwdGlzdGUubGFsb3VldEBzbWdsLmZyIiwiaWRFY29sZSI6MSwiaWF0IjoxNTQ3NDY2NTExLCJleHAiOjE1NDgwNzEzMTF9.91ERPDUWZS2PtMMhNMj0kgrKxnf0DNMGkA9TRyTGEjI', 'web'),
(301, 33, 'eyJhbGciOiJIUzI1NiIsInR5cCI6IkpXVCJ9.eyJpZFVzZXIiOjMzLCJ0eXBlVXNlciI6MiwiZW1haWxVc2VyIjoiYmFwdGlzdGUubGFsb3VldEBzbWdsLmZyIiwiaWRFY29sZSI6MSwiaWF0IjoxNTQ3OTAxODIyLCJleHAiOjE1NDg1MDY2MjJ9.o6sqW3h68jj8LQ2ZQ1UScMm7kiYDvWuJ6dpj_x09O_M', 'web'),
(302, 31, 'eyJhbGciOiJIUzI1NiIsInR5cCI6IkpXVCJ9.eyJpZFVzZXIiOjMxLCJ0eXBlVXNlciI6MSwiZW1haWxVc2VyIjoibGF1cmlhbmUuZm91cmNhZGVAc21nbC5mciIsImlkRWNvbGUiOjEsImlhdCI6MTU0Nzk4ODA3NiwiZXhwIjoxNTQ4NTkyODc2fQ.gTx_OzeX0c1X_KPS5EhltDLdX7rl1M6Zfdurh0CFPYA', 'android'),
(303, 1, 'eyJhbGciOiJIUzI1NiIsInR5cCI6IkpXVCJ9.eyJpZFVzZXIiOjEsInR5cGVVc2VyIjoyLCJlbWFpbFVzZXIiOiJlbG9kaWUuYmVydGhhdWQxQGdtYWlsLmNvbSIsImlkRWNvbGUiOjEsImlhdCI6MTU0Nzk4ODUyOSwiZXhwIjoxNTQ4NTkzMzI5fQ.DPGGMUm6JTgvPrhIKeHRrtk65Dr90ja9mwkISGE4jvk', 'ios'),
(304, 31, 'eyJhbGciOiJIUzI1NiIsInR5cCI6IkpXVCJ9.eyJpZFVzZXIiOjMxLCJ0eXBlVXNlciI6MSwiZW1haWxVc2VyIjoibGF1cmlhbmUuZm91cmNhZGVAc21nbC5mciIsImlkRWNvbGUiOjEsImlhdCI6MTU0Nzk5Mzk4MSwiZXhwIjoxNTQ4NTk4NzgxfQ.lBYxjnnY3SJm-jsMSoWBSYbl_3ZEx1CsSSdurEOUhQs', 'android'),
(305, 31, 'eyJhbGciOiJIUzI1NiIsInR5cCI6IkpXVCJ9.eyJpZFVzZXIiOjMxLCJ0eXBlVXNlciI6MSwiZW1haWxVc2VyIjoibGF1cmlhbmUuZm91cmNhZGVAc21nbC5mciIsImlkRWNvbGUiOjEsImlhdCI6MTU0Nzk5NDA3NCwiZXhwIjoxNTQ4NTk4ODc0fQ.LUUXrYL6vMfYRgMoSpp3iILXbQowjUSo_KQ5U9_j-OU', 'android'),
(306, 1, 'eyJhbGciOiJIUzI1NiIsInR5cCI6IkpXVCJ9.eyJpZFVzZXIiOjEsInR5cGVVc2VyIjoyLCJlbWFpbFVzZXIiOiJlbG9kaWUuYmVydGhhdWQxQGdtYWlsLmNvbSIsImlkRWNvbGUiOjEsImlhdCI6MTU0Nzk5NTc3NywiZXhwIjoxNTQ4NjAwNTc3fQ.95w8S6vpSKpVSQoWB5xWOb_lVfi_rTfTToUYHOPckvA', 'ios'),
(307, 1, 'eyJhbGciOiJIUzI1NiIsInR5cCI6IkpXVCJ9.eyJpZFVzZXIiOjEsInR5cGVVc2VyIjoyLCJlbWFpbFVzZXIiOiJlbG9kaWUuYmVydGhhdWQxQGdtYWlsLmNvbSIsImlkRWNvbGUiOjEsImlhdCI6MTU0Nzk5NjAwOSwiZXhwIjoxNTQ4NjAwODA5fQ.gnHB3jYPOBBrZkyYYr0TUlsONfuc8xiyqtTPkaaFbxA', 'ios'),
(308, 1, 'eyJhbGciOiJIUzI1NiIsInR5cCI6IkpXVCJ9.eyJpZFVzZXIiOjEsInR5cGVVc2VyIjoyLCJlbWFpbFVzZXIiOiJlbG9kaWUuYmVydGhhdWQxQGdtYWlsLmNvbSIsImlkRWNvbGUiOjEsImlhdCI6MTU0Nzk5NzIxMCwiZXhwIjoxNTQ4NjAyMDEwfQ.OhFvKgxrTz0I-_CYW_tekaQRd-IUhpeGN97V7cc6V-o', 'ios'),
(309, 31, 'eyJhbGciOiJIUzI1NiIsInR5cCI6IkpXVCJ9.eyJpZFVzZXIiOjMxLCJ0eXBlVXNlciI6MSwiZW1haWxVc2VyIjoibGF1cmlhbmUuZm91cmNhZGVAc21nbC5mciIsImlkRWNvbGUiOjEsImlhdCI6MTU0Nzk5NzIzMCwiZXhwIjoxNTQ4NjAyMDMwfQ.01r3sLSY5EP33Gn84Wd-W8DGdorSeUKMy-GlPMq0dfg', 'android'),
(310, 1, 'eyJhbGciOiJIUzI1NiIsInR5cCI6IkpXVCJ9.eyJpZFVzZXIiOjEsInR5cGVVc2VyIjoyLCJlbWFpbFVzZXIiOiJlbG9kaWUuYmVydGhhdWQxQGdtYWlsLmNvbSIsImlkRWNvbGUiOjEsImlhdCI6MTU0Nzk5NzI0NCwiZXhwIjoxNTQ4NjAyMDQ0fQ.tox2-a9zRPcMgxjOiAYtTySBzIKwCJiXw2L3xkUiBGw', 'ios'),
(311, 31, 'eyJhbGciOiJIUzI1NiIsInR5cCI6IkpXVCJ9.eyJpZFVzZXIiOjMxLCJ0eXBlVXNlciI6MSwiZW1haWxVc2VyIjoibGF1cmlhbmUuZm91cmNhZGVAc21nbC5mciIsImlkRWNvbGUiOjEsImlhdCI6MTU0Nzk5ODIzNywiZXhwIjoxNTQ4NjAzMDM3fQ.Lrul2CQaU8qmeDSfuByEXoDOhM7QoYYTrQzHz1FWjHU', 'android'),
(312, 1, 'eyJhbGciOiJIUzI1NiIsInR5cCI6IkpXVCJ9.eyJpZFVzZXIiOjEsInR5cGVVc2VyIjoyLCJlbWFpbFVzZXIiOiJlbG9kaWUuYmVydGhhdWQxQGdtYWlsLmNvbSIsImlkRWNvbGUiOjEsImlhdCI6MTU0Nzk5ODI1MSwiZXhwIjoxNTQ4NjAzMDUxfQ.3PLcxks-V1m4rdwkotCSjCUWC8CpHa07HapHkuCuGU4', 'ios'),
(313, 31, 'eyJhbGciOiJIUzI1NiIsInR5cCI6IkpXVCJ9.eyJpZFVzZXIiOjMxLCJ0eXBlVXNlciI6MSwiZW1haWxVc2VyIjoibGF1cmlhbmUuZm91cmNhZGVAc21nbC5mciIsImlkRWNvbGUiOjEsImlhdCI6MTU0Nzk5ODI2OCwiZXhwIjoxNTQ4NjAzMDY4fQ.oZhluQZ9T1y5PdduBI0Z7Aim9FcxlmKbHSZvS06FMr8', 'android'),
(314, 31, 'eyJhbGciOiJIUzI1NiIsInR5cCI6IkpXVCJ9.eyJpZFVzZXIiOjMxLCJ0eXBlVXNlciI6MSwiZW1haWxVc2VyIjoibGF1cmlhbmUuZm91cmNhZGVAc21nbC5mciIsImlkRWNvbGUiOjEsImlhdCI6MTU0Nzk5ODU4MCwiZXhwIjoxNTQ4NjAzMzgwfQ.fsW0zUalv1SsPsJBpfb2KzQs614g7oy1UtPeyPPp0es', 'android'),
(315, 31, 'eyJhbGciOiJIUzI1NiIsInR5cCI6IkpXVCJ9.eyJpZFVzZXIiOjMxLCJ0eXBlVXNlciI6MSwiZW1haWxVc2VyIjoibGF1cmlhbmUuZm91cmNhZGVAc21nbC5mciIsImlkRWNvbGUiOjEsImlhdCI6MTU0Nzk5ODY0MiwiZXhwIjoxNTQ4NjAzNDQyfQ.lXCO98Oe6--kx5Jswcez3gXV79awdGdo_CnNE27qV8M', 'android'),
(316, 31, 'eyJhbGciOiJIUzI1NiIsInR5cCI6IkpXVCJ9.eyJpZFVzZXIiOjMxLCJ0eXBlVXNlciI6MSwiZW1haWxVc2VyIjoibGF1cmlhbmUuZm91cmNhZGVAc21nbC5mciIsImlkRWNvbGUiOjEsImlhdCI6MTU0Nzk5ODcyOCwiZXhwIjoxNTQ4NjAzNTI4fQ.XdCqNOxKKTEvRnIf4BYlFhV2_Xzz1yvAyoN2aMMaUV8', 'android'),
(317, 1, 'eyJhbGciOiJIUzI1NiIsInR5cCI6IkpXVCJ9.eyJpZFVzZXIiOjEsInR5cGVVc2VyIjoyLCJlbWFpbFVzZXIiOiJlbG9kaWUuYmVydGhhdWQxQGdtYWlsLmNvbSIsImlkRWNvbGUiOjEsImlhdCI6MTU0Nzk5ODc1OSwiZXhwIjoxNTQ4NjAzNTU5fQ.ckdD6BX4xkNiG-WKoNQozoFKLi8Xrn5O_H1aE4q-Xws', 'ios'),
(318, 1, 'eyJhbGciOiJIUzI1NiIsInR5cCI6IkpXVCJ9.eyJpZFVzZXIiOjEsInR5cGVVc2VyIjoyLCJlbWFpbFVzZXIiOiJlbG9kaWUuYmVydGhhdWQxQGdtYWlsLmNvbSIsImlkRWNvbGUiOjEsImlhdCI6MTU0Nzk5OTE2NywiZXhwIjoxNTQ4NjAzOTY3fQ.3PldOWd0G1-SWRNZrzAw0WffajNG1cYZhpvwgZ1IHmI', 'ios'),
(319, 31, 'eyJhbGciOiJIUzI1NiIsInR5cCI6IkpXVCJ9.eyJpZFVzZXIiOjMxLCJ0eXBlVXNlciI6MSwiZW1haWxVc2VyIjoibGF1cmlhbmUuZm91cmNhZGVAc21nbC5mciIsImlkRWNvbGUiOjEsImlhdCI6MTU0Nzk5OTE4OCwiZXhwIjoxNTQ4NjAzOTg4fQ.rxiui6pbgqseYF_phGBGnuuFt2gwKARgiKHDhPWTcTg', 'android'),
(320, 1, 'eyJhbGciOiJIUzI1NiIsInR5cCI6IkpXVCJ9.eyJpZFVzZXIiOjEsInR5cGVVc2VyIjoyLCJlbWFpbFVzZXIiOiJlbG9kaWUuYmVydGhhdWQxQGdtYWlsLmNvbSIsImlkRWNvbGUiOjEsImlhdCI6MTU0Nzk5OTIyMywiZXhwIjoxNTQ4NjA0MDIzfQ._VvzD4FKdeuMoEjikZ9b-SLDVSQ1PZz80n8-ORGKRIc', 'ios'),
(321, 1, 'eyJhbGciOiJIUzI1NiIsInR5cCI6IkpXVCJ9.eyJpZFVzZXIiOjEsInR5cGVVc2VyIjoyLCJlbWFpbFVzZXIiOiJlbG9kaWUuYmVydGhhdWQxQGdtYWlsLmNvbSIsImlkRWNvbGUiOjEsImlhdCI6MTU0Nzk5OTYyOCwiZXhwIjoxNTQ4NjA0NDI4fQ.NjQ_iRkzg8gqDcasivQOE9PPWURB23bm722j-PGbhlw', 'ios'),
(322, 31, 'eyJhbGciOiJIUzI1NiIsInR5cCI6IkpXVCJ9.eyJpZFVzZXIiOjMxLCJ0eXBlVXNlciI6MSwiZW1haWxVc2VyIjoibGF1cmlhbmUuZm91cmNhZGVAc21nbC5mciIsImlkRWNvbGUiOjEsImlhdCI6MTU0ODAzNTEwNywiZXhwIjoxNTQ4NjM5OTA3fQ.rVCWb9pZypOLMmHkItuS2hRHE6WLCQUZ7tPRaTnHRTk', 'android'),
(323, 33, 'eyJhbGciOiJIUzI1NiIsInR5cCI6IkpXVCJ9.eyJpZFVzZXIiOjMzLCJ0eXBlVXNlciI6MiwiZW1haWxVc2VyIjoiYmFwdGlzdGUubGFsb3VldEBzbWdsLmZyIiwiaWRFY29sZSI6MSwiaWF0IjoxNTQ4MDM1MjIwLCJleHAiOjE1NDg2NDAwMjB9.yy_abhbj6Cy3jozsTML5St4KQx8jg9nK0Zl7pCnDdN0', 'web'),
(324, 33, 'eyJhbGciOiJIUzI1NiIsInR5cCI6IkpXVCJ9.eyJpZFVzZXIiOjMzLCJ0eXBlVXNlciI6MiwiZW1haWxVc2VyIjoiYmFwdGlzdGUubGFsb3VldEBzbWdsLmZyIiwiaWRFY29sZSI6MSwiaWF0IjoxNTQ4MTYxNDY3LCJleHAiOjE1NDg3NjYyNjd9.KDr-hfjf6b7zEjCE8bSuM9AXXjAhyV8Z40byiD0J5xQ', 'web'),
(325, 33, 'eyJhbGciOiJIUzI1NiIsInR5cCI6IkpXVCJ9.eyJpZFVzZXIiOjMzLCJ0eXBlVXNlciI6MiwiZW1haWxVc2VyIjoiYmFwdGlzdGUubGFsb3VldEBzbWdsLmZyIiwiaWRFY29sZSI6MSwiaWF0IjoxNTQ4MTY0ODYxLCJleHAiOjE1NDg3Njk2NjF9.nWK2-IXH4q4VjBK7vI4N1Ms91VfIrvh5LnORtXBVpm4', 'web'),
(326, 33, 'eyJhbGciOiJIUzI1NiIsInR5cCI6IkpXVCJ9.eyJpZFVzZXIiOjMzLCJ0eXBlVXNlciI6MiwiZW1haWxVc2VyIjoiYmFwdGlzdGUubGFsb3VldEBzbWdsLmZyIiwiaWRFY29sZSI6MSwiaWF0IjoxNTQ4MTcyMjQ3LCJleHAiOjE1NDg3NzcwNDd9.syqBw4YdP3D1JJEoEOJNo8BSWERB8wCuZQZJgbZA2DA', 'web'),
(327, 33, 'eyJhbGciOiJIUzI1NiIsInR5cCI6IkpXVCJ9.eyJpZFVzZXIiOjMzLCJ0eXBlVXNlciI6MiwiZW1haWxVc2VyIjoiYmFwdGlzdGUubGFsb3VldEBzbWdsLmZyIiwiaWRFY29sZSI6MSwiaWF0IjoxNTQ4MTc0ODU0LCJleHAiOjE1NDg3Nzk2NTR9.HLOcXWaoDoo9g01zb0JkBX7D8XvUFvwFRzYHUMs9d38', 'web'),
(328, 33, 'eyJhbGciOiJIUzI1NiIsInR5cCI6IkpXVCJ9.eyJpZFVzZXIiOjMzLCJ0eXBlVXNlciI6MiwiZW1haWxVc2VyIjoiYmFwdGlzdGUubGFsb3VldEBzbWdsLmZyIiwiaWRFY29sZSI6MSwiaWF0IjoxNTQ4MTc2OTMyLCJleHAiOjE1NDg3ODE3MzJ9.gae09P7Xp4XdWewHID6vLEhOPVLyO2LnPtTgpZeW5z4', 'web'),
(329, 33, 'eyJhbGciOiJIUzI1NiIsInR5cCI6IkpXVCJ9.eyJpZFVzZXIiOjMzLCJ0eXBlVXNlciI6MiwiZW1haWxVc2VyIjoidGhvbWFzLmd1aWNoYXJkQGVwaXRlY2guZXUiLCJpZEVjb2xlIjoxLCJpYXQiOjE1NDgxNzcxMDYsImV4cCI6MTU0ODc4MTkwNn0.WCJDCngYdDgrEU5VVz0IjxGboTQUZg30CtORHW-Wd0E', 'web'),
(330, 33, 'eyJhbGciOiJIUzI1NiIsInR5cCI6IkpXVCJ9.eyJpZFVzZXIiOjMzLCJ0eXBlVXNlciI6MiwiZW1haWxVc2VyIjoidGhvbWFzLmd1aWNoYXJkQGVwaXRlY2guZXUiLCJpZEVjb2xlIjoxLCJpYXQiOjE1NDgxNzc3NzgsImV4cCI6MTU0ODc4MjU3OH0.2-X4nTrmouUmJkJu9jyCQTjAx7bVFYeX2spLH856CIs', 'web'),
(331, 33, 'eyJhbGciOiJIUzI1NiIsInR5cCI6IkpXVCJ9.eyJpZFVzZXIiOjMzLCJ0eXBlVXNlciI6MiwiZW1haWxVc2VyIjoidGhvbWFzLmd1aWNoYXJkQGVwaXRlY2guZXUiLCJpZEVjb2xlIjoxLCJpYXQiOjE1NDgxODEzMDMsImV4cCI6MTU0ODc4NjEwM30.aYbJl-iMhLFxhrH8qj_-zu-4oOD_gRKakNZ8C-AfJEY', 'web');

-- --------------------------------------------------------

--
-- Structure de la table `d_classe`
--

CREATE TABLE `d_classe` (
  `idClasse` int(6) NOT NULL,
  `level` int(2) NOT NULL,
  `num` int(11) NOT NULL,
  `annee` varchar(9) COLLATE utf8_unicode_ci NOT NULL
) ENGINE=InnoDB DEFAULT CHARSET=utf8 COLLATE=utf8_unicode_ci;

--
-- Contenu de la table `d_classe`
--

INSERT INTO `d_classe` (`idClasse`, `level`, `num`, `annee`) VALUES
(1, 4, 1, '2017/2018'),
(2, 8, 1, '2017/2018'),
(3, 5, 1, '2017/2018'),
(4, 5, 2, '2017/2018'),
(5, 7, 1, '2017/2018');

-- --------------------------------------------------------

--
-- Structure de la table `d_classeEcole`
--

CREATE TABLE `d_classeEcole` (
  `idClasse` int(6) NOT NULL,
  `idEcole` int(6) NOT NULL
) ENGINE=InnoDB DEFAULT CHARSET=utf8 COLLATE=utf8_unicode_ci;

--
-- Contenu de la table `d_classeEcole`
--

INSERT INTO `d_classeEcole` (`idClasse`, `idEcole`) VALUES
(1, 1),
(2, 1),
(3, 1),
(4, 1),
(5, 1);

-- --------------------------------------------------------

--
-- Structure de la table `d_classeEleve`
--

CREATE TABLE `d_classeEleve` (
  `idClasse` int(11) NOT NULL,
  `idEleve` int(11) NOT NULL
) ENGINE=InnoDB DEFAULT CHARSET=utf8 COLLATE=utf8_unicode_ci;

--
-- Contenu de la table `d_classeEleve`
--

INSERT INTO `d_classeEleve` (`idClasse`, `idEleve`) VALUES
(1, 1),
(1, 2),
(1, 3),
(1, 4),
(2, 5),
(2, 6),
(2, 7),
(2, 8),
(3, 9),
(3, 10),
(4, 11),
(4, 12),
(5, 13),
(5, 14),
(4, 15),
(3, 38),
(1, 42),
(1, 43);

-- --------------------------------------------------------

--
-- Structure de la table `d_creator`
--

CREATE TABLE `d_creator` (
  `idCreator` int(8) NOT NULL,
  `nom` varchar(32) NOT NULL
) ENGINE=InnoDB DEFAULT CHARSET=utf8;

--
-- Contenu de la table `d_creator`
--

INSERT INTO `d_creator` (`idCreator`, `nom`) VALUES
(1, 'Zerator'),
(2, 'MvCaster');

-- --------------------------------------------------------

--
-- Structure de la table `d_demandeAchatGame`
--

CREATE TABLE `d_demandeAchatGame` (
  `idDemande` int(11) NOT NULL,
  `idProf` int(11) NOT NULL,
  `idGame` int(8) NOT NULL,
  `idEcole` int(6) NOT NULL,
  `isAccepted` int(11) NOT NULL DEFAULT '2',
  `dateDemande` timestamp NOT NULL DEFAULT CURRENT_TIMESTAMP,
  `commentaire` text
) ENGINE=InnoDB DEFAULT CHARSET=utf8;

--
-- Contenu de la table `d_demandeAchatGame`
--

INSERT INTO `d_demandeAchatGame` (`idDemande`, `idProf`, `idGame`, `idEcole`, `isAccepted`, `dateDemande`, `commentaire`) VALUES
(14, 36, 1, 1, 0, '2019-01-09 14:17:24', 'null'),
(15, 36, 3, 1, 0, '2019-01-09 14:20:12', 'null'),
(16, 36, 2, 1, 1, '2019-01-09 14:45:57', 'null'),
(17, 36, 2, 1, 0, '2019-01-09 14:59:15', 'null'),
(18, 36, 2, 1, 0, '2019-01-09 15:00:53', 'null'),
(19, 36, 2, 1, 0, '2019-01-09 15:01:32', 'null'),
(20, 36, 2, 1, 0, '2019-01-09 15:01:35', 'null'),
(21, 36, 2, 1, 0, '2019-01-09 15:03:00', 'null'),
(22, 36, 2, 1, 0, '2019-01-09 15:03:18', 'null'),
(23, 36, 2, 1, 0, '2019-01-09 15:03:32', 'null'),
(24, 36, 2, 1, 0, '2019-01-09 15:04:00', 'null'),
(25, 36, 2, 1, 0, '2019-01-09 15:04:11', 'null'),
(26, 36, 2, 1, 0, '2019-01-09 15:04:28', 'null'),
(27, 36, 2, 1, 0, '2019-01-09 15:05:01', 'null'),
(28, 36, 2, 1, 0, '2019-01-09 15:10:22', 'null'),
(29, 36, 3, 1, 1, '2019-01-09 15:13:07', 'null'),
(30, 33, 2, 1, 0, '2019-01-09 15:58:55', 'null'),
(31, 31, 2, 1, 1, '2019-01-09 16:02:00', 'null'),
(32, 31, 3, 1, 1, '2019-01-09 16:28:23', 'null'),
(33, 31, 1, 1, 0, '2019-01-09 16:29:47', 'null'),
(34, 31, 2, 1, 1, '2019-01-09 18:28:15', 'null'),
(35, 1, 4, 1, 0, '2019-01-20 15:08:57', NULL),
(36, 1, 1, 1, 0, '2019-01-20 15:13:22', 'null'),
(37, 31, 3, 1, 0, '2019-01-20 15:13:58', 'null'),
(38, 31, 3, 1, 1, '2019-01-20 15:30:45', 'null'),
(39, 31, 4, 1, 1, '2019-01-20 15:39:11', 'null'),
(40, 31, 1, 1, 0, '2019-01-20 15:46:40', 'null');

-- --------------------------------------------------------

--
-- Structure de la table `d_ecole`
--

CREATE TABLE `d_ecole` (
  `id` int(6) NOT NULL,
  `idDirecteur` int(11) NOT NULL,
  `nomEcole` varchar(32) COLLATE utf8_unicode_ci NOT NULL
) ENGINE=InnoDB DEFAULT CHARSET=utf8 COLLATE=utf8_unicode_ci;

--
-- Contenu de la table `d_ecole`
--

INSERT INTO `d_ecole` (`id`, `idDirecteur`, `nomEcole`) VALUES
(1, 1, 'Sainte-Marie: Grand Lebrun'),
(2, 33, 'Epitech');

-- --------------------------------------------------------

--
-- Structure de la table `d_eleves`
--

CREATE TABLE `d_eleves` (
  `idEleve` int(6) NOT NULL,
  `nomEleve` varchar(32) COLLATE utf8_unicode_ci NOT NULL,
  `prenomEleve` varchar(32) COLLATE utf8_unicode_ci NOT NULL,
  `BAE` varchar(32) COLLATE utf8_unicode_ci DEFAULT NULL,
  `INE` varchar(32) COLLATE utf8_unicode_ci DEFAULT NULL,
  `picPath` text COLLATE utf8_unicode_ci
) ENGINE=InnoDB DEFAULT CHARSET=utf8 COLLATE=utf8_unicode_ci;

--
-- Contenu de la table `d_eleves`
--

INSERT INTO `d_eleves` (`idEleve`, `nomEleve`, `prenomEleve`, `BAE`, `INE`, `picPath`) VALUES
(1, 'Merveillau', 'Denis', NULL, NULL, '1-eleve.png'),
(2, 'Senouci', 'Elies', NULL, NULL, '2-eleve.png'),
(3, 'Hersent', 'François', NULL, NULL, '3-eleve.png'),
(4, 'Bonduelle', 'James', NULL, NULL, '4-eleve.png'),
(5, 'Escrig', 'Raphael', NULL, NULL, '5-eleve.png'),
(6, 'Gadrat', 'Diana', NULL, NULL, '6-eleve.png'),
(7, 'Maisonnave', 'florian', NULL, NULL, '7-eleve.png'),
(8, 'Lauque', 'Camille', NULL, NULL, '8-eleve.png'),
(9, 'Rizla', 'Jeanne', NULL, NULL, '9-eleve.png'),
(10, 'Rimbaud', 'Martin', NULL, NULL, '10-eleve.png'),
(11, 'Charbonnier', 'Fanni', NULL, NULL, '11-eleve.png'),
(12, 'Septente', 'Sophie', NULL, NULL, '12-eleve.png'),
(13, 'Bozo', 'Jessico', NULL, NULL, '13-eleve.png'),
(14, 'Couturier', 'Manon', NULL, NULL, '14-eleve.png'),
(15, 'Lebedav', 'Camilla', NULL, NULL, '15-eleve.png'),
(16, 'Rapous', 'Capucine', NULL, NULL, NULL),
(17, 'Berthaud', 'Elodie', NULL, NULL, NULL),
(18, 'Brieux', 'Maxime', NULL, NULL, NULL),
(19, 'Marandat', 'Vincent', NULL, NULL, NULL),
(20, 'Raspous', 'Alice', NULL, NULL, NULL),
(21, 'Larang', 'Damien', NULL, NULL, NULL),
(33, 'Berthaud', 'Elodie', NULL, NULL, NULL),
(38, 'Ingrid', 'Pozz', NULL, NULL, '38-eleve.png'),
(42, 'Villepinte', 'Marc', NULL, NULL, '42-eleve.png'),
(43, 'test', 'eleve', NULL, NULL, '43-eleve.png');

-- --------------------------------------------------------

--
-- Structure de la table `d_games`
--

CREATE TABLE `d_games` (
  `id` int(8) NOT NULL,
  `idType` int(2) NOT NULL,
  `name` varchar(32) NOT NULL,
  `creator` int(8) NOT NULL,
  `path` varchar(256) DEFAULT NULL,
  `picPath` text
) ENGINE=InnoDB DEFAULT CHARSET=utf8;

--
-- Contenu de la table `d_games`
--

INSERT INTO `d_games` (`id`, `idType`, `name`, `creator`, `path`, `picPath`) VALUES
(1, 1, 'Zelda', 1, 'NULL', '1-app.png'),
(2, 2, 'Candy Crush', 1, NULL, '2-app.png'),
(3, 1, 'Puzzle', 2, NULL, '3-app.png'),
(4, 1, 'Fallout 76', 2, NULL, '4-app.png');

-- --------------------------------------------------------

--
-- Structure de la table `d_gamesAppEcole`
--

CREATE TABLE `d_gamesAppEcole` (
  `idGame` int(8) NOT NULL,
  `idEcole` int(6) NOT NULL,
  `dateAchat` timestamp NOT NULL DEFAULT CURRENT_TIMESTAMP
) ENGINE=InnoDB DEFAULT CHARSET=utf8;

--
-- Contenu de la table `d_gamesAppEcole`
--

INSERT INTO `d_gamesAppEcole` (`idGame`, `idEcole`, `dateAchat`) VALUES
(2, 1, '2019-01-09 18:31:23'),
(3, 1, '2019-01-20 15:31:00'),
(4, 1, '2019-01-20 15:45:48');

-- --------------------------------------------------------

--
-- Structure de la table `d_licenceTable`
--

CREATE TABLE `d_licenceTable` (
  `idEcole` int(6) NOT NULL,
  `licence` varchar(19) NOT NULL,
  `used` tinyint(1) NOT NULL DEFAULT '0'
) ENGINE=InnoDB DEFAULT CHARSET=utf8;

-- --------------------------------------------------------

--
-- Structure de la table `d_notifications`
--

CREATE TABLE `d_notifications` (
  `idNotif` int(11) NOT NULL,
  `idUser` int(11) NOT NULL,
  `idToNotify` int(11) NOT NULL,
  `typeNotif` int(2) NOT NULL,
  `isRead` int(1) NOT NULL DEFAULT '0',
  `textNotif` text NOT NULL
) ENGINE=InnoDB DEFAULT CHARSET=utf8;

--
-- Contenu de la table `d_notifications`
--

INSERT INTO `d_notifications` (`idNotif`, `idUser`, `idToNotify`, `typeNotif`, `isRead`, `textNotif`) VALUES
(71, 1, 38, 1, 1, 'Une demande d\'achat d\'application a été faite.'),
(72, 31, 38, 1, 1, 'Votre demande d\'achat a été validée par le directeur.'),
(73, 1, 39, 1, 1, 'Une demande d\'achat d\'application a été faite.'),
(74, 31, 39, 1, 1, 'Votre demande d\'achat a été validée par le directeur.'),
(75, 1, 40, 1, 1, 'Une demande d\'achat d\'application a été faite.'),
(76, 31, 40, 1, 0, 'Votre demande d\'achat n\'a pas été validée par le directeur.');

-- --------------------------------------------------------

--
-- Structure de la table `d_profsAppClasse`
--

CREATE TABLE `d_profsAppClasse` (
  `idProf` int(11) NOT NULL,
  `idClasse` int(11) NOT NULL
) ENGINE=InnoDB DEFAULT CHARSET=latin1;

--
-- Contenu de la table `d_profsAppClasse`
--

INSERT INTO `d_profsAppClasse` (`idProf`, `idClasse`) VALUES
(1, 1),
(2, 2),
(1, 3),
(31, 3),
(1, 4),
(30, 4),
(32, 4),
(1, 5),
(30, 5),
(31, 5);

-- --------------------------------------------------------

--
-- Structure de la table `d_profsAppEcole`
--

CREATE TABLE `d_profsAppEcole` (
  `idEcole` int(6) NOT NULL,
  `idProf` int(6) NOT NULL
) ENGINE=InnoDB DEFAULT CHARSET=utf8 COLLATE=utf8_unicode_ci;

--
-- Contenu de la table `d_profsAppEcole`
--

INSERT INTO `d_profsAppEcole` (`idEcole`, `idProf`) VALUES
(1, 1),
(1, 2),
(1, 31),
(1, 32),
(1, 33),
(1, 36);

-- --------------------------------------------------------

--
-- Structure de la table `d_tableEcole`
--

CREATE TABLE `d_tableEcole` (
  `idTable` int(11) NOT NULL,
  `idEcole` int(11) NOT NULL
) ENGINE=InnoDB DEFAULT CHARSET=utf8;

-- --------------------------------------------------------

--
-- Structure de la table `d_tableGames`
--

CREATE TABLE `d_tableGames` (
  `idTable` int(8) NOT NULL,
  `idGame` int(11) NOT NULL
) ENGINE=InnoDB DEFAULT CHARSET=utf8;

-- --------------------------------------------------------

--
-- Structure de la table `d_tableProf`
--

CREATE TABLE `d_tableProf` (
  `tokenTable` varchar(256) NOT NULL,
  `idTable` int(8) NOT NULL,
  `idProf` int(8) NOT NULL DEFAULT '0'
) ENGINE=InnoDB DEFAULT CHARSET=utf8;

--
-- Contenu de la table `d_tableProf`
--

INSERT INTO `d_tableProf` (`tokenTable`, `idTable`, `idProf`) VALUES
('00546dc65ed32d251e5ed2506bfebf5b', 1, 0),
('02ac130ba58a431e2b928f9719300e53', 1, 0),
('0313a980c9309fd33e3318adce71664c', 1, 0),
('035cd16120af6e23e0ff9c5e69f69c90', 1, 0),
('0671c0051dacda0bc83e899e11eaef98', 1, 0),
('068625029e155a92f7e946f2e2855353', 1, 0),
('06ad592a7245d953bad2a2340aa70ae7', 1, 0),
('071b9e049037a2e432dd1873c3f8a67c', 1, 0),
('08e2fab777c5cbf8bf7605473da7b07a', 1, 0),
('0beee02ba59fc280550b6409ee27abd5', 1, 0),
('0de2ea2e1babfb65ccf9e7f2dc2ec4a8', 1, 0),
('0e84586bba5a549d764dfd2a828e091c', 1, 0),
('0f4f6a5fe921f8a2b1144bb4e412fd8c', 1, 0),
('0fef8ecd82b0fdd6a9eb5fe432b30d01', 1, 0),
('1013c05849a61e514c3d2ebf1d73378c', 1, 0),
('11620486968639f7d7806bfbd2227089', 1, 0),
('1283eeb657eb9e3c1679e2bb64adfcb1', 1, 0),
('196f53e72398f77040f72a5806071a9e', 1, 0),
('1ac4f70a68621d2fdbb14e0fb58e568b', 1, 0),
('1be11e84ecac719c466679f380a526f6', 1, 0),
('2054bdbca2d27b127e33ff2971b18555', 1, 0),
('2058bd9a0015050ce7ea820e88f36013', 1, 0),
('20fb68c132d4a01936ab20f91ef38857', 1, 0),
('23ab76f321a6cecc3ded849b709cea11', 1, 0),
('24714bb5f9766f372aec8d9c8e489979', 1, 0),
('254f62a3e4725aa05e5f2631fe0e0edf', 1, 0),
('263979a2f38518dfd2488ebb9da195e2', 1, 0),
('26ac42a5be27f1129554edc6f22aa1ee', 1, 0),
('26f830235b655053006419832db45d09', 1, 0),
('274985081aa126bc9e322abf8d3dc3fa', 1, 0),
('2b6b5bdf9b79833e2817a37cfd16eafd', 1, 0),
('2d192d1b03fe325733fba0ae722ba84b', 1, 0),
('2d5dcc2681885dffcf8289a3d1006b3c', 1, 0),
('2fece19467a0aa5622572618bb073320', 1, 0),
('317f72d207b3f423e6f727f1ae7daea5', 1, 0),
('3437c735879192b2819dffecec84bcdf', 1, 0),
('3468a67718478e35ac815fd7fc52c292', 1, 0),
('363df57deafcf9b86308a26726a516b2', 1, 0),
('3672062d8692eb141462b152e0a04a93', 1, 0),
('3849928f6dc942062d33eaf5d056af12', 1, 0),
('3a0b5de601b5394f4a2896199aa8e328', 1, 0),
('3b5ffdf71123baea0d2d037e40c1bb44', 1, 0),
('3c2e6b6103f721e73407cc0fabb8b2cb', 1, 0),
('3dbca60cfc13f665166aeea59aec2b2a', 1, 0),
('3df8e61e330a5d5a9b84f37a9ecea727', 1, 0),
('3f07f5edb537752f3f245a8750514b89', 1, 0),
('40edcbd9dd174aaee79508fcc26f0739', 1, 0),
('44d25c4b16b945a430932cffbe80436f', 1, 0),
('4ba3b12b5cbed983fd8919f2336815b6', 1, 0),
('4c89acede5d8e7d854ade6c86191ea7e', 1, 0),
('4cc9774c8e3729b8b225f746fd2331fc', 1, 0),
('4cd91faccf1a04fe54b41dd331d9992b', 1, 0),
('5038c12da4983c6a60b8b43512c0f59c', 1, 0),
('530b72433fee15f747f814304c3c6676', 1, 0),
('547fba6b0d7e859e2aee3f9848a12dfc', 1, 0),
('561a72bd2d17c1a90a249ce6a1769a63', 1, 0),
('58026050772a82ab96ff3b37abdca7d4', 1, 0),
('5929ab65fddc97203ab100571e23a5dc', 1, 0),
('5a3a768749248bc061f3529a164973bf', 1, 0),
('5cfcd343b3b799aa552b943b357a33bf', 1, 0),
('5dcaf4ddbf848994330b2499985fcefa', 1, 0),
('5e34f2e5899dd78a8bae2ba9d5636824', 1, 0),
('5e9dd6f2e9799dfe28bc089a4f20f15b', 1, 0),
('61887ba12c57d64010120848b24032df', 1, 0),
('62c75b0fbe33225423f6984eb9adfc89', 1, 0),
('64cbff25cba6b6edba594cb519124c3e', 1, 0),
('65e8bd2dd4e39965e67dfd18cbd87553', 1, 0),
('6779bc141c481e59dae1a95658d0af37', 1, 0),
('6ba553b4fbf2673ae91d7b052be161e4', 1, 0),
('6c0fe0d2be13b2b2fe8e1276f74dc846', 1, 0),
('6c34c514fe8c1fa92aafb42a60f6aec2', 1, 0),
('6d0f70360d6a016ae38068aed8b70414', 1, 0),
('6dfc01e2f73bf86ad0f8c04fe250c165', 1, 0),
('6e0aff49aaa0e3197f9e6cdb7320ad24', 1, 0),
('6f141fd1cb9cd48209718aa85d83d8d8', 1, 0),
('705a050cc48aadd6d1d52f04de4bcd4c', 1, 0),
('715c21a329677f3f5c65ae884609e432', 1, 0),
('7233c42f072785a417abb337c64980ad', 1, 0),
('7656cb545e0b1953d6c72291d7d55325', 1, 0),
('797d4b435ace1c9bd31e17f0b74401cc', 1, 0),
('7bafd34b808a65269f73b3922573e3d2', 1, 0),
('7d386190b4744fe468c968944dc23bb1', 1, 0),
('7d4aec55b07837813087acc22f2d5634', 1, 0),
('7ddb3a526ff8b5dab3bc5a2a5209970d', 1, 0),
('801135f7d3bcc241234404b7aa5609fa', 1, 0),
('81f7d819b9d1b522b1bad16c1d9bb5f4', 1, 0),
('8265a598dc8fd64c57107e4604ac9528', 1, 0),
('8428a7eebcb3881742fd1d317df9f8fa', 1, 0),
('84410983e4572971969c27b4f53fe4b4', 1, 0),
('858d181ac762dc817fd7ddd5a60fe0eb', 1, 0),
('873e4522533ee7f6f55591f36d6337d4', 1, 0),
('8976f09bcc11780f472afa1cd2ac5a02', 1, 0),
('8a635a5380dd6478b868057000e34999', 1, 0),
('8b402630cb9f201bc30c8ad487cad2ea', 1, 0),
('8bf82e2743ad1f29f686aa1bb15df842', 1, 0),
('8cfa4096663ff35b9ee25d7459dba525', 1, 0),
('93c1252a4a635f64fbf5f40e6eef4e2c', 1, 0),
('949202c2ba87355f8da25c5cf783ebf8', 1, 0),
('963fb2bec06645c2ce2ee7e70cfa2c44', 1, 0),
('96fedc5ae22e2d26f6d8a4047d462db4', 1, 0),
('99f29855fefa9dd3639afb2823255a97', 1, 0),
('99f4e55ff899d8eb981462f027d69d03', 1, 0),
('9fb5d01b93a82f0d1aca4a50c12e4b2f', 1, 0),
('a1ef4bc05e4db4d41f2b01437c515a69', 1, 0),
('a26cd5609275f4769fd1888e90e3fed4', 1, 0),
('a2e845b9ea7196acf68e60c206c63fac', 1, 0),
('a30da3d619bcf2739444073e3a931d4d', 1, 0),
('a6719331973c7e9a3baa9f3d5f8552ce', 1, 0),
('a6917097f7947e33e9762e2a0c16269f', 1, 0),
('a6cc3624361709243df33b6d650c51c7', 1, 0),
('a89814c528202480b6ca824032bf2d8e', 1, 0),
('ab54d3fd19d58af7d43f672d8f00be0f', 1, 0),
('ab6a9dde2d4d1cba9695b84942ca70fe', 1, 0),
('ab8a0acd0bc9883ade092e0bb72c1663', 1, 0),
('adbb7a90697bc1fc59bad39dfeee8e2b', 1, 0),
('af832dec2f248500c47aebaf47e88c24', 1, 0),
('b1b09b01eb85e1f1247b854f5a906450', 1, 0),
('b1d5fc7b3db75c1c2af096aad7c4b240', 1, 0),
('b351d309b85e520f0d1773da3c5fcc6b', 1, 0),
('b3c14aba649aead80cdb6ac451ea6e90', 1, 0),
('b6123b830f2cd6208c91ff60791947e6', 1, 0),
('b7a79519d5d4a53b39848ca86c5e668b', 1, 0),
('b7d00fa9ae20d913b4048497f94ff5bc', 1, 0),
('b8b7c6de26e57ea664a8103e5c3f6d0e', 1, 0),
('bb29b82765095b75f52f4fb1d4a41c46', 1, 0),
('bb6ca800edc0fb603677ea27d26a5d57', 1, 0),
('bc44628de87e67e12ac3a8107d77e6eb', 1, 0),
('bce3127093ad82c00b1d3b1125f6e63a', 1, 0),
('bd3430549cd9d8fe361254cf1af19ca7', 1, 0),
('c93985d96c51c5356d50afadeed2e7f2', 1, 0),
('cdf0cd30ff507870442f81e5b5e6109a', 1, 0),
('d0188f71965f4d7832ff9bbff3da4e40', 1, 0),
('d0970551f675ab0ebbc1279d1236e5a7', 1, 0),
('d0ac17bd695c68e155fc2e46fa20d2f1', 1, 0),
('d2d5281090ad3bdf1079f8fcf89f7c4c', 1, 0),
('d4fdd064b54a51ef742b918f6dde29d1', 1, 0),
('d5d97cacb3e3609f00695a0b3f9d6852', 1, 0),
('d61792b3f6a091f1417e8a003e71c2e4', 1, 0),
('d66ffbbb10df16fd3d12211a6bfd588f', 1, 0),
('d7c3a57c75e69e60d3234ee547794368', 1, 0),
('db830ab5ff1be8d344331f9e1af2cc7f', 1, 0),
('dec4f603649dd135b0d25bc7e374ecf7', 1, 0),
('e026c2ef7e15e3ad26f6df4c46398633', 1, 0),
('e3f88f9a55a21630bbb2c909362d9c2b', 1, 0),
('e522aed42af0d1bb9cbf9707c673a97c', 1, 0),
('e6fbb6a0251755e4a884bb56e2bc6170', 1, 0),
('e7fbce16028da660e60131f07dcacbbd', 1, 0),
('e83fcb94ce9a0a0824a647efcaa397a7', 1, 0),
('e8515010d51be689ece1deec5698d9c4', 1, 0),
('e9bd9bdcd52438441616e3c27c8699a1', 1, 0),
('ea95ebf7abab949102beebf53b08fc50', 1, 0),
('ec64e3cbaeb4101e75040c9c5926ee44', 1, 0),
('ed1bd173b0b96daac47bf1172c02decf', 1, 0),
('ed8c7fff0cf8dc6aba26015f6005cdb3', 1, 0),
('ede91127f6e62a1fc08509abe70f4f03', 1, 0),
('ee0bb43b5a5d62d4783f3bfea15e0777', 1, 0),
('effa9fa396f21f366eb5e68e9df84baf', 1, 0),
('f00857cc9d48f8e65797afbf8f191f0e', 1, 0),
('f58f8ba021d7d3c5138d979405692cb4', 1, 0),
('f59efa4fce14e36bce8caa730aeccad8', 1, 0),
('f5bff42ab11eac6313c7a7651e84ed5a', 1, 0),
('f61876319714cc547028b41f1a9226a1', 1, 0),
('f6573d75fbb3748cdfdb922b4b99fc18', 1, 0),
('f75c5f47401685e893941746726fb25e', 1, 0),
('f7715e530bb74e6c9299d24b952d3620', 1, 0),
('f7760e747005e1dd2217098d0ad316fb', 1, 0),
('f94917c93ddda9303c7459dbb2c7e4fc', 1, 0),
('f9dcaa12521421aac88c7e779b1b2280', 1, 0),
('f9eaeb1e0705e4bf9c303f009b2c8182', 1, 0),
('faa2306dffe0d09de77c01c3b26d5bc8', 1, 0),
('fbb958df0426d713458f6bf0e4f76e2a', 1, 0),
('feeef972ccab6b449938740f3fef7ef1', 1, 0),
('ff734ba96abfcc2c5fc6e9ea14bde4e2', 1, 0),
('036c4465fdaccf936e5127712f2db244', 1, 1),
('101400fdc9c29a4ce5dcba9c9e1d9ae7', 1, 1),
('21f5480d2f113d18dc05aabdc5b6a75b', 1, 1),
('275207e2a25c45094a00c5c9921d320c', 1, 1),
('28b8512ed5cbbf11aeb1e1ceea3c18a0', 1, 1),
('3a9248e365c002fefdbf88560a47d635', 1, 1),
('3ecd595f63fa7fcb3d9a4a9242cc2341', 1, 1),
('4016cbd9aa7627952e28196a9f91cf54', 1, 1),
('4724ef24922528dfa70cf786b72b126b', 1, 1),
('4909386fd77b5b3f581b59294d66478e', 1, 1),
('5203f46b8f4a453ca315e76a6a7b3600', 1, 1),
('5bd4a1f591cec621475de201236004a0', 1, 1),
('5fa46d67d35a4f835eb4e79923141cbc', 1, 1),
('647e16fc4e2af69f4f59be0041e8e680', 1, 1),
('79af0199bd7a24cbd260d11458074974', 1, 1),
('80ad583e1fb3eb2d36f486dec2336bd9', 1, 1),
('855b71ee52f97680601b1f9821ace9e3', 1, 1),
('89df24ac0f2532ccd35af704d7a6dfef', 1, 1),
('8c165df67141fc8a13e86e2834125b07', 1, 1),
('975c631bdca09ca3104625d4ce7ea728', 1, 1),
('9b8a7145b9362d7769511ef4e913fbcb', 1, 1),
('9f47ec104e42cf63a8bcb66a086d77fe', 1, 1),
('ab8a3312a5121cef0cf01805138a41df', 1, 1),
('b661b7c3d7674ab1188972c2841d0979', 1, 1),
('bf699056102299d983548ca8b307135a', 1, 1),
('d0ef0127192f52f7f063cd5b8001b2d9', 1, 1),
('e0fb2f6f6e39983e631efdd353adac93', 1, 1),
('e1881d0b12d2dc69ef01eec9e056cdfa', 1, 1),
('e3a1ff71e4054a3a3fdff7cb2548debd', 1, 1),
('e3dda8c7681013533fe029888697fea6', 1, 1),
('ef3cd071c284fcbb238cdc4776e4f435', 1, 1),
('fdfd4d70a1ee287f57dce2f1d19bfdc2', 1, 1),
('fec96e38773b2a4f0dc60f4be405034f', 1, 1),
('17d5210b8acb13531d4f76951f79161c', 1, 28),
('198361a127dfaafe4a38d12e886f4d10', 1, 28),
('1e97c7c64cc2f0aa0b33fa4d88e54f3b', 1, 28),
('1f2c5cb5ac33d8b6942820509d257234', 1, 28),
('2b4767bbc45fbb5eb3882f36bf5dd400', 1, 28),
('2dd879052d322c0804a89eafd7ec7ef4', 1, 28),
('33fd8bb1390061aad89e2aed47a19cd0', 1, 28),
('346240d44b4e8c2feb2e356463076994', 1, 28),
('4060647c6a5aa76ed5dea778b3d6f6ae', 1, 28),
('45a4ecac7961cd3b81e9e59494f8d908', 1, 28),
('606b8de14686854c94a2555d1a60c014', 1, 28),
('70928ac3b2a80bfd10c170b20b3f9cdb', 1, 28),
('7509b6ce3ba7f316b9d716cc38a1f203', 1, 28),
('76185256cf994c9236e7f5306666af42', 1, 28),
('877c895d5494c4ba1f3b1026a7e102bf', 1, 28),
('8ca99d7a967c2ae3d6d87fe372625ff3', 1, 28),
('92b66cec3b2c2781e4051db333b35eda', 1, 28),
('959343bbb3a8cb9eb3d0baeacea360ae', 1, 28),
('97f4e13a693fc29826dad068ef4c260f', 1, 28),
('9a75be44dd480f2f780e4b6fc5502a3e', 1, 28),
('a4e70eb1b4230a7430e3e377bc1a6586', 1, 28),
('a706a04feca67ea44d0d7b35b194d08d', 1, 28),
('a82a66eb2494b42a485d0fd2505c66ef', 1, 28),
('b8e134229b005e725ef7066e4a952711', 1, 28),
('c4d296599ed9d5733d09a7244eee5081', 1, 28),
('c6307f4fcd0c711cbe2dede46e7d41d5', 1, 28),
('c7d75111f7566803a197bd6dbd3db9f2', 1, 28),
('e08fd5f131f306c001bf00393b416a52', 1, 28),
('a77eb1f8b27a52248cb31d80ea4048ac', 1, 31),
('149374419fed4573ce55a1dfb89179e4', 1, 33);

-- --------------------------------------------------------

--
-- Structure de la table `d_tables`
--

CREATE TABLE `d_tables` (
  `idTable` int(8) NOT NULL,
  `nomTable` varchar(32) NOT NULL,
  `access_token` text NOT NULL
) ENGINE=InnoDB DEFAULT CHARSET=utf8;

--
-- Contenu de la table `d_tables`
--

INSERT INTO `d_tables` (`idTable`, `nomTable`, `access_token`) VALUES
(1, 'Dune 1', 'eyJhbGciOiJIUzI1NiIsInR5cCI6IkpXVCJ9.eyJpYXQiOjE1NDI5ODY0NzYsImV4cCI6MTg1ODM0NjQ3Nn0.1-AzcidDuMfnI9c36ZX2Kp_SpU0fwwh1AtX2LNkALQk'),
(124, 'undefined', 'eyJhbGciOiJIUzI1NiIsInR5cCI6IkpXVCJ9.eyJpYXQiOjE1NDI5MTA3OTQsImV4cCI6MTg1ODI3MDc5NH0.GZ0k6LMucrpAeuTa2ILYAfsJMYPCdbJWZacXojYPWdE'),
(125, 'undefined', 'eyJhbGciOiJIUzI1NiIsInR5cCI6IkpXVCJ9.eyJpYXQiOjE1NDI5MTA4NzEsImV4cCI6MTg1ODI3MDg3MX0.err1vPbarDvaD8c93x-OzOBoCjhDIe3uccVfOmKVaqk'),
(126, 'undefined', 'eyJhbGciOiJIUzI1NiIsInR5cCI6IkpXVCJ9.eyJpYXQiOjE1NDI5MTEzMDcsImV4cCI6MTg1ODI3MTMwN30.hZ9tNFYWVHp1kozmOX7lVm9LX2j58HmIB7Uj8zmcjyc'),
(127, 'Gadrat', 'eyJhbGciOiJIUzI1NiIsInR5cCI6IkpXVCJ9.eyJpZCI6IkdhZHJhdCIsImlhdCI6MTU0Mjk4NjEwMCwiZXhwIjoxODU4MzQ2MTAwfQ.hDjjvaNVmpU8EL7QRdmtJs5I3Zmk5Sh2xmHfqxbw-JI'),
(129, 'undefined', 'eyJhbGciOiJIUzI1NiIsInR5cCI6IkpXVCJ9.eyJwZXJtIjo0LCJpYXQiOjE1NDM1OTYwMzEsImV4cCI6MTg1ODk1NjAzMX0.zEnh6159J1_cgmVqDzPHp5lKIfJTf5VpJPaBgfbFa4s'),
(130, 'undefined', 'eyJhbGciOiJIUzI1NiIsInR5cCI6IkpXVCJ9.eyJwZXJtIjo0LCJpYXQiOjE1NDM2ODQxMzQsImV4cCI6MTg1OTA0NDEzNH0.fjLiJ6sVHjWWWkBnh0t1XFq_0y3ypNQCzquLGY65oUg'),
(131, 'undefined', 'eyJhbGciOiJIUzI1NiIsInR5cCI6IkpXVCJ9.eyJwZXJtIjo0LCJpYXQiOjE1NDM3NzA5MTMsImV4cCI6MTg1OTEzMDkxM30.9qQixW4newDPDKxDmEc7TBXDj7jeQV1dxRCqtcOKmHs'),
(132, 'undefined', 'eyJhbGciOiJIUzI1NiIsInR5cCI6IkpXVCJ9.eyJwZXJtIjo0LCJpYXQiOjE1NDM5MTE4MTEsImV4cCI6MTg1OTI3MTgxMX0.swHRKgbE1QewZElnmR8QRwoNy93H-UZl-N5jGH3RK0c'),
(133, 'undefined', 'eyJhbGciOiJIUzI1NiIsInR5cCI6IkpXVCJ9.eyJwZXJtIjo0LCJpYXQiOjE1NDQwMjc5MzIsImV4cCI6MTg1OTM4NzkzMn0.4oC9IfFpMR5UnW14oM2ceOaL2PGP8XA_BgL7dVgAIoc'),
(134, 'undefined', 'eyJhbGciOiJIUzI1NiIsInR5cCI6IkpXVCJ9.eyJwZXJtIjo0LCJpYXQiOjE1NDQwMjc5NzEsImV4cCI6MTg1OTM4Nzk3MX0.xAICQC9LYYEuZe6uA_ooHBeaDuvG96OsEQ6Vbs8WOoI'),
(135, 'undefined', 'eyJhbGciOiJIUzI1NiIsInR5cCI6IkpXVCJ9.eyJwZXJtIjo0LCJpYXQiOjE1NDQwMjkwNTIsImV4cCI6MTg1OTM4OTA1Mn0.H6d_suNMqIu-qhqqyJA83-Kod6OyOr6smPvaC8g8luI'),
(136, 'undefined', 'eyJhbGciOiJIUzI1NiIsInR5cCI6IkpXVCJ9.eyJwZXJtIjo0LCJpYXQiOjE1NDQxMDc1MjAsImV4cCI6MTg1OTQ2NzUyMH0.JTxjm1875eHLJkyr0pfKdLCx34EMcjbEUARtfOWI0H0'),
(137, 'undefined', 'eyJhbGciOiJIUzI1NiIsInR5cCI6IkpXVCJ9.eyJwZXJtIjo0LCJpYXQiOjE1NDQxMDk3NDYsImV4cCI6MTg1OTQ2OTc0Nn0.Uzterh95LvCL_BGliIEajHJlKLZSAppRkzdEOMZqodg'),
(138, 'undefined', 'eyJhbGciOiJIUzI1NiIsInR5cCI6IkpXVCJ9.eyJwZXJtIjo0LCJpYXQiOjE1NDQxMDk5MzgsImV4cCI6MTg1OTQ2OTkzOH0.zKPYJjIuuMCSJQk2Mmnse8YZDMp4p-012JZFRu8whzc'),
(139, 'undefined', 'eyJhbGciOiJIUzI1NiIsInR5cCI6IkpXVCJ9.eyJwZXJtIjo0LCJpYXQiOjE1NDQxMTAxODAsImV4cCI6MTg1OTQ3MDE4MH0.w6y_dOMe6kxkcKb_lzSm9V0zGi4WffOrKUHDhpgn_JQ'),
(140, 'undefined', 'eyJhbGciOiJIUzI1NiIsInR5cCI6IkpXVCJ9.eyJwZXJtIjo0LCJpYXQiOjE1NDQzOTUzNjUsImV4cCI6MTg1OTc1NTM2NX0.vFSQ_8EBZ-SGeXMsWZxwLDRkYveyyqJYmYdaCS0MQCc'),
(141, 'undefined', 'eyJhbGciOiJIUzI1NiIsInR5cCI6IkpXVCJ9.eyJwZXJtIjo0LCJpYXQiOjE1NDQzOTU0NDEsImV4cCI6MTg1OTc1NTQ0MX0.2EKQslFcUmvs5tDAn_tbtOSOzmZFcKHKUKuhhp8fuyQ'),
(142, 'undefined', 'eyJhbGciOiJIUzI1NiIsInR5cCI6IkpXVCJ9.eyJwZXJtIjo0LCJpYXQiOjE1NDQzOTU2ODIsImV4cCI6MTg1OTc1NTY4Mn0.qenou_roFLjRPn_MEt5iysrkmRXW7n9pbp0EfnuWcRc'),
(143, 'undefined', 'eyJhbGciOiJIUzI1NiIsInR5cCI6IkpXVCJ9.eyJwZXJtIjo0LCJpYXQiOjE1NDQzOTU3MTYsImV4cCI6MTg1OTc1NTcxNn0.V2qOpvg49DwEw7BZck3LGfU6Oam7tgY2H0tWjIJqnXE'),
(144, 'undefined', 'eyJhbGciOiJIUzI1NiIsInR5cCI6IkpXVCJ9.eyJwZXJtIjo0LCJpYXQiOjE1NDQzOTU3NDAsImV4cCI6MTg1OTc1NTc0MH0.sN5IBAqkOEllaBbJh4JhStECpvZFNaDb-PxBvkRuUdk'),
(145, 'undefined', 'eyJhbGciOiJIUzI1NiIsInR5cCI6IkpXVCJ9.eyJwZXJtIjo0LCJpYXQiOjE1NDQzOTU5MTcsImV4cCI6MTg1OTc1NTkxN30.u6xFzyNHxCzPeHqjoey8_CfQ4XN7DdKoY07lhHxK8QM'),
(146, 'undefined', 'eyJhbGciOiJIUzI1NiIsInR5cCI6IkpXVCJ9.eyJwZXJtIjo0LCJpYXQiOjE1NDQzOTU5NjIsImV4cCI6MTg1OTc1NTk2Mn0.mh2kCkr4SK1GeI93ALuD694strWbpc408NBA_NDdHeo'),
(147, 'undefined', 'eyJhbGciOiJIUzI1NiIsInR5cCI6IkpXVCJ9.eyJwZXJtIjo0LCJpYXQiOjE1NDQzOTYwNTQsImV4cCI6MTg1OTc1NjA1NH0.z5nA_Ie_fufTb6KhkInwy3H4HfM4YP-CpKGU0E4no1s'),
(148, 'undefined', 'eyJhbGciOiJIUzI1NiIsInR5cCI6IkpXVCJ9.eyJwZXJtIjo0LCJpYXQiOjE1NDQzOTYxNDAsImV4cCI6MTg1OTc1NjE0MH0.b-YM7phngjhzGaoXJGQav6mmWfT0qIW_neD3aAoEeqQ'),
(149, 'undefined', 'eyJhbGciOiJIUzI1NiIsInR5cCI6IkpXVCJ9.eyJwZXJtIjo0LCJpYXQiOjE1NDQzOTYxOTEsImV4cCI6MTg1OTc1NjE5MX0.lVxrSm_S9JsAs1QCDxObOrqTT3qOW4Yp91yMIzi1pu4'),
(150, 'undefined', 'eyJhbGciOiJIUzI1NiIsInR5cCI6IkpXVCJ9.eyJwZXJtIjo0LCJpYXQiOjE1NDQzOTYyMzQsImV4cCI6MTg1OTc1NjIzNH0.D1xQIljzpcg-YEjfmEKpagHw5sE8i71KNeDyJNbVTVM'),
(151, 'undefined', 'eyJhbGciOiJIUzI1NiIsInR5cCI6IkpXVCJ9.eyJwZXJtIjo0LCJpYXQiOjE1NDQzOTY1OTgsImV4cCI6MTg1OTc1NjU5OH0.qX7pBKLASBXQq95LVpZKxd_pjmG6nlCSQEtRSEYKm_k'),
(152, 'undefined', 'eyJhbGciOiJIUzI1NiIsInR5cCI6IkpXVCJ9.eyJwZXJtIjo0LCJpYXQiOjE1NDQzOTcwMzYsImV4cCI6MTg1OTc1NzAzNn0.vldVe0cZ71EnVtXUMxw21rS8DXWBbkUvL7YN9ZStZa8'),
(153, 'undefined', 'eyJhbGciOiJIUzI1NiIsInR5cCI6IkpXVCJ9.eyJwZXJtIjo0LCJpYXQiOjE1NDQzOTcwNzEsImV4cCI6MTg1OTc1NzA3MX0.QMem72tZu4ht8EIkUjdPmddcG7LUakpVYuI_1DFfjRc'),
(154, 'undefined', 'eyJhbGciOiJIUzI1NiIsInR5cCI6IkpXVCJ9.eyJwZXJtIjo0LCJpYXQiOjE1NDQzOTcwODYsImV4cCI6MTg1OTc1NzA4Nn0.ocZObm9GS85IlkgNh4umxPmrscXZbpC_ejSl5-MJRNo'),
(155, 'undefined', 'eyJhbGciOiJIUzI1NiIsInR5cCI6IkpXVCJ9.eyJwZXJtIjo0LCJpYXQiOjE1NDQzOTcxMjEsImV4cCI6MTg1OTc1NzEyMX0.un2DtG9AJJKN6Am95J5omQikCIX8-xtuW31u6w9Flvc'),
(156, 'undefined', 'eyJhbGciOiJIUzI1NiIsInR5cCI6IkpXVCJ9.eyJwZXJtIjo0LCJpYXQiOjE1NDQzOTcxMzksImV4cCI6MTg1OTc1NzEzOX0.AVAam9lvHVDvO6Nt2yfW-vDlJdNgZSpm_Ir_Kw2KMCk'),
(157, 'undefined', 'eyJhbGciOiJIUzI1NiIsInR5cCI6IkpXVCJ9.eyJwZXJtIjo0LCJpYXQiOjE1NDQzOTcxODAsImV4cCI6MTg1OTc1NzE4MH0.0RErVbXxlz-YY2Z3sNCxAwNnzHF0Zdg-AFALjrUjhWE'),
(158, 'undefined', 'eyJhbGciOiJIUzI1NiIsInR5cCI6IkpXVCJ9.eyJwZXJtIjo0LCJpYXQiOjE1NDQzOTcxOTQsImV4cCI6MTg1OTc1NzE5NH0.UhB0-wJV2o3jSVsCd6dkcYch3csAqamlNJnsCPgj8es'),
(159, 'undefined', 'eyJhbGciOiJIUzI1NiIsInR5cCI6IkpXVCJ9.eyJwZXJtIjo0LCJpYXQiOjE1NDQzOTcyNzQsImV4cCI6MTg1OTc1NzI3NH0.wBRMjMQRbrgLXIZsnp3uqYHGNtqRL8SMd1zF37UKAaU'),
(160, 'undefined', 'eyJhbGciOiJIUzI1NiIsInR5cCI6IkpXVCJ9.eyJwZXJtIjo0LCJpYXQiOjE1NDQzOTczNzIsImV4cCI6MTg1OTc1NzM3Mn0.T-Wi9NuMgrPgrxWDJwv5Fmx7aPXVu7156AwWMKzLXOI'),
(161, 'tmp', 'eyJhbGciOiJIUzI1NiIsInR5cCI6IkpXVCJ9.eyJpZCI6InRtcCIsInBlcm0iOjQsImlhdCI6MTU0NDQwMDM3OSwiZXhwIjoxODU5NzYwMzc5fQ.8ohyNeL4fnOOWZ42weXB8QFHHku6PbiEj-s9Bf93cWc'),
(162, 'tmp', 'eyJhbGciOiJIUzI1NiIsInR5cCI6IkpXVCJ9.eyJpZCI6InRtcCIsInBlcm0iOjQsImlhdCI6MTU0NDQwMDQ2MSwiZXhwIjoxODU5NzYwNDYxfQ.4wEAtB8v5UFX9OFV8zj7Ojqe6EG24d_4hUqcu9c2aMc'),
(163, 'tmp', 'eyJhbGciOiJIUzI1NiIsInR5cCI6IkpXVCJ9.eyJpZCI6InRtcCIsInBlcm0iOjQsImlhdCI6MTU0NDQwMDQ4OSwiZXhwIjoxODU5NzYwNDg5fQ.sgAEi0A5JUvNg_wCxlZ4rV59awBRg28_v922vYECd7k'),
(164, 'tmp', 'eyJhbGciOiJIUzI1NiIsInR5cCI6IkpXVCJ9.eyJpZCI6InRtcCIsInBlcm0iOjQsImlhdCI6MTU0NDQwMTEzMSwiZXhwIjoxODU5NzYxMTMxfQ.ChDsWuH7xe40kQFSY7vs8boNZ451yb4PqcwqdvGB7U4'),
(165, 'tmp', 'eyJhbGciOiJIUzI1NiIsInR5cCI6IkpXVCJ9.eyJpZCI6InRtcCIsInBlcm0iOjQsImlhdCI6MTU0NDQwMTIzMiwiZXhwIjoxODU5NzYxMjMyfQ.K3e4G6eDlz8aUin2aHupwrNdt_1oC1wguMxeHVQUmFU'),
(166, 'tmp', 'eyJhbGciOiJIUzI1NiIsInR5cCI6IkpXVCJ9.eyJpZCI6InRtcCIsInBlcm0iOjQsImlhdCI6MTU0NDQwMjM2MywiZXhwIjoxODU5NzYyMzYzfQ.HQZU8ynoOigQ_tAU_VTugdvJ-ycp6h4E08wpivt3EPg'),
(167, 'tmp', 'eyJhbGciOiJIUzI1NiIsInR5cCI6IkpXVCJ9.eyJpZCI6InRtcCIsInBlcm0iOjQsImlhdCI6MTU0NDQwMjU1NiwiZXhwIjoxODU5NzYyNTU2fQ.aiJinpCmC3MlR_YlciCeF-TLKNvIWZW1WOoBureAUaU'),
(168, 'tmp', 'eyJhbGciOiJIUzI1NiIsInR5cCI6IkpXVCJ9.eyJpZCI6InRtcCIsInBlcm0iOjQsImlhdCI6MTU0NDQwMjcxOCwiZXhwIjoxODU5NzYyNzE4fQ.brLRA8Lq1ryh7lToFDFoC1feqOR79C3d5Q3M1J06amI'),
(169, 'tmp', 'eyJhbGciOiJIUzI1NiIsInR5cCI6IkpXVCJ9.eyJpZCI6InRtcCIsInBlcm0iOjQsImlhdCI6MTU0NDQwMjgyMywiZXhwIjoxODU5NzYyODIzfQ.aCDUOZtIfks478py67UvuDNZR-Rzuid_iVzAfTQWMZ4'),
(170, 'tmp', 'eyJhbGciOiJIUzI1NiIsInR5cCI6IkpXVCJ9.eyJpZCI6InRtcCIsInBlcm0iOjQsImlhdCI6MTU0NDQwMjkwOCwiZXhwIjoxODU5NzYyOTA4fQ.WZW0WPONwsvxmKzw0QlYH7GVYUkUx0WdJP-hMx312aw'),
(171, 'tmp', 'eyJhbGciOiJIUzI1NiIsInR5cCI6IkpXVCJ9.eyJpZCI6InRtcCIsInBlcm0iOjQsImlhdCI6MTU0NDQwMzEyMywiZXhwIjoxODU5NzYzMTIzfQ.IJBpkEErZB7JRKb1Wo38816bxbS-mEnT-5WzfMzS1XI'),
(172, 'tmp', 'eyJhbGciOiJIUzI1NiIsInR5cCI6IkpXVCJ9.eyJpZCI6InRtcCIsInBlcm0iOjQsImlhdCI6MTU0NDQwMzE1NSwiZXhwIjoxODU5NzYzMTU1fQ.RbMMmcRqTEvqde3uouelYyDJk8Ln6fL34xtpmxZ39_M'),
(173, 'tmp', 'eyJhbGciOiJIUzI1NiIsInR5cCI6IkpXVCJ9.eyJpZCI6InRtcCIsInBlcm0iOjQsImlhdCI6MTU0NDQwMzMzMCwiZXhwIjoxODU5NzYzMzMwfQ.ssSRNEXPh0CnVEXZo3goD4Z60YOdRg3tTdrJ7GLC2No'),
(174, 'tmp', 'eyJhbGciOiJIUzI1NiIsInR5cCI6IkpXVCJ9.eyJpZCI6InRtcCIsInBlcm0iOjQsImlhdCI6MTU0NDQwMzQ1NywiZXhwIjoxODU5NzYzNDU3fQ.j11lf_LgcylvfbVf8bN-C47592X38Lo48ytohaTTMW0'),
(175, 'tmp', 'eyJhbGciOiJIUzI1NiIsInR5cCI6IkpXVCJ9.eyJpZCI6InRtcCIsInBlcm0iOjQsImlhdCI6MTU0NDQwMzYzNiwiZXhwIjoxODU5NzYzNjM2fQ.qXtYrXiyubZDHzIv-kRZMGPAFayQxq0MQeYN2Fcuazk'),
(176, 'tmp', 'eyJhbGciOiJIUzI1NiIsInR5cCI6IkpXVCJ9.eyJpZCI6InRtcCIsInBlcm0iOjQsImlhdCI6MTU0NDQxODE4MSwiZXhwIjoxODU5Nzc4MTgxfQ.I21QBCWF0fNaowSbjjO6Fb4CjXK85kU9lquCOPSwf7A'),
(177, 'tmp', 'eyJhbGciOiJIUzI1NiIsInR5cCI6IkpXVCJ9.eyJpZCI6InRtcCIsInBlcm0iOjQsImlhdCI6MTU0NDQxOTU0NiwiZXhwIjoxODU5Nzc5NTQ2fQ.ljcg-PydL9fy3LP8Ka3X9ivukKPNgjNmZjFv7kmTBEo'),
(178, 'tmp', 'eyJhbGciOiJIUzI1NiIsInR5cCI6IkpXVCJ9.eyJpZCI6InRtcCIsInBlcm0iOjQsImlhdCI6MTU0NDQyMzY4NiwiZXhwIjoxODU5NzgzNjg2fQ.5fNf5fOz4ovN-SH74wKB2XhGhXvq_FNUee2ZcVv6fQY'),
(179, 'tmp', 'eyJhbGciOiJIUzI1NiIsInR5cCI6IkpXVCJ9.eyJpZCI6InRtcCIsInBlcm0iOjQsImlhdCI6MTU0NDQyNzM0NSwiZXhwIjoxODU5Nzg3MzQ1fQ.t5U9ZDC_gChmoaqYWT0J643fscYV4iGLbvLkoMiq4e0'),
(180, 'NomCeQueJeVeux', 'eyJhbGciOiJIUzI1NiIsInR5cCI6IkpXVCJ9.eyJpZCI6Ik5vbUNlUXVlSmVWZXV4IiwicGVybSI6NCwiaWF0IjoxNTQ0NDQyMzI4LCJleHAiOjE4NTk4MDIzMjh9.qlGJnc3V1NekC4lVzW3mWTgWTEmd8o-3dEeDo4m1wL4'),
(181, 'NomCeQueJeVeux', 'eyJhbGciOiJIUzI1NiIsInR5cCI6IkpXVCJ9.eyJpZCI6Ik5vbUNlUXVlSmVWZXV4IiwicGVybSI6NCwiaWF0IjoxNTQ0NDQyNDMyLCJleHAiOjE4NTk4MDI0MzJ9.YlnE23Ky49aT7fj-yrZfaV8LhkztPRBnvBCoXKJ8gQU'),
(182, 'undefined', 'eyJhbGciOiJIUzI1NiIsInR5cCI6IkpXVCJ9.eyJwZXJtIjo0LCJpYXQiOjE1NDQ0NTgwNDAsImV4cCI6MTg1OTgxODA0MH0.-xC9WF5P7ErCD0KnLxOKVslBQt0vbsKLWoIgUOyHisU'),
(183, 'NomCeQueJeVeux', 'eyJhbGciOiJIUzI1NiIsInR5cCI6IkpXVCJ9.eyJpZCI6Ik5vbUNlUXVlSmVWZXV4IiwicGVybSI6NCwiaWF0IjoxNTQ1NDEyNzcwLCJleHAiOjE4NjA3NzI3NzB9.h7YJyW3AxOTyRvmbBtq-TscZPL7zG4lc53q0eWHlSL8'),
(184, 'tmp', 'eyJhbGciOiJIUzI1NiIsInR5cCI6IkpXVCJ9.eyJpZCI6InRtcCIsInBlcm0iOjQsImlhdCI6MTU0NjEyOTE2OCwiZXhwIjoxODYxNDg5MTY4fQ.bcrQPn2Tbf566lwKJk3RXJnJ72xStF3n2KOVDAx6p_Y'),
(185, 'NomCeQueJeVeux', 'eyJhbGciOiJIUzI1NiIsInR5cCI6IkpXVCJ9.eyJpZCI6Ik5vbUNlUXVlSmVWZXV4IiwicGVybSI6NCwiaWF0IjoxNTQ3MDYxMTE0LCJleHAiOjE4NjI0MjExMTR9._Gf4dhFLBI-gq5oHndECEplnlmPe6ss5UBiNKBenamI');

-- --------------------------------------------------------

--
-- Structure de la table `d_typeGames`
--

CREATE TABLE `d_typeGames` (
  `idType` int(2) NOT NULL,
  `labelType` varchar(32) NOT NULL
) ENGINE=InnoDB DEFAULT CHARSET=utf8;

--
-- Contenu de la table `d_typeGames`
--

INSERT INTO `d_typeGames` (`idType`, `labelType`) VALUES
(1, 'Jeux'),
(2, 'Médias');

-- --------------------------------------------------------

--
-- Structure de la table `d_users`
--

CREATE TABLE `d_users` (
  `idUser` int(11) NOT NULL,
  `nomUser` varchar(32) COLLATE utf8_unicode_ci NOT NULL,
  `prenomUser` varchar(32) COLLATE utf8_unicode_ci NOT NULL,
  `emailUser` varchar(256) COLLATE utf8_unicode_ci NOT NULL,
  `pass` varchar(256) COLLATE utf8_unicode_ci NOT NULL,
  `typeUser` int(11) NOT NULL DEFAULT '1',
  `picPath` text COLLATE utf8_unicode_ci,
  `access_token` varchar(256) COLLATE utf8_unicode_ci NOT NULL,
  `device_type` enum('ios','android','web') COLLATE utf8_unicode_ci NOT NULL
) ENGINE=InnoDB DEFAULT CHARSET=utf8 COLLATE=utf8_unicode_ci;

--
-- Contenu de la table `d_users`
--

INSERT INTO `d_users` (`idUser`, `nomUser`, `prenomUser`, `emailUser`, `pass`, `typeUser`, `picPath`, `access_token`, `device_type`) VALUES
(0, 'blank', 'blank', 'blank@blank.com', '04b2c7d23cdd19843241b20b331992a7', 3, NULL, 'n/a', 'web'),
(1, 'Berthaude', 'Elodies', 'elodie.berthaud1@gmail.com', '91984b4bba8ce74d5ea40344a0e8343c', 2, '1-prof.png', 'eyJhbGciOiJIUzI1NiIsInR5cCI6IkpXVCJ9.eyJpZFVzZXIiOjEsInR5cGVVc2VyIjoyLCJlbWFpbFVzZXIiOiJlbG9kaWUuYmVydGhhdWQxQGdtYWlsLmNvbSIsImlkRWNvbGUiOjEsImlhdCI6MTU0Nzk5OTYyOCwiZXhwIjoxNTQ4NjA0NDI4fQ.NjQ_iRkzg8gqDcasivQOE9PPWURB23bm722j-PGbhlw', 'ios'),
(2, 'gadrat', 'Romain', 'romain.gasdrat@epitech.eu', '04b2c7d23cdd19843241b20b331992a7', 1, '2-prof.png', '', 'ios'),
(3, 'Guichard', 'Thomas', 'test', '68740c58ded05848cf7427780d285a1b', 1, NULL, '', 'web'),
(19, 'gadrat', 'Romain', 'romain.gadrat@epitech.eu', '6ffc0db492c94d57500c9ff9eb458a09', 1, NULL, 'n/a', 'web'),
(20, 'Francois', 'undefined', 'francois.hersent@epitech.eu', '0b1c2297ff61a6ba28311b15b6146489', 1, NULL, 'n/a', 'web'),
(21, 'test', 'test', 'rrrrrr@gggggggg.com', '646da113632c0d08913d9e62b924ed03', 1, NULL, 'n/a', 'web'),
(22, 'Ropied', 'Ongle', 'maisonnave.florian@gmail.com', '615435b1eeff15516e127029050dcf1c', 1, NULL, 'n/a', 'web'),
(24, 'fwefwe', 'fwegfew', 'fewfew@fwef.com', 'c9b0653a3a623e5f379d6dd3ce52ee8a', 1, NULL, 'n/a', 'web'),
(25, 'Maxence', 'Lauque', 'maxence.lauque@epitech.eu', '6ab36f83c823a0dcd2519e5bbf17f438', 1, NULL, 'eyJhbGciOiJIUzI1NiIsInR5cCI6IkpXVCJ9.eyJpZCI6MjUsImlhdCI6MTU0Njg3MDU0NiwiZXhwIjoxNTQ3NDc1MzQ2fQ.dt0A_I7kPX39OoYfb7fyrDV_eU9ixU4-w5sytmQ4Qko', 'web'),
(26, 'SAINT-JUST', 'Guillaume', 'guillaume.saint-just@epitech.eu', '0d280daf5a885a7207bfa93455fd6b13', 1, NULL, 'n/a', 'web'),
(27, 'Lauque', 'Max', 'maxencelauque@gmail.com', '6ab36f83c823a0dcd2519e5bbf17f438', 2, NULL, 'eyJhbGciOiJIUzI1NiIsInR5cCI6IkpXVCJ9.eyJpZCI6MjcsImlhdCI6MTU0NjAxMTQzNSwiZXhwIjoxNTQ2NjE2MjM1fQ.oRPBGhYSECw61ZgPmn8JIWMRdKcuDmo4dJcCVpiuams', 'android'),
(28, 'Rimbaud', 'Martin', 'm.rimbaud@hotmail.fr', '32ea46d1b2ab426ce2982c748eeb25b3', 1, NULL, 'eyJhbGciOiJIUzI1NiIsInR5cCI6IkpXVCJ9.eyJpZCI6MjgsImlhdCI6MTU0NDg4NTg3MSwiZXhwIjoxNTQ1NDkwNjcxfQ.Ymj0VEYLGEN7K5rLoyGtr7FZhf3PsED629cM_JaAbP8', 'web'),
(29, 'ffffff', 'fewfew', 'fewfewfew@fwfe.com', 'c7b28e35df9e7afe21967a124f1acab8', 1, NULL, 'n/a', 'web'),
(30, 'Berthaud', 'Elodie', 'elodie.@epitech.eu', '4eda58d3f10d658a84c0efacb99dba3a', 1, '30-prof.png', 'eyJhbGciOiJIUzI1NiIsInR5cCI6IkpXVCJ9.eyJpZCI6MzAsImlhdCI6MTU0NDQ1NzUyNiwiZXhwIjoxNTQ1MDYyMzI2fQ.IiYMCdAooGivgUXmN4iTQ_ifhhvgm8vyQCoOOkLXTqg', 'web'),
(31, 'Fourcade', 'Lauriane', 'lauriane.fourcade@smgl.fr', 'f02368945726d5fc2a14eb576f7276c0', 1, '31-prof.png', 'eyJhbGciOiJIUzI1NiIsInR5cCI6IkpXVCJ9.eyJpZFVzZXIiOjMxLCJ0eXBlVXNlciI6MSwiZW1haWxVc2VyIjoibGF1cmlhbmUuZm91cmNhZGVAc21nbC5mciIsImlkRWNvbGUiOjEsImlhdCI6MTU0ODAzNTEwNywiZXhwIjoxNTQ4NjM5OTA3fQ.rVCWb9pZypOLMmHkItuS2hRHE6WLCQUZ7tPRaTnHRTk', 'android'),
(32, 'Edison', 'Paolo', 'paolo.edison@smgl.fr', 'f02368945726d5fc2a14eb576f7276c0', 1, NULL, 'eyJhbGciOiJIUzI1NiIsInR5cCI6IkpXVCJ9.eyJpZCI6MzIsInBlcm0iOjEsImlhdCI6MTU0Njk1MzE0MiwiZXhwIjoxNTQ3NTU3OTQyfQ.F7EHhuGCg5fpmC1WczPnSqbi_t1Nao0wScFjKsmMoas', 'android'),
(33, 'Guichard', 'Thomas', 'thomas.guichard@epitech.eu', '31bcb28113ba040ed46dd207ad37559d', 2, '33-prof.png', 'eyJhbGciOiJIUzI1NiIsInR5cCI6IkpXVCJ9.eyJpZFVzZXIiOjMzLCJ0eXBlVXNlciI6MiwiZW1haWxVc2VyIjoidGhvbWFzLmd1aWNoYXJkQGVwaXRlY2guZXUiLCJpZEVjb2xlIjoxLCJpYXQiOjE1NDgxODEzMDMsImV4cCI6MTU0ODc4NjEwM30.aYbJl-iMhLFxhrH8qj_-zu-4oOD_gRKakNZ8C-AfJEY', 'web'),
(34, 'Berthaud', 'Elodie', 'elodie.berthaud@epitech.eu', '91984b4bba8ce74d5ea40344a0e8343c', 1, NULL, 'n/a', 'web'),
(35, 'Berthaud', 'Elodie', 'dcwefew', 'f496fbd4b7d53105dba55dd97406f4ab', 1, NULL, 'n/a', 'web'),
(36, 'Berthaud', 'Elodie', 'elodiedunetest@gmail.com', '74193efbd271a51aeaf5549df0b98db5', 1, '36-prof.png', 'eyJhbGciOiJIUzI1NiIsInR5cCI6IkpXVCJ9.eyJpZCI6MzYsInBlcm0iOjEsImlhdCI6MTU0NzA0OTg0NiwiZXhwIjoxNTQ3NjU0NjQ2fQ.DxHRWG-cUPn5QxaYSVrRKo9X2OQUmi5OFpZ0iXbB_Uc', 'web');

--
-- Index pour les tables exportées
--

--
-- Index pour la table `access_token`
--
ALTER TABLE `access_token`
  ADD PRIMARY KEY (`access_token_id`),
  ADD KEY `fk_access_token_1_idx` (`user_id`);

--
-- Index pour la table `d_classe`
--
ALTER TABLE `d_classe`
  ADD PRIMARY KEY (`idClasse`);

--
-- Index pour la table `d_classeEcole`
--
ALTER TABLE `d_classeEcole`
  ADD PRIMARY KEY (`idClasse`,`idEcole`),
  ADD KEY `idEcole` (`idEcole`);

--
-- Index pour la table `d_classeEleve`
--
ALTER TABLE `d_classeEleve`
  ADD PRIMARY KEY (`idClasse`,`idEleve`),
  ADD KEY `idEleve` (`idEleve`);

--
-- Index pour la table `d_creator`
--
ALTER TABLE `d_creator`
  ADD PRIMARY KEY (`idCreator`);

--
-- Index pour la table `d_demandeAchatGame`
--
ALTER TABLE `d_demandeAchatGame`
  ADD PRIMARY KEY (`idDemande`) USING BTREE,
  ADD KEY `idGame` (`idGame`),
  ADD KEY `idEcole` (`idEcole`),
  ADD KEY `idProf` (`idProf`);

--
-- Index pour la table `d_ecole`
--
ALTER TABLE `d_ecole`
  ADD PRIMARY KEY (`id`),
  ADD KEY `idDirecteur` (`idDirecteur`);

--
-- Index pour la table `d_eleves`
--
ALTER TABLE `d_eleves`
  ADD PRIMARY KEY (`idEleve`);

--
-- Index pour la table `d_games`
--
ALTER TABLE `d_games`
  ADD PRIMARY KEY (`id`),
  ADD KEY `creator` (`creator`),
  ADD KEY `idType` (`idType`) USING BTREE;

--
-- Index pour la table `d_gamesAppEcole`
--
ALTER TABLE `d_gamesAppEcole`
  ADD PRIMARY KEY (`idGame`,`idEcole`),
  ADD KEY `idEcole` (`idEcole`);

--
-- Index pour la table `d_licenceTable`
--
ALTER TABLE `d_licenceTable`
  ADD PRIMARY KEY (`idEcole`,`licence`);

--
-- Index pour la table `d_notifications`
--
ALTER TABLE `d_notifications`
  ADD PRIMARY KEY (`idNotif`),
  ADD KEY `idUser` (`idUser`),
  ADD KEY `idToNotify` (`idToNotify`);

--
-- Index pour la table `d_profsAppClasse`
--
ALTER TABLE `d_profsAppClasse`
  ADD PRIMARY KEY (`idProf`,`idClasse`),
  ADD KEY `idClasse` (`idClasse`);

--
-- Index pour la table `d_profsAppEcole`
--
ALTER TABLE `d_profsAppEcole`
  ADD PRIMARY KEY (`idEcole`,`idProf`),
  ADD KEY `idProf` (`idProf`);

--
-- Index pour la table `d_tableEcole`
--
ALTER TABLE `d_tableEcole`
  ADD PRIMARY KEY (`idTable`,`idEcole`),
  ADD KEY `idEcole` (`idEcole`);

--
-- Index pour la table `d_tableGames`
--
ALTER TABLE `d_tableGames`
  ADD PRIMARY KEY (`idTable`,`idGame`),
  ADD KEY `idGame` (`idGame`);

--
-- Index pour la table `d_tableProf`
--
ALTER TABLE `d_tableProf`
  ADD PRIMARY KEY (`tokenTable`,`idTable`),
  ADD KEY `idTable` (`idTable`),
  ADD KEY `idProf` (`idProf`);

--
-- Index pour la table `d_tables`
--
ALTER TABLE `d_tables`
  ADD PRIMARY KEY (`idTable`);

--
-- Index pour la table `d_typeGames`
--
ALTER TABLE `d_typeGames`
  ADD PRIMARY KEY (`idType`);

--
-- Index pour la table `d_users`
--
ALTER TABLE `d_users`
  ADD PRIMARY KEY (`idUser`);

--
-- AUTO_INCREMENT pour les tables exportées
--

--
-- AUTO_INCREMENT pour la table `access_token`
--
ALTER TABLE `access_token`
  MODIFY `access_token_id` int(11) NOT NULL AUTO_INCREMENT, AUTO_INCREMENT=332;
--
-- AUTO_INCREMENT pour la table `d_classe`
--
ALTER TABLE `d_classe`
  MODIFY `idClasse` int(6) NOT NULL AUTO_INCREMENT, AUTO_INCREMENT=6;
--
-- AUTO_INCREMENT pour la table `d_creator`
--
ALTER TABLE `d_creator`
  MODIFY `idCreator` int(8) NOT NULL AUTO_INCREMENT, AUTO_INCREMENT=3;
--
-- AUTO_INCREMENT pour la table `d_demandeAchatGame`
--
ALTER TABLE `d_demandeAchatGame`
  MODIFY `idDemande` int(11) NOT NULL AUTO_INCREMENT, AUTO_INCREMENT=41;
--
-- AUTO_INCREMENT pour la table `d_ecole`
--
ALTER TABLE `d_ecole`
  MODIFY `id` int(6) NOT NULL AUTO_INCREMENT, AUTO_INCREMENT=3;
--
-- AUTO_INCREMENT pour la table `d_eleves`
--
ALTER TABLE `d_eleves`
  MODIFY `idEleve` int(6) NOT NULL AUTO_INCREMENT, AUTO_INCREMENT=44;
--
-- AUTO_INCREMENT pour la table `d_notifications`
--
ALTER TABLE `d_notifications`
  MODIFY `idNotif` int(11) NOT NULL AUTO_INCREMENT, AUTO_INCREMENT=77;
--
-- AUTO_INCREMENT pour la table `d_tables`
--
ALTER TABLE `d_tables`
  MODIFY `idTable` int(8) NOT NULL AUTO_INCREMENT, AUTO_INCREMENT=186;
--
-- AUTO_INCREMENT pour la table `d_typeGames`
--
ALTER TABLE `d_typeGames`
  MODIFY `idType` int(2) NOT NULL AUTO_INCREMENT, AUTO_INCREMENT=3;
--
-- AUTO_INCREMENT pour la table `d_users`
--
ALTER TABLE `d_users`
  MODIFY `idUser` int(11) NOT NULL AUTO_INCREMENT, AUTO_INCREMENT=37;
--
-- Contraintes pour les tables exportées
--

--
-- Contraintes pour la table `access_token`
--
ALTER TABLE `access_token`
  ADD CONSTRAINT `fk_access_token_1` FOREIGN KEY (`user_id`) REFERENCES `d_users` (`idUser`) ON DELETE NO ACTION ON UPDATE NO ACTION;

--
-- Contraintes pour la table `d_classeEcole`
--
ALTER TABLE `d_classeEcole`
  ADD CONSTRAINT `d_classeEcole_ibfk_1` FOREIGN KEY (`idEcole`) REFERENCES `d_profsAppEcole` (`idEcole`) ON DELETE CASCADE ON UPDATE CASCADE,
  ADD CONSTRAINT `d_classeEcole_ibfk_2` FOREIGN KEY (`idClasse`) REFERENCES `d_classe` (`idClasse`) ON DELETE CASCADE ON UPDATE CASCADE;

--
-- Contraintes pour la table `d_classeEleve`
--
ALTER TABLE `d_classeEleve`
  ADD CONSTRAINT `d_classeEleve_ibfk_1` FOREIGN KEY (`idEleve`) REFERENCES `d_eleves` (`idEleve`) ON DELETE CASCADE ON UPDATE CASCADE,
  ADD CONSTRAINT `d_classeEleve_ibfk_2` FOREIGN KEY (`idClasse`) REFERENCES `d_classe` (`idClasse`) ON DELETE CASCADE ON UPDATE CASCADE;

--
-- Contraintes pour la table `d_demandeAchatGame`
--
ALTER TABLE `d_demandeAchatGame`
  ADD CONSTRAINT `d_demandeAchatGame_ibfk_2` FOREIGN KEY (`idGame`) REFERENCES `d_games` (`id`) ON DELETE CASCADE ON UPDATE CASCADE,
  ADD CONSTRAINT `d_demandeAchatGame_ibfk_3` FOREIGN KEY (`idEcole`) REFERENCES `d_ecole` (`id`) ON DELETE CASCADE ON UPDATE CASCADE,
  ADD CONSTRAINT `d_demandeAchatGame_ibfk_4` FOREIGN KEY (`idProf`) REFERENCES `d_users` (`idUser`) ON DELETE NO ACTION ON UPDATE NO ACTION;

--
-- Contraintes pour la table `d_ecole`
--
ALTER TABLE `d_ecole`
  ADD CONSTRAINT `d_ecole_ibfk_1` FOREIGN KEY (`idDirecteur`) REFERENCES `d_users` (`idUser`) ON DELETE NO ACTION ON UPDATE NO ACTION;

--
-- Contraintes pour la table `d_games`
--
ALTER TABLE `d_games`
  ADD CONSTRAINT `d_games_ibfk_1` FOREIGN KEY (`creator`) REFERENCES `d_creator` (`idCreator`) ON DELETE CASCADE ON UPDATE CASCADE,
  ADD CONSTRAINT `d_games_ibfk_2` FOREIGN KEY (`idType`) REFERENCES `d_typeGames` (`idType`);

--
-- Contraintes pour la table `d_gamesAppEcole`
--
ALTER TABLE `d_gamesAppEcole`
  ADD CONSTRAINT `d_gamesAppEcole_ibfk_1` FOREIGN KEY (`idEcole`) REFERENCES `d_ecole` (`id`) ON DELETE CASCADE ON UPDATE CASCADE,
  ADD CONSTRAINT `d_gamesAppEcole_ibfk_2` FOREIGN KEY (`idGame`) REFERENCES `d_games` (`id`) ON DELETE CASCADE ON UPDATE CASCADE;

--
-- Contraintes pour la table `d_licenceTable`
--
ALTER TABLE `d_licenceTable`
  ADD CONSTRAINT `d_licenceTable_ibfk_1` FOREIGN KEY (`idEcole`) REFERENCES `d_ecole` (`id`) ON DELETE CASCADE ON UPDATE CASCADE;

--
-- Contraintes pour la table `d_notifications`
--
ALTER TABLE `d_notifications`
  ADD CONSTRAINT `d_notifications_ibfk_1` FOREIGN KEY (`idToNotify`) REFERENCES `d_demandeAchatGame` (`idDemande`) ON DELETE CASCADE ON UPDATE CASCADE,
  ADD CONSTRAINT `d_notifications_ibfk_2` FOREIGN KEY (`idUser`) REFERENCES `d_users` (`idUser`) ON DELETE CASCADE ON UPDATE CASCADE;

--
-- Contraintes pour la table `d_profsAppClasse`
--
ALTER TABLE `d_profsAppClasse`
  ADD CONSTRAINT `d_profsAppClasse_ibfk_2` FOREIGN KEY (`idProf`) REFERENCES `d_users` (`idUser`),
  ADD CONSTRAINT `d_profsAppClasse_ibfk_3` FOREIGN KEY (`idClasse`) REFERENCES `d_classe` (`idClasse`) ON DELETE CASCADE ON UPDATE CASCADE;

--
-- Contraintes pour la table `d_profsAppEcole`
--
ALTER TABLE `d_profsAppEcole`
  ADD CONSTRAINT `d_profsAppEcole_ibfk_1` FOREIGN KEY (`idProf`) REFERENCES `d_users` (`idUser`) ON DELETE CASCADE ON UPDATE CASCADE,
  ADD CONSTRAINT `d_profsAppEcole_ibfk_2` FOREIGN KEY (`idEcole`) REFERENCES `d_ecole` (`id`) ON DELETE CASCADE ON UPDATE CASCADE;

--
-- Contraintes pour la table `d_tableEcole`
--
ALTER TABLE `d_tableEcole`
  ADD CONSTRAINT `d_tableEcole_ibfk_2` FOREIGN KEY (`idEcole`) REFERENCES `d_ecole` (`id`) ON DELETE CASCADE ON UPDATE CASCADE,
  ADD CONSTRAINT `d_tableEcole_ibfk_3` FOREIGN KEY (`idTable`) REFERENCES `d_tables` (`idTable`) ON DELETE CASCADE ON UPDATE CASCADE;

--
-- Contraintes pour la table `d_tableGames`
--
ALTER TABLE `d_tableGames`
  ADD CONSTRAINT `d_tableGames_ibfk_1` FOREIGN KEY (`idGame`) REFERENCES `d_games` (`id`) ON DELETE CASCADE ON UPDATE CASCADE,
  ADD CONSTRAINT `d_tableGames_ibfk_2` FOREIGN KEY (`idTable`) REFERENCES `d_tables` (`idTable`) ON DELETE CASCADE ON UPDATE CASCADE;

--
-- Contraintes pour la table `d_tableProf`
--
ALTER TABLE `d_tableProf`
  ADD CONSTRAINT `d_tableProf_ibfk_3` FOREIGN KEY (`idTable`) REFERENCES `d_tables` (`idTable`) ON DELETE CASCADE ON UPDATE CASCADE,
  ADD CONSTRAINT `d_tableProf_ibfk_4` FOREIGN KEY (`idProf`) REFERENCES `d_users` (`idUser`) ON DELETE CASCADE ON UPDATE CASCADE;

/*!40101 SET CHARACTER_SET_CLIENT=@OLD_CHARACTER_SET_CLIENT */;
/*!40101 SET CHARACTER_SET_RESULTS=@OLD_CHARACTER_SET_RESULTS */;
/*!40101 SET COLLATION_CONNECTION=@OLD_COLLATION_CONNECTION */;
