-- phpMyAdmin SQL Dump
-- version 4.6.6deb5
-- https://www.phpmyadmin.net/
--
-- Client :  localhost:3306
-- Généré le :  Lun 26 Août 2019 à 21:42
-- Version du serveur :  5.7.27-0ubuntu0.18.04.1
-- Version de PHP :  7.2.19-0ubuntu0.18.04.2

SET SQL_MODE = "NO_AUTO_VALUE_ON_ZERO";
SET time_zone = "+00:00";


/*!40101 SET @OLD_CHARACTER_SET_CLIENT=@@CHARACTER_SET_CLIENT */;
/*!40101 SET @OLD_CHARACTER_SET_RESULTS=@@CHARACTER_SET_RESULTS */;
/*!40101 SET @OLD_COLLATION_CONNECTION=@@COLLATION_CONNECTION */;
/*!40101 SET NAMES utf8mb4 */;

--
-- Base de données :  `dune_api`
--

-- --------------------------------------------------------

--
-- Structure de la table `access_token`
--

CREATE TABLE `access_token` (
  `access_token_id` int(11) NOT NULL,
  `user_id` int(11) DEFAULT NULL,
  `access_token` text,
  `device_type` varchar(45) DEFAULT NULL
) ENGINE=InnoDB DEFAULT CHARSET=latin1;

--
-- Contenu de la table `access_token`
--

INSERT INTO `access_token` (`access_token_id`, `user_id`, `access_token`, `device_type`) VALUES
(1, 1, 'eyJhbGciOiJIUzI1NiIsInR5cCI6IkpXVCJ9.eyJpZFVzZXIiOjEsInR5cGVVc2VyIjoyLCJlbWFpbFVzZXIiOiJlbG9kaWUuYmVydGhhdWRAZXBpdGVjaC5ldSIsImlkRWNvbGUiOjEsImlhdCI6MTU1NzMzNTAyOCwiZXhwIjoxNTU3OTM5ODI4fQ.FT39nM8kl0_2hJcdERXazBVWQrW_KpfXXS743FieU3U', 'web'),
(2, 2, 'eyJhbGciOiJIUzI1NiIsInR5cCI6IkpXVCJ9.eyJpZFVzZXIiOjIsInR5cGVVc2VyIjoxLCJlbWFpbFVzZXIiOiJsYXVyaWFuZS5mb3VyY2FkZUBzbWdsLmZyIiwiaWRFY29sZSI6MSwiaWF0IjoxNTU3MzM1MTY5LCJleHAiOjE1NTc5Mzk5Njl9.6ej2y9FcP1no-owrR61qYFTyR-78BN_GfeVCfEflmuQ', 'android'),
(3, 1, 'eyJhbGciOiJIUzI1NiIsInR5cCI6IkpXVCJ9.eyJpZFVzZXIiOjEsInR5cGVVc2VyIjoyLCJlbWFpbFVzZXIiOiJlbG9kaWUuYmVydGhhdWRAZXBpdGVjaC5ldSIsImlkRWNvbGUiOjEsImlhdCI6MTU1NzMzNTU0MSwiZXhwIjoxNTU3OTQwMzQxfQ.aNlny_bNYi8veHhmdKLFCg8a9_qltJFxsEFwtKjaC5E', 'web'),
(4, 2, 'eyJhbGciOiJIUzI1NiIsInR5cCI6IkpXVCJ9.eyJpZFVzZXIiOjIsInR5cGVVc2VyIjoxLCJlbWFpbFVzZXIiOiJsYXVyaWFuZS5mb3VyY2FkZUBzbWdsLmZyIiwiaWRFY29sZSI6MSwiaWF0IjoxNTU3MzM1NjI2LCJleHAiOjE1NTc5NDA0MjZ9.5gZirZJZxg3DbL-748VBB-Olc3umKMBzjLl0taXvVhA', 'android'),
(5, 1, 'eyJhbGciOiJIUzI1NiIsInR5cCI6IkpXVCJ9.eyJpZFVzZXIiOjEsInR5cGVVc2VyIjoyLCJlbWFpbFVzZXIiOiJlbG9kaWUuYmVydGhhdWRAZXBpdGVjaC5ldSIsImlkRWNvbGUiOjEsImlhdCI6MTU1NzMzNTgyNSwiZXhwIjoxNTU3OTQwNjI1fQ.YOiHHheBUhQdehKreVgV8pGE5jGoGY1jlEOuSzK258o', 'web'),
(6, 2, 'eyJhbGciOiJIUzI1NiIsInR5cCI6IkpXVCJ9.eyJpZFVzZXIiOjIsInR5cGVVc2VyIjoxLCJlbWFpbFVzZXIiOiJsYXVyaWFuZS5mb3VyY2FkZUBzbWdsLmZyIiwiaWRFY29sZSI6MSwiaWF0IjoxNTU3MzM1ODY5LCJleHAiOjE1NTc5NDA2Njl9.L_j2tDo2Y1aXh5qeiwO1KGz5L2c9L8XG5c-x8r0PO84', 'android'),
(7, 1, 'eyJhbGciOiJIUzI1NiIsInR5cCI6IkpXVCJ9.eyJpZFVzZXIiOjEsInR5cGVVc2VyIjoyLCJlbWFpbFVzZXIiOiJlbG9kaWUuYmVydGhhdWRAZXBpdGVjaC5ldSIsImlkRWNvbGUiOjEsImlhdCI6MTU1NzMzNTkwNiwiZXhwIjoxNTU3OTQwNzA2fQ.CKXTJP5xbeM257MO60e2Sv2ogvl1QyL5fhRzzYC6k5Q', 'web'),
(8, 2, 'eyJhbGciOiJIUzI1NiIsInR5cCI6IkpXVCJ9.eyJpZFVzZXIiOjIsInR5cGVVc2VyIjoxLCJlbWFpbFVzZXIiOiJsYXVyaWFuZS5mb3VyY2FkZUBzbWdsLmZyIiwiaWRFY29sZSI6MSwiaWF0IjoxNTU3MzM2MTY5LCJleHAiOjE1NTc5NDA5Njl9.8Dkl0gm-3F0eAY4KRIFOj8SDmWoVhuSQYoXKLYjz3CQ', 'android'),
(9, 1, 'eyJhbGciOiJIUzI1NiIsInR5cCI6IkpXVCJ9.eyJpZFVzZXIiOjEsInR5cGVVc2VyIjoyLCJlbWFpbFVzZXIiOiJlbG9kaWUuYmVydGhhdWRAZXBpdGVjaC5ldSIsImlkRWNvbGUiOjEsImlhdCI6MTU1NzMzNjIwMiwiZXhwIjoxNTU3OTQxMDAyfQ.1-21DcLPOUmQRXXmwqheK6spHHlKcn3rqqRup7sX-BY', 'web'),
(10, 2, 'eyJhbGciOiJIUzI1NiIsInR5cCI6IkpXVCJ9.eyJpZFVzZXIiOjIsInR5cGVVc2VyIjoxLCJlbWFpbFVzZXIiOiJsYXVyaWFuZS5mb3VyY2FkZUBzbWdsLmZyIiwiaWRFY29sZSI6MSwiaWF0IjoxNTU3MzM2ODMxLCJleHAiOjE1NTc5NDE2MzF9.5BwPlZ68ruMOzkgT5skFNEmbm1hOgbBBWa1QJeH_1gw', 'android'),
(11, 2, 'eyJhbGciOiJIUzI1NiIsInR5cCI6IkpXVCJ9.eyJpZFVzZXIiOjIsInR5cGVVc2VyIjoxLCJlbWFpbFVzZXIiOiJsYXVyaWFuZS5mb3VyY2FkZUBzbWdsLmZyIiwiaWRFY29sZSI6MSwiaWF0IjoxNTU3MzM2OTg4LCJleHAiOjE1NTc5NDE3ODh9.dwaE31rtWmG14xz9vedVVPMj3UMDCiUthnQApCKykXc', 'android'),
(12, 1, 'eyJhbGciOiJIUzI1NiIsInR5cCI6IkpXVCJ9.eyJpZFVzZXIiOjEsInR5cGVVc2VyIjoyLCJlbWFpbFVzZXIiOiJlbG9kaWUuYmVydGhhdWRAZXBpdGVjaC5ldSIsImlkRWNvbGUiOjEsImlhdCI6MTU1NzMzOTgzNiwiZXhwIjoxNTU3OTQ0NjM2fQ.MVT7fYQAJr5P-Uyg2Z7VAvVepodykUahsfjwkbioq4s', 'web'),
(13, 2, 'eyJhbGciOiJIUzI1NiIsInR5cCI6IkpXVCJ9.eyJpZFVzZXIiOjIsInR5cGVVc2VyIjoxLCJlbWFpbFVzZXIiOiJsYXVyaWFuZS5mb3VyY2FkZUBzbWdsLmZyIiwiaWRFY29sZSI6MSwiaWF0IjoxNTU3MzkyNTk4LCJleHAiOjE1NTc5OTczOTh9.I4Ll_yK1sE4ANRdUulVv5Z9DSM0X6xAi6uZ65OH6gug', 'android'),
(14, 3, 'eyJhbGciOiJIUzI1NiIsInR5cCI6IkpXVCJ9.eyJpZFVzZXIiOjMsInR5cGVVc2VyIjoxLCJlbWFpbFVzZXIiOiJwYW9sby5lZGlzb25Ac21nbC5mciIsImlkRWNvbGUiOjEsImlhdCI6MTU1NzM5MjcwMSwiZXhwIjoxNTU3OTk3NTAxfQ.SS4ts6rkGC6X9--Cb0s8sOqv3X-n3kJp3jZj7eYit34', 'android'),
(15, 1, 'eyJhbGciOiJIUzI1NiIsInR5cCI6IkpXVCJ9.eyJpZFVzZXIiOjEsInR5cGVVc2VyIjoyLCJlbWFpbFVzZXIiOiJlbG9kaWUuYmVydGhhdWRAZXBpdGVjaC5ldSIsImlkRWNvbGUiOjEsImlhdCI6MTU1NzM5Mjg2MiwiZXhwIjoxNTU3OTk3NjYyfQ.9fW99cbp_0leTQQHmT2K8UX6WsQLv1ZZubs3-eLpSRM', 'web'),
(16, 1, 'eyJhbGciOiJIUzI1NiIsInR5cCI6IkpXVCJ9.eyJpZFVzZXIiOjEsInR5cGVVc2VyIjoyLCJlbWFpbFVzZXIiOiJlbG9kaWUuYmVydGhhdWRAZXBpdGVjaC5ldSIsImlkRWNvbGUiOjEsImlhdCI6MTU1NzM5MzkzNCwiZXhwIjoxNTU3OTk4NzM0fQ.cRG7ZfXH1WJMQ777l8jBf01T6KvoAl4Kvkhbz_YXqyo', 'web'),
(17, 1, 'eyJhbGciOiJIUzI1NiIsInR5cCI6IkpXVCJ9.eyJpZFVzZXIiOjEsInR5cGVVc2VyIjoyLCJlbWFpbFVzZXIiOiJlbG9kaWUuYmVydGhhdWRAZXBpdGVjaC5ldSIsImlkRWNvbGUiOjEsImlhdCI6MTU1NzM5MzkzNiwiZXhwIjoxNTU3OTk4NzM2fQ.qH989pfsou8BHxF7gsWFz3Ca2Xy17o7SuaFL27_iHEY', 'web'),
(18, 2, 'eyJhbGciOiJIUzI1NiIsInR5cCI6IkpXVCJ9.eyJpZFVzZXIiOjIsInR5cGVVc2VyIjoxLCJlbWFpbFVzZXIiOiJsYXVyaWFuZS5mb3VyY2FkZUBzbWdsLmZyIiwiaWRFY29sZSI6MSwiaWF0IjoxNTU3Mzk0MDQ5LCJleHAiOjE1NTc5OTg4NDl9._WbIyK0s-N62qjdoQLStuOEwMSKiBDUNJ1Eg-PVOs3g', 'android'),
(19, 1, 'eyJhbGciOiJIUzI1NiIsInR5cCI6IkpXVCJ9.eyJpZFVzZXIiOjEsInR5cGVVc2VyIjoyLCJlbWFpbFVzZXIiOiJlbG9kaWUuYmVydGhhdWRAZXBpdGVjaC5ldSIsImlkRWNvbGUiOjEsImlhdCI6MTU1NzM5NDM2NCwiZXhwIjoxNTU3OTk5MTY0fQ.MJV5TJoxD8GONfAihDZxUM5nX34srqyUGsdcbBymMRg', 'web'),
(20, 1, 'eyJhbGciOiJIUzI1NiIsInR5cCI6IkpXVCJ9.eyJpZFVzZXIiOjEsInR5cGVVc2VyIjoyLCJlbWFpbFVzZXIiOiJlbG9kaWUuYmVydGhhdWRAZXBpdGVjaC5ldSIsImlkRWNvbGUiOjEsImlhdCI6MTU1NzM5NDg1NSwiZXhwIjoxNTU3OTk5NjU1fQ.mZW_GK8-7WUWG1ST5cbMy9xIA5Rn1LJ7jSb2vMTfGWs', 'web'),
(21, 2, 'eyJhbGciOiJIUzI1NiIsInR5cCI6IkpXVCJ9.eyJpZFVzZXIiOjIsInR5cGVVc2VyIjoxLCJlbWFpbFVzZXIiOiJsYXVyaWFuZS5mb3VyY2FkZUBzbWdsLmZyIiwiaWRFY29sZSI6MSwiaWF0IjoxNTU3Mzk0ODczLCJleHAiOjE1NTc5OTk2NzN9.bc3rNwWxJy6eCgDTq-tMNbp2-iHwW21YyRDyEGF-gJA', 'android'),
(22, 2, 'eyJhbGciOiJIUzI1NiIsInR5cCI6IkpXVCJ9.eyJpZFVzZXIiOjIsInR5cGVVc2VyIjoxLCJlbWFpbFVzZXIiOiJsYXVyaWFuZS5mb3VyY2FkZUBzbWdsLmZyIiwiaWRFY29sZSI6MSwiaWF0IjoxNTU3Mzk1MDA3LCJleHAiOjE1NTc5OTk4MDd9.-TVfaxPUFTz3UjnthIi7kLKzBpL9mGphmFquIj3DtBQ', 'android'),
(23, 2, 'eyJhbGciOiJIUzI1NiIsInR5cCI6IkpXVCJ9.eyJpZFVzZXIiOjIsInR5cGVVc2VyIjoxLCJlbWFpbFVzZXIiOiJsYXVyaWFuZUBzbWdsLmZyIiwiaWRFY29sZSI6MSwiaWF0IjoxNTU3Mzk1NDQyLCJleHAiOjE1NTgwMDAyNDJ9.Zcg1TtkH7TcG3yDKD-MVyNWq3nItRhed-S60HaVo_Sk', 'android'),
(24, 2, 'eyJhbGciOiJIUzI1NiIsInR5cCI6IkpXVCJ9.eyJpZFVzZXIiOjIsInR5cGVVc2VyIjoxLCJlbWFpbFVzZXIiOiJsYXVyaWFuZUBzbWdsLmZyIiwiaWRFY29sZSI6MSwiaWF0IjoxNTU3Mzk1NDc5LCJleHAiOjE1NTgwMDAyNzl9.XFb3az2VsrWdxqyLlBol5pXY9jVPcDzvy5J33eHpidM', 'android'),
(25, 2, 'eyJhbGciOiJIUzI1NiIsInR5cCI6IkpXVCJ9.eyJpZFVzZXIiOjIsInR5cGVVc2VyIjoxLCJlbWFpbFVzZXIiOiJsYXVyaWFuZS5mb3VyY2FkZUBzbWdsLmZyIiwiaWRFY29sZSI6MSwiaWF0IjoxNTU3Mzk1NTkxLCJleHAiOjE1NTgwMDAzOTF9.n9qnok7YtYMlNuIeiXVtJ7R3vefSrweIpaVv4EdNYRM', 'android'),
(26, 1, 'eyJhbGciOiJIUzI1NiIsInR5cCI6IkpXVCJ9.eyJpZFVzZXIiOjEsInR5cGVVc2VyIjoyLCJlbWFpbFVzZXIiOiJlbG9kaWUuYmVydGhhdWRAZXBpdGVjaC5ldSIsImlkRWNvbGUiOjEsImlhdCI6MTU1NzM5NjM2NCwiZXhwIjoxNTU4MDAxMTY0fQ.lkhaA8Yf5FSBSq5VsRtn4jiMSR2Sq8x11jD956GC3J0', 'web'),
(27, 1, 'eyJhbGciOiJIUzI1NiIsInR5cCI6IkpXVCJ9.eyJpZFVzZXIiOjEsInR5cGVVc2VyIjoyLCJlbWFpbFVzZXIiOiJlbG9kaWUuYmVydGhhdWRAZXBpdGVjaC5ldSIsImlkRWNvbGUiOjEsImlhdCI6MTU1NzM5NjcxNywiZXhwIjoxNTU4MDAxNTE3fQ.G6XEMfMol5pdZ6fwVeo9R-bVAcvQGurl2YveCC25GuE', 'web'),
(28, 2, 'eyJhbGciOiJIUzI1NiIsInR5cCI6IkpXVCJ9.eyJpZFVzZXIiOjIsInR5cGVVc2VyIjoxLCJlbWFpbFVzZXIiOiJsYXVyaWFuZS5mb3VyY2FkZUBzbWdsLmZyIiwiaWRFY29sZSI6MSwiaWF0IjoxNTU3Mzk3MjE4LCJleHAiOjE1NTgwMDIwMTh9.Fo2LyrAjzXtiDnPT6vpjDev6_JE69MRTqZesiMx3f7k', 'android'),
(29, 1, 'eyJhbGciOiJIUzI1NiIsInR5cCI6IkpXVCJ9.eyJpZFVzZXIiOjEsInR5cGVVc2VyIjoyLCJlbWFpbFVzZXIiOiJlbG9kaWUuYmVydGhhdWRAZXBpdGVjaC5ldSIsImlkRWNvbGUiOjEsImlhdCI6MTU1NzM5NzU3NiwiZXhwIjoxNTU4MDAyMzc2fQ.5Wm1F3PJAVn3kZ1isW53ZZH77E7r_EuPe9UHj-B1wzE', 'web'),
(30, 1, 'eyJhbGciOiJIUzI1NiIsInR5cCI6IkpXVCJ9.eyJpZFVzZXIiOjEsInR5cGVVc2VyIjoyLCJlbWFpbFVzZXIiOiJlbG9kaWUuYmVydGhhdWRAZXBpdGVjaC5ldSIsImlkRWNvbGUiOjEsImlhdCI6MTU1NzM5NzY5OCwiZXhwIjoxNTU4MDAyNDk4fQ.Ld1gDjHy_sdtKUmRMXDCNvh_Ne0WvKKSo89neGfs1Fw', 'web'),
(31, 1, 'eyJhbGciOiJIUzI1NiIsInR5cCI6IkpXVCJ9.eyJpZFVzZXIiOjEsInR5cGVVc2VyIjoyLCJlbWFpbFVzZXIiOiJlbG9kaWUuYmVydGhhdWRAZXBpdGVjaC5ldSIsImlkRWNvbGUiOjEsImlhdCI6MTU1NzM5NzcxOSwiZXhwIjoxNTU4MDAyNTE5fQ.9pKe-q0u57ydt4WCGjcKVl7ZP1vvUWCTw1HoW0CYAtg', 'web'),
(32, 1, 'eyJhbGciOiJIUzI1NiIsInR5cCI6IkpXVCJ9.eyJpZFVzZXIiOjEsInR5cGVVc2VyIjoyLCJlbWFpbFVzZXIiOiJlbG9kaWUuYmVydGhhdWRAZXBpdGVjaC5ldSIsImlkRWNvbGUiOjEsImlhdCI6MTU1NzM5NzcyMCwiZXhwIjoxNTU4MDAyNTIwfQ.o7Udmx4xx2tT-eV13IP-QhIe0qxahQ7r-IkZT8HtkeY', 'web'),
(33, 1, 'eyJhbGciOiJIUzI1NiIsInR5cCI6IkpXVCJ9.eyJpZFVzZXIiOjEsInR5cGVVc2VyIjoyLCJlbWFpbFVzZXIiOiJlbG9kaWUuYmVydGhhdWRAZXBpdGVjaC5ldSIsImlkRWNvbGUiOjEsImlhdCI6MTU1NzM5NzcyNiwiZXhwIjoxNTU4MDAyNTI2fQ.TVDvChaEI6OuLbl0kitXUDKbly121F6PoGi9JWh7M0M', 'web'),
(34, 2, 'eyJhbGciOiJIUzI1NiIsInR5cCI6IkpXVCJ9.eyJpZFVzZXIiOjIsInR5cGVVc2VyIjoxLCJlbWFpbFVzZXIiOiJsYXVyaWFuZS5mb3VyY2FkZUBzbWdsLmZyIiwiaWRFY29sZSI6MSwiaWF0IjoxNTU3Mzk3ODAxLCJleHAiOjE1NTgwMDI2MDF9.8p2FvgUQZDyhIWBUx7mCqir0sXP1D7NjiTWei655oJc', 'android'),
(35, 1, 'eyJhbGciOiJIUzI1NiIsInR5cCI6IkpXVCJ9.eyJpZFVzZXIiOjEsInR5cGVVc2VyIjoyLCJlbWFpbFVzZXIiOiJlbG9kaWUuYmVydGhhdWRAZXBpdGVjaC5ldSIsImlkRWNvbGUiOjEsImlhdCI6MTU1NzM5ODA1NiwiZXhwIjoxNTU4MDAyODU2fQ.tISVxmcuc0udS3voUscoNazZttCzcClOGBjJ_9amjKY', 'web'),
(36, 2, 'eyJhbGciOiJIUzI1NiIsInR5cCI6IkpXVCJ9.eyJpZFVzZXIiOjIsInR5cGVVc2VyIjoxLCJlbWFpbFVzZXIiOiJsYXVyaWFuZS5mb3VyY2FkZUBzbWdsLmZyIiwiaWRFY29sZSI6MSwiaWF0IjoxNTU3Mzk4MDg1LCJleHAiOjE1NTgwMDI4ODV9.mrp7rW4zrIo9VF9CK2jxfKpYRVgt4StGsm4Taj85usc', 'android'),
(37, 2, 'eyJhbGciOiJIUzI1NiIsInR5cCI6IkpXVCJ9.eyJpZFVzZXIiOjIsInR5cGVVc2VyIjoxLCJlbWFpbFVzZXIiOiJsYXVyaWFuZS5mb3VyY2FkZUBzbWdsLmZyIiwiaWRFY29sZSI6MSwiaWF0IjoxNTU3Mzk4Mjk4LCJleHAiOjE1NTgwMDMwOTh9.jHykeN88-Mbtr9qzKdgc-yJ3dWSpw_EBge-ZkiZbWEE', 'android'),
(38, 1, 'eyJhbGciOiJIUzI1NiIsInR5cCI6IkpXVCJ9.eyJpZFVzZXIiOjEsInR5cGVVc2VyIjoyLCJlbWFpbFVzZXIiOiJlbG9kaWUuYmVydGhhdWRAZXBpdGVjaC5ldSIsImlkRWNvbGUiOjEsImlhdCI6MTU1NzM5ODM0NSwiZXhwIjoxNTU4MDAzMTQ1fQ.AAjRSyPdKY2W2fA3RBldBOP3lVQDkFu4jILnrHEAUEU', 'web'),
(39, 2, 'eyJhbGciOiJIUzI1NiIsInR5cCI6IkpXVCJ9.eyJpZFVzZXIiOjIsInR5cGVVc2VyIjoxLCJlbWFpbFVzZXIiOiJsYXVyaWFuZS5mb3VyY2FkZUBzbWdsLmZyIiwiaWRFY29sZSI6MSwiaWF0IjoxNTU3Mzk4NzU1LCJleHAiOjE1NTgwMDM1NTV9.P1EwKed0TIr-tdgz3NBxowVkC9o53_hK8RpmQQcVB9c', 'android'),
(40, 1, 'eyJhbGciOiJIUzI1NiIsInR5cCI6IkpXVCJ9.eyJpZFVzZXIiOjEsInR5cGVVc2VyIjoyLCJlbWFpbFVzZXIiOiJlbG9kaWUuYmVydGhhdWRAZXBpdGVjaC5ldSIsImlkRWNvbGUiOjEsImlhdCI6MTU1NzM5ODc2OCwiZXhwIjoxNTU4MDAzNTY4fQ.EEmjT_2TmIvtALRy_H1quQN8eKPFkYL1grEZDl3x5vQ', 'web'),
(41, 1, 'eyJhbGciOiJIUzI1NiIsInR5cCI6IkpXVCJ9.eyJpZFVzZXIiOjEsInR5cGVVc2VyIjoyLCJlbWFpbFVzZXIiOiJlbG9kaWUuYmVydGhhdWRAZXBpdGVjaC5ldSIsImlkRWNvbGUiOjEsImlhdCI6MTU1NzM5OTg0MywiZXhwIjoxNTU4MDA0NjQzfQ.781UFIUArLNSutFB924hEByJp4w9p_xHW-pZO0pYcnY', 'web'),
(42, 1, 'eyJhbGciOiJIUzI1NiIsInR5cCI6IkpXVCJ9.eyJpZFVzZXIiOjEsInR5cGVVc2VyIjoyLCJlbWFpbFVzZXIiOiJlbG9kaWUuYmVydGhhdWRAZXBpdGVjaC5ldSIsImlkRWNvbGUiOjEsImlhdCI6MTU1NzQwMDE2MywiZXhwIjoxNTU4MDA0OTYzfQ.5day-p23nIpc9iHwN2ThslnBrtyhNoP2PTsdLdr7gcY', 'web'),
(43, 18, 'eyJhbGciOiJIUzI1NiIsInR5cCI6IkpXVCJ9.eyJpZFVzZXIiOjE4LCJ0eXBlVXNlciI6MSwiZW1haWxVc2VyIjoiZWxvZGllLmJlcnRoYXVkMUBnbWFpbC5jb20iLCJpZEVjb2xlIjoxLCJpYXQiOjE1NTc0MDA5NjQsImV4cCI6MTU1ODAwNTc2NH0.4OP06YLxLSrXuL8KBr1BI8va6aM9uTQbma0PasLY06U', 'web'),
(44, 1, 'eyJhbGciOiJIUzI1NiIsInR5cCI6IkpXVCJ9.eyJpZFVzZXIiOjEsInR5cGVVc2VyIjoyLCJlbWFpbFVzZXIiOiJlbG9kaWUuYmVydGhhdWRAZXBpdGVjaC5ldSIsImlkRWNvbGUiOjEsImlhdCI6MTU1NzQwMDk5OSwiZXhwIjoxNTU4MDA1Nzk5fQ.-IKvOwGPh4e34dAsFG3meIWzlAWpk6BMCN0lP0cAPiU', 'web'),
(45, 1, 'eyJhbGciOiJIUzI1NiIsInR5cCI6IkpXVCJ9.eyJpZFVzZXIiOjEsInR5cGVVc2VyIjoyLCJlbWFpbFVzZXIiOiJlbG9kaWUuYmVydGhhdWRAZXBpdGVjaC5ldSIsImlkRWNvbGUiOjEsImlhdCI6MTU1NzQwMTgyNiwiZXhwIjoxNTU4MDA2NjI2fQ.BYc5hZv4YbMlhFAVFQ65d5S4m8XphGMu-TQGqLAvyQo', 'web'),
(46, 2, 'eyJhbGciOiJIUzI1NiIsInR5cCI6IkpXVCJ9.eyJpZFVzZXIiOjIsInR5cGVVc2VyIjoxLCJlbWFpbFVzZXIiOiJsYXVyaWFuZS5mb3VyY2FkZUBzbWdsLmZyIiwiaWRFY29sZSI6MSwiaWF0IjoxNTU3NDAyMjM5LCJleHAiOjE1NTgwMDcwMzl9.AqSB9RsvF3mLfvW2QNckjaCtNTa8heL2uVNDBTfzLPc', 'android'),
(47, 1, 'eyJhbGciOiJIUzI1NiIsInR5cCI6IkpXVCJ9.eyJpZFVzZXIiOjEsInR5cGVVc2VyIjoyLCJlbWFpbFVzZXIiOiJlbG9kaWUuYmVydGhhdWRAZXBpdGVjaC5ldSIsImlkRWNvbGUiOjEsImlhdCI6MTU1NzQwMjMyNiwiZXhwIjoxNTU4MDA3MTI2fQ.Q9-OlXY84xb0PldD5dCPZvbKrywDVT9Wy3Ju65X429o', 'web'),
(48, 1, 'eyJhbGciOiJIUzI1NiIsInR5cCI6IkpXVCJ9.eyJpZFVzZXIiOjEsInR5cGVVc2VyIjoyLCJlbWFpbFVzZXIiOiJlbG9kaWUuYmVydGhhdWRAZXBpdGVjaC5ldSIsImlkRWNvbGUiOjEsImlhdCI6MTU1NzQwMjUwOCwiZXhwIjoxNTU4MDA3MzA4fQ.HzFf1m77yIJGkZ5tbgBbYDHe6zhWUVEm_gj1vPFHLEA', 'web'),
(49, 2, 'eyJhbGciOiJIUzI1NiIsInR5cCI6IkpXVCJ9.eyJpZFVzZXIiOjIsInR5cGVVc2VyIjoxLCJlbWFpbFVzZXIiOiJsYXVyaWFuZS5mb3VyY2FkZUBzbWdsLmZyIiwiaWRFY29sZSI6MSwiaWF0IjoxNTU3NDAyODEyLCJleHAiOjE1NTgwMDc2MTJ9.x17lZRkyuKpGjeMBV-oi3qpI9hkEQMzJsRJ0ysJahOs', 'android'),
(50, 1, 'eyJhbGciOiJIUzI1NiIsInR5cCI6IkpXVCJ9.eyJpZFVzZXIiOjEsInR5cGVVc2VyIjoyLCJlbWFpbFVzZXIiOiJlbG9kaWUuYmVydGhhdWRAZXBpdGVjaC5ldSIsImlkRWNvbGUiOjEsImlhdCI6MTU1NzQwMzA5MiwiZXhwIjoxNTU4MDA3ODkyfQ.FzgaWiwarRKz01ZUnS-L4Gpm_n3jc2XLQneTWRiXKc4', 'web'),
(51, 2, 'eyJhbGciOiJIUzI1NiIsInR5cCI6IkpXVCJ9.eyJpZFVzZXIiOjIsInR5cGVVc2VyIjoxLCJlbWFpbFVzZXIiOiJsYXVyaWFuZS5mb3VyY2FkZUBzbWdsLmZyIiwiaWRFY29sZSI6MSwiaWF0IjoxNTU3NDA0NjUzLCJleHAiOjE1NTgwMDk0NTN9.MryIvksEiX__MtXDdrvaFilnvcXbJ6nwoUjEhZbiQC4', 'android'),
(52, 1, 'eyJhbGciOiJIUzI1NiIsInR5cCI6IkpXVCJ9.eyJpZFVzZXIiOjEsInR5cGVVc2VyIjoyLCJlbWFpbFVzZXIiOiJlbG9kaWUuYmVydGhhdWRAZXBpdGVjaC5ldSIsImlkRWNvbGUiOjEsImlhdCI6MTU1NzQwNDcyOSwiZXhwIjoxNTU4MDA5NTI5fQ.yz60W8TTSdlich8Rw4j0gpurk9SZrIaEghXrJ4gKv3Q', 'web'),
(53, 2, 'eyJhbGciOiJIUzI1NiIsInR5cCI6IkpXVCJ9.eyJpZFVzZXIiOjIsInR5cGVVc2VyIjoxLCJlbWFpbFVzZXIiOiJsYXVyaWFuZS5mb3VyY2FkZUBzbWdsLmZyIiwiaWRFY29sZSI6MSwiaWF0IjoxNTU3NDA1MTQ5LCJleHAiOjE1NTgwMDk5NDl9.smy7jAnWNB7Ok7hAd5SZRcVCrf9J6ezCvPqQfwTSrCQ', 'android'),
(54, 1, 'eyJhbGciOiJIUzI1NiIsInR5cCI6IkpXVCJ9.eyJpZFVzZXIiOjEsInR5cGVVc2VyIjoyLCJlbWFpbFVzZXIiOiJlbG9kaWUuYmVydGhhdWRAZXBpdGVjaC5ldSIsImlkRWNvbGUiOjEsImlhdCI6MTU1NzQwNTM2MCwiZXhwIjoxNTU4MDEwMTYwfQ.bUKlsfegW6vdayMqAAhxZa6s59HEbUpEnVQni2-I5dQ', 'web'),
(55, 2, 'eyJhbGciOiJIUzI1NiIsInR5cCI6IkpXVCJ9.eyJpZFVzZXIiOjIsInR5cGVVc2VyIjoxLCJlbWFpbFVzZXIiOiJsYXVyaWFuZS5mb3VyY2FkZUBzbWdsLmZyIiwiaWRFY29sZSI6MSwiaWF0IjoxNTU3NDA1NDMxLCJleHAiOjE1NTgwMTAyMzF9.z13kUxz82qL8tqAMn0Uk3pVjfn1Tzpb30hH42xnsG6I', 'android'),
(56, 1, 'eyJhbGciOiJIUzI1NiIsInR5cCI6IkpXVCJ9.eyJpZFVzZXIiOjEsInR5cGVVc2VyIjoyLCJlbWFpbFVzZXIiOiJlbG9kaWUuYmVydGhhdWRAZXBpdGVjaC5ldSIsImlkRWNvbGUiOjEsImlhdCI6MTU1NzQwNTQ0NiwiZXhwIjoxNTU4MDEwMjQ2fQ.jumbLxNoQtmVAiKIR-2Tx5QGcig5K-qdZeS5NPo_SHE', 'web'),
(57, 2, 'eyJhbGciOiJIUzI1NiIsInR5cCI6IkpXVCJ9.eyJpZFVzZXIiOjIsInR5cGVVc2VyIjoxLCJlbWFpbFVzZXIiOiJsYXVyaWFuZS5mb3VyY2FkZUBzbWdsLmZyIiwiaWRFY29sZSI6MSwiaWF0IjoxNTU3NDA1NTMzLCJleHAiOjE1NTgwMTAzMzN9.t4M0KmSVKhwrnJm67VlVkW_QzOYnxM0Repp14MPmXus', 'android'),
(58, 1, 'eyJhbGciOiJIUzI1NiIsInR5cCI6IkpXVCJ9.eyJpZFVzZXIiOjEsInR5cGVVc2VyIjoyLCJlbWFpbFVzZXIiOiJlbG9kaWUuYmVydGhhdWRAZXBpdGVjaC5ldSIsImlkRWNvbGUiOjEsImlhdCI6MTU1NzQwNTkyMiwiZXhwIjoxNTU4MDEwNzIyfQ.BbODoL7eUXf8rRi2RSsCSO6dTHMX_NWYJfQYcz5h_lQ', 'web'),
(59, 2, 'eyJhbGciOiJIUzI1NiIsInR5cCI6IkpXVCJ9.eyJpZFVzZXIiOjIsInR5cGVVc2VyIjoxLCJlbWFpbFVzZXIiOiJsYXVyaWFuZS5mb3VyY2FkZUBzbWdsLmZyIiwiaWRFY29sZSI6MSwiaWF0IjoxNTU3NDA1OTc1LCJleHAiOjE1NTgwMTA3NzV9.NJ3r0JUoB6_mTalZqQm-BaPbb8BsjraRgj7zBRp6FPY', 'android'),
(60, 1, 'eyJhbGciOiJIUzI1NiIsInR5cCI6IkpXVCJ9.eyJpZFVzZXIiOjEsInR5cGVVc2VyIjoyLCJlbWFpbFVzZXIiOiJlbG9kaWUuYmVydGhhdWRAZXBpdGVjaC5ldSIsImlkRWNvbGUiOjEsImlhdCI6MTU1NzQwNjE1NiwiZXhwIjoxNTU4MDEwOTU2fQ.Jvlm1p2GrLndmSDYqPg9UpyvQ_O4xpFxZrRBkyZA_Fg', 'web'),
(61, 2, 'eyJhbGciOiJIUzI1NiIsInR5cCI6IkpXVCJ9.eyJpZFVzZXIiOjIsInR5cGVVc2VyIjoxLCJlbWFpbFVzZXIiOiJsYXVyaWFuZS5mb3VyY2FkZUBzbWdsLmZyIiwiaWRFY29sZSI6MSwiaWF0IjoxNTU3NDA2NDcwLCJleHAiOjE1NTgwMTEyNzB9.33TOHVu5AZZeKaKtrxYk4SJ5pNv2ZneZE6uNYKgA5lI', 'android'),
(62, 2, 'eyJhbGciOiJIUzI1NiIsInR5cCI6IkpXVCJ9.eyJpZFVzZXIiOjIsInR5cGVVc2VyIjoxLCJlbWFpbFVzZXIiOiJsYXVyaWFuZS5mb3VyY2FkZUBzbWdsLmZyIiwiaWRFY29sZSI6MSwiaWF0IjoxNTU3NDA2NzM4LCJleHAiOjE1NTgwMTE1Mzh9.-LE3xmKhPJldHIssvhzRj-3KA94nDnTLOiS__NsKlRw', 'android'),
(63, 2, 'eyJhbGciOiJIUzI1NiIsInR5cCI6IkpXVCJ9.eyJpZFVzZXIiOjIsInR5cGVVc2VyIjoxLCJlbWFpbFVzZXIiOiJsYXVyaWFuZS5mb3VyY2FkZUBzbWdsLmZyIiwiaWRFY29sZSI6MSwiaWF0IjoxNTU3NDA2ODk1LCJleHAiOjE1NTgwMTE2OTV9.fDPiWRK_gyI8cCROLQ9kqMxtmx8i1YtaPVccUKaBGA0', 'android'),
(64, 2, 'eyJhbGciOiJIUzI1NiIsInR5cCI6IkpXVCJ9.eyJpZFVzZXIiOjIsInR5cGVVc2VyIjoxLCJlbWFpbFVzZXIiOiJsYXVyaWFuZS5mb3VyY2FkZUBzbWdsLmZyIiwiaWRFY29sZSI6MSwiaWF0IjoxNTU3NDA3MzIyLCJleHAiOjE1NTgwMTIxMjJ9.XdPxS7Aqx63Y0c4EyathFS2xXW6TA30vWsKb2Ws-Fxg', 'android'),
(65, 1, 'eyJhbGciOiJIUzI1NiIsInR5cCI6IkpXVCJ9.eyJpZFVzZXIiOjEsInR5cGVVc2VyIjoyLCJlbWFpbFVzZXIiOiJlbG9kaWUuYmVydGhhdWRAZXBpdGVjaC5ldSIsImlkRWNvbGUiOjEsImlhdCI6MTU1NzQwNzY3MCwiZXhwIjoxNTU4MDEyNDcwfQ.ADNqAJR9A53v4d4OB5Ut_6wZoRZPVnwrsAQSluXGD9E', 'web'),
(66, 1, 'eyJhbGciOiJIUzI1NiIsInR5cCI6IkpXVCJ9.eyJpZFVzZXIiOjEsInR5cGVVc2VyIjoyLCJlbWFpbFVzZXIiOiJlbG9kaWUuYmVydGhhdWRAZXBpdGVjaC5ldSIsImlkRWNvbGUiOjEsImlhdCI6MTU1NzQwNzY5NywiZXhwIjoxNTU4MDEyNDk3fQ.9wDcazhMlhA6WASQuJ2ihij2eVDUYMtof_LU-6W7IMU', 'web'),
(67, 2, 'eyJhbGciOiJIUzI1NiIsInR5cCI6IkpXVCJ9.eyJpZFVzZXIiOjIsInR5cGVVc2VyIjoxLCJlbWFpbFVzZXIiOiJsYXVyaWFuZS5mb3VyY2FkZUBzbWdsLmZyIiwiaWRFY29sZSI6MSwiaWF0IjoxNTU3NDA3ODEzLCJleHAiOjE1NTgwMTI2MTN9.MyEpiWG79dgvn_MR1jXNbO20IKU5cEGvyJsF2EC8GSI', 'android'),
(68, 1, 'eyJhbGciOiJIUzI1NiIsInR5cCI6IkpXVCJ9.eyJpZFVzZXIiOjEsInR5cGVVc2VyIjoyLCJlbWFpbFVzZXIiOiJlbG9kaWUuYmVydGhhdWRAZXBpdGVjaC5ldSIsImlkRWNvbGUiOjEsImlhdCI6MTU1NzQwNzgyNywiZXhwIjoxNTU4MDEyNjI3fQ.ukI8Nm49IzyP3lL9aMcaQsSL51xf0pZ2fwLlOpWB46U', 'web'),
(69, 1, 'eyJhbGciOiJIUzI1NiIsInR5cCI6IkpXVCJ9.eyJpZFVzZXIiOjEsInR5cGVVc2VyIjoyLCJlbWFpbFVzZXIiOiJlbG9kaWUuYmVydGhhdWRAZXBpdGVjaC5ldSIsImlkRWNvbGUiOjEsImlhdCI6MTU1NzQwNzkzNCwiZXhwIjoxNTU4MDEyNzM0fQ.VVIRNZ7jhj_7Z5OisLIs61Xrn413t9JxeBK9B6p-hdc', 'web'),
(70, 2, 'eyJhbGciOiJIUzI1NiIsInR5cCI6IkpXVCJ9.eyJpZFVzZXIiOjIsInR5cGVVc2VyIjoxLCJlbWFpbFVzZXIiOiJsYXVyaWFuZS5mb3VyY2FkZUBzbWdsLmZyIiwiaWRFY29sZSI6MSwiaWF0IjoxNTU3NDA4MzAwLCJleHAiOjE1NTgwMTMxMDB9.JuRbawEGAkazke7I_oQP9qDDVIDmVtttvx-3M52FOiw', 'android'),
(71, 2, 'eyJhbGciOiJIUzI1NiIsInR5cCI6IkpXVCJ9.eyJpZFVzZXIiOjIsInR5cGVVc2VyIjoxLCJlbWFpbFVzZXIiOiJsYXVyaWFuZS5mb3VyY2FkZUBzbWdsLmZyIiwiaWRFY29sZSI6MSwiaWF0IjoxNTU3NDA4MzEzLCJleHAiOjE1NTgwMTMxMTN9.XFJhp-H7EsPmv-Uo5FDyQ2zX5juTttBO62dktpZldYM', 'android'),
(72, 1, 'eyJhbGciOiJIUzI1NiIsInR5cCI6IkpXVCJ9.eyJpZFVzZXIiOjEsInR5cGVVc2VyIjoyLCJlbWFpbFVzZXIiOiJlbG9kaWUuYmVydGhhdWRAZXBpdGVjaC5ldSIsImlkRWNvbGUiOjEsImlhdCI6MTU1NzQwOTIxOCwiZXhwIjoxNTU4MDE0MDE4fQ.88X8temXhWBXTv_sMMCarF8HNqisO4ROZey9tSJBZbQ', 'web'),
(73, 19, 'eyJhbGciOiJIUzI1NiIsInR5cCI6IkpXVCJ9.eyJpZFVzZXIiOjE5LCJ0eXBlVXNlciI6MSwiZW1haWxVc2VyIjoiZ3VpbGxhdW1lLnNhaW50Lmp1c3QuZWlwQGdtYWlsLmNvbSIsImlkRWNvbGUiOjEsImlhdCI6MTU1NzQwOTM3NywiZXhwIjoxNTU4MDE0MTc3fQ._kOdj3iCxwpHlyGbbrro0LXOloqeXC8NNPLIKRIIkoI', 'web'),
(74, 19, 'eyJhbGciOiJIUzI1NiIsInR5cCI6IkpXVCJ9.eyJpZFVzZXIiOjE5LCJ0eXBlVXNlciI6MSwiZW1haWxVc2VyIjoiZ3VpbGxhdW1lLnNhaW50Lmp1c3QuZWlwQGdtYWlsLmNvbSIsImlkRWNvbGUiOjEsImlhdCI6MTU1NzQwOTQyNCwiZXhwIjoxNTU4MDE0MjI0fQ.WVyw4UwwzotDhCFxC15OObBBfzSMfVI-GG-b3c4289s', 'web'),
(75, 1, 'eyJhbGciOiJIUzI1NiIsInR5cCI6IkpXVCJ9.eyJpZFVzZXIiOjEsInR5cGVVc2VyIjoyLCJlbWFpbFVzZXIiOiJlbG9kaWUuYmVydGhhdWRAZXBpdGVjaC5ldSIsImlkRWNvbGUiOjEsImlhdCI6MTU1NzQwOTQ1NCwiZXhwIjoxNTU4MDE0MjU0fQ.1hsnA-NhUzxSBwCOfRKAhZ0GtmdynlrGvqk7-m1fOm8', 'web'),
(76, 1, 'eyJhbGciOiJIUzI1NiIsInR5cCI6IkpXVCJ9.eyJpZFVzZXIiOjEsInR5cGVVc2VyIjoyLCJlbWFpbFVzZXIiOiJlbG9kaWUuYmVydGhhdWRAZXBpdGVjaC5ldSIsImlkRWNvbGUiOjEsImlhdCI6MTU1ODc5ODMzNywiZXhwIjoxNTU5NDAzMTM3fQ.2uIoseF8ZfhnGjP-riFLJtA71isxZF_g04voJUAdKxg', 'web'),
(77, 1, 'eyJhbGciOiJIUzI1NiIsInR5cCI6IkpXVCJ9.eyJpZFVzZXIiOjEsInR5cGVVc2VyIjoyLCJlbWFpbFVzZXIiOiJlbG9kaWUuYmVydGhhdWRAZXBpdGVjaC5ldSIsImlkRWNvbGUiOjEsImlhdCI6MTU1OTY0NTMyOCwiZXhwIjoxNTYwMjUwMTI4fQ.ACji17lJk7XwjtZgA07tuFnwOATGwXSHuIa5MQXxNNc', 'web'),
(78, 1, 'eyJhbGciOiJIUzI1NiIsInR5cCI6IkpXVCJ9.eyJpZFVzZXIiOjEsInR5cGVVc2VyIjoyLCJlbWFpbFVzZXIiOiJlbG9kaWUuYmVydGhhdWRAZXBpdGVjaC5ldSIsImlkRWNvbGUiOjEsImlhdCI6MTU2MDQxODI5OSwiZXhwIjoxNTYxMDIzMDk5fQ.xsqxQ23utiSVYqZT3cTCdlsdzwyCxH8SsZlkm0_sOyI', 'web'),
(79, 18, 'eyJhbGciOiJIUzI1NiIsInR5cCI6IkpXVCJ9.eyJpZFVzZXIiOjE4LCJ0eXBlVXNlciI6MSwiZW1haWxVc2VyIjoiZWxvZGllLmJlcnRoYXVkMUBnbWFpbC5jb20iLCJpZEVjb2xlIjoxLCJpYXQiOjE1NjIxNDYwMzAsImV4cCI6MTU2Mjc1MDgzMH0.FAefrE7r4eBRWhG3_u-nqIw0Y-zqGP5SoQvsGEaJre8', 'web'),
(80, 18, 'eyJhbGciOiJIUzI1NiIsInR5cCI6IkpXVCJ9.eyJpZFVzZXIiOjE4LCJ0eXBlVXNlciI6MSwiZW1haWxVc2VyIjoiZWxvZGllLmJlcnRoYXVkMUBnbWFpbC5jb20iLCJpZEVjb2xlIjoxLCJpYXQiOjE1NjIxNDYzODAsImV4cCI6MTU2Mjc1MTE4MH0.UgOWCc6FletAPX9bxEA0RGU_2voxjQriXCKscyHdmgc', 'web'),
(81, 1, 'eyJhbGciOiJIUzI1NiIsInR5cCI6IkpXVCJ9.eyJpZFVzZXIiOjEsInR5cGVVc2VyIjoyLCJlbWFpbFVzZXIiOiJlbG9kaWUuYmVydGhhdWRAZXBpdGVjaC5ldSIsImlkRWNvbGUiOjEsImlhdCI6MTU2MjE0NjQxMiwiZXhwIjoxNTYyNzUxMjEyfQ.6NJCRTM41D6mlTA3zLyC-Q4TTx7st9TLFDxI5G4d2oI', 'web'),
(82, 1, 'eyJhbGciOiJIUzI1NiIsInR5cCI6IkpXVCJ9.eyJpZFVzZXIiOjEsInR5cGVVc2VyIjoyLCJlbWFpbFVzZXIiOiJlbG9kaWUuYmVydGhhdWRAZXBpdGVjaC5ldSIsImlkRWNvbGUiOjEsImlhdCI6MTU2MjE0ODk1MywiZXhwIjoxNTYyNzUzNzUzfQ.KFmahqPMB9GcHTSWzT6z8LRXNGcpbVEZVdOooUeDv2c', 'web'),
(83, 1, 'eyJhbGciOiJIUzI1NiIsInR5cCI6IkpXVCJ9.eyJpZFVzZXIiOjEsInR5cGVVc2VyIjoyLCJlbWFpbFVzZXIiOiJlbG9kaWUuYmVydGhhdWRAZXBpdGVjaC5ldSIsImlkRWNvbGUiOjEsImlhdCI6MTU2MjIzMjczMywiZXhwIjoxNTYyODM3NTMzfQ.snZ8p9qLRqw24E23tNznWxW99ohLC-PEJoqstHeMIGc', 'web'),
(84, 1, 'eyJhbGciOiJIUzI1NiIsInR5cCI6IkpXVCJ9.eyJpZFVzZXIiOjEsInR5cGVVc2VyIjoyLCJlbWFpbFVzZXIiOiJlbG9kaWUuYmVydGhhdWRAZXBpdGVjaC5ldSIsImlkRWNvbGUiOjEsImlhdCI6MTU2MjIzMjgxOSwiZXhwIjoxNTYyODM3NjE5fQ.yYxcG17nPbPvIZWmuzTbYDKnC1sf0UvhRs26JawnVME', 'web'),
(85, 1, 'eyJhbGciOiJIUzI1NiIsInR5cCI6IkpXVCJ9.eyJpZFVzZXIiOjEsInR5cGVVc2VyIjoyLCJlbWFpbFVzZXIiOiJlbG9kaWUuYmVydGhhdWRAZXBpdGVjaC5ldSIsImlkRWNvbGUiOjEsImlhdCI6MTU2MjIzNDIzNSwiZXhwIjoxNTYyODM5MDM1fQ.ha1HWXYZUYYB4U5RL0K1kVZY0t1hzuJgDYLNJ3fgT34', 'web'),
(86, 1, 'eyJhbGciOiJIUzI1NiIsInR5cCI6IkpXVCJ9.eyJpZFVzZXIiOjEsInR5cGVVc2VyIjoyLCJlbWFpbFVzZXIiOiJlbG9kaWUuYmVydGhhdWRAZXBpdGVjaC5ldSIsImlkRWNvbGUiOjEsImlhdCI6MTU2MjIzNDMzNiwiZXhwIjoxNTYyODM5MTM2fQ.AdDF-OdY7obiJpYFgsvBMWMLrzt382JifJkUW03A9Fc', 'web'),
(87, 1, 'eyJhbGciOiJIUzI1NiIsInR5cCI6IkpXVCJ9.eyJpZFVzZXIiOjEsInR5cGVVc2VyIjoyLCJlbWFpbFVzZXIiOiJlbG9kaWUuYmVydGhhdWRAZXBpdGVjaC5ldSIsImlkRWNvbGUiOjEsImlhdCI6MTU2MjIzNDM4MiwiZXhwIjoxNTYyODM5MTgyfQ.8dnQ7syOPfbTRWmbqCBZYRSTU_ByIYJK89VU8zxAREo', 'web'),
(88, 1, 'eyJhbGciOiJIUzI1NiIsInR5cCI6IkpXVCJ9.eyJpZFVzZXIiOjEsInR5cGVVc2VyIjoyLCJlbWFpbFVzZXIiOiJlbG9kaWUuYmVydGhhdWRAZXBpdGVjaC5ldSIsImlkRWNvbGUiOjEsImlhdCI6MTU2MjIzNDYyNSwiZXhwIjoxNTYyODM5NDI1fQ.42f5q93WQyAVl6mX6I4CDVLkAcc1QVsB5pe2aZmk4dI', 'web'),
(89, 1, 'eyJhbGciOiJIUzI1NiIsInR5cCI6IkpXVCJ9.eyJpZFVzZXIiOjEsInR5cGVVc2VyIjoyLCJlbWFpbFVzZXIiOiJlbG9kaWUuYmVydGhhdWRAZXBpdGVjaC5ldSIsImlkRWNvbGUiOjEsImlhdCI6MTU2MjIzNDY2NCwiZXhwIjoxNTYyODM5NDY0fQ.MBAcpdZRiNyo2B_Mkg_PS4Ukjxcj66N-rawsgfSkj3Q', 'web'),
(90, 1, 'eyJhbGciOiJIUzI1NiIsInR5cCI6IkpXVCJ9.eyJpZFVzZXIiOjEsInR5cGVVc2VyIjoyLCJlbWFpbFVzZXIiOiJlbG9kaWUuYmVydGhhdWRAZXBpdGVjaC5ldSIsImlkRWNvbGUiOjEsImlhdCI6MTU2MjIzNjgxMiwiZXhwIjoxNTYyODQxNjEyfQ.1imGf-0Rvoc3JPZjxbeZMP0o-9ArMQ6a3mPNhW15tKg', 'web'),
(91, 1, 'eyJhbGciOiJIUzI1NiIsInR5cCI6IkpXVCJ9.eyJpZFVzZXIiOjEsInR5cGVVc2VyIjoyLCJlbWFpbFVzZXIiOiJlbG9kaWUuYmVydGhhdWRAZXBpdGVjaC5ldSIsImlkRWNvbGUiOjEsImlhdCI6MTU2MjIzNjkwMCwiZXhwIjoxNTYyODQxNzAwfQ.RucGkACkv2Vz20295DtBbmdBzm9SD5fpyCwhlAbtN10', 'web'),
(92, 18, 'eyJhbGciOiJIUzI1NiIsInR5cCI6IkpXVCJ9.eyJpZFVzZXIiOjE4LCJ0eXBlVXNlciI6MSwiZW1haWxVc2VyIjoiZWxvZGllLmJlcnRoYXVkMUBnbWFpbC5jb20iLCJpZEVjb2xlIjoxLCJpYXQiOjE1NjIyNDgzMTYsImV4cCI6MTU2Mjg1MzExNn0.g90o-stc6K00D8mNrfuVGJastet-nq3R291KTtsYYeU', 'web'),
(93, 1, 'eyJhbGciOiJIUzI1NiIsInR5cCI6IkpXVCJ9.eyJpZFVzZXIiOjEsInR5cGVVc2VyIjoyLCJlbWFpbFVzZXIiOiJlbG9kaWUuYmVydGhhdWRAZXBpdGVjaC5ldSIsImlkRWNvbGUiOjEsImlhdCI6MTU2MjI0ODMzMywiZXhwIjoxNTYyODUzMTMzfQ.33mTNmW5TDHQm3mL-aXjzes8xr7EnALw7AMCJYuQeQQ', 'web'),
(94, 5, 'eyJhbGciOiJIUzI1NiIsInR5cCI6IkpXVCJ9.eyJpZFVzZXIiOjUsInR5cGVVc2VyIjo0LCJlbWFpbFVzZXIiOiJoZXJzZW50aW5vQGdtYWlsLmNvbSIsImlkRWNvbGUiOjEsImlhdCI6MTU2MjI3NjM1MSwiZXhwIjoxNTYyODgxMTUxfQ.EAmZBW6MWGQGaI7XTtah-oyr9645OCq61v85bRpuB3Q', 'web'),
(95, 1, 'eyJhbGciOiJIUzI1NiIsInR5cCI6IkpXVCJ9.eyJpZFVzZXIiOjEsInR5cGVVc2VyIjoyLCJlbWFpbFVzZXIiOiJlbG9kaWUuYmVydGhhdWRAZXBpdGVjaC5ldSIsImlkRWNvbGUiOjEsImlhdCI6MTU2MjMxMzYzMCwiZXhwIjoxNTYyOTE4NDMwfQ.zla4MmGRT5EkNecQOXbNMPNRLZIjoPO6h4J60HZuPXU', 'web'),
(96, 1, 'eyJhbGciOiJIUzI1NiIsInR5cCI6IkpXVCJ9.eyJpZFVzZXIiOjEsInR5cGVVc2VyIjoyLCJlbWFpbFVzZXIiOiJlbG9kaWUuYmVydGhhdWRAZXBpdGVjaC5ldSIsImlkRWNvbGUiOjEsImlhdCI6MTU2MjMxMzY5MiwiZXhwIjoxNTYyOTE4NDkyfQ.U9a12HHyb4S44RpPRmYifDVG3AYfWM8SlTlEwi9oQ7Q', 'web'),
(97, 1, 'eyJhbGciOiJIUzI1NiIsInR5cCI6IkpXVCJ9.eyJpZFVzZXIiOjEsInR5cGVVc2VyIjoyLCJlbWFpbFVzZXIiOiJlbG9kaWUuYmVydGhhdWRAZXBpdGVjaC5ldSIsImlkRWNvbGUiOjEsImlhdCI6MTU2MjMxMzc0OSwiZXhwIjoxNTYyOTE4NTQ5fQ.0HRbq9FQ1uQlx0m_x1tv1uTZdnt4llKq6ixWwrwD41c', 'web'),
(98, 1, 'eyJhbGciOiJIUzI1NiIsInR5cCI6IkpXVCJ9.eyJpZFVzZXIiOjEsInR5cGVVc2VyIjoyLCJlbWFpbFVzZXIiOiJlbG9kaWUuYmVydGhhdWRAZXBpdGVjaC5ldSIsImlkRWNvbGUiOjEsImlhdCI6MTU2MjMyMzQ4MywiZXhwIjoxNTYyOTI4MjgzfQ.N2EMX3Nant2vuL_oBnd2pxqFqjsfvtTUy_nGcj2DRfw', 'web'),
(99, 1, 'eyJhbGciOiJIUzI1NiIsInR5cCI6IkpXVCJ9.eyJpZFVzZXIiOjEsInR5cGVVc2VyIjoyLCJlbWFpbFVzZXIiOiJlbG9kaWUuYmVydGhhdWRAZXBpdGVjaC5ldSIsImlkRWNvbGUiOjEsImlhdCI6MTU2MjMyMzUxNSwiZXhwIjoxNTYyOTI4MzE1fQ.lbO6VKb8zNTxMjcEQt3JKT_V5hkLMC9LoyVa_RWWb9g', 'web'),
(100, 1, 'eyJhbGciOiJIUzI1NiIsInR5cCI6IkpXVCJ9.eyJpZFVzZXIiOjEsInR5cGVVc2VyIjoyLCJlbWFpbFVzZXIiOiJlbG9kaWUuYmVydGhhdWRAZXBpdGVjaC5ldSIsImlkRWNvbGUiOjEsImlhdCI6MTU2MjMyMzYxNiwiZXhwIjoxNTYyOTI4NDE2fQ.8CjwBwM4fPYUMHidrP-1vD3qYZmURp2UvITAKsGQ040', 'web'),
(101, 1, 'eyJhbGciOiJIUzI1NiIsInR5cCI6IkpXVCJ9.eyJpZFVzZXIiOjEsInR5cGVVc2VyIjoyLCJlbWFpbFVzZXIiOiJlbG9kaWUuYmVydGhhdWRAZXBpdGVjaC5ldSIsImlkRWNvbGUiOjEsImlhdCI6MTU2MjMyMzY0NywiZXhwIjoxNTYyOTI4NDQ3fQ.oaC1YgNO6q-jN6Dr0DzAWBkWV4VJ6b6CITMvwm6N8CA', 'web'),
(102, 1, 'eyJhbGciOiJIUzI1NiIsInR5cCI6IkpXVCJ9.eyJpZFVzZXIiOjEsInR5cGVVc2VyIjoyLCJlbWFpbFVzZXIiOiJlbG9kaWUuYmVydGhhdWRAZXBpdGVjaC5ldSIsImlkRWNvbGUiOjEsImlhdCI6MTU2MjMyNzMyOSwiZXhwIjoxNTYyOTMyMTI5fQ.tXMUuhvz7s9ne6yTqjZqoLYbj3JGVpoS3lYK-K38z8I', 'web'),
(103, 18, 'eyJhbGciOiJIUzI1NiIsInR5cCI6IkpXVCJ9.eyJpZFVzZXIiOjE4LCJ0eXBlVXNlciI6MSwiZW1haWxVc2VyIjoiZWxvZGllLmJlcnRoYXVkMUBnbWFpbC5jb20iLCJpZEVjb2xlIjoxLCJpYXQiOjE1NjIzMjk2NzcsImV4cCI6MTU2MjkzNDQ3N30.y9YRPm_Z2NQq5aX_xHISy7-mPOb367hC7rf8tLkcuqA', 'web'),
(104, 1, 'eyJhbGciOiJIUzI1NiIsInR5cCI6IkpXVCJ9.eyJpZFVzZXIiOjEsInR5cGVVc2VyIjoyLCJlbWFpbFVzZXIiOiJlbG9kaWUuYmVydGhhdWRAZXBpdGVjaC5ldSIsImlkRWNvbGUiOjEsImlhdCI6MTU2MjMyOTY5OCwiZXhwIjoxNTYyOTM0NDk4fQ.dBDv25QAyfBsSGfz0cv4ECPCEL9WWXSm7hghQQycME0', 'web'),
(105, 18, 'eyJhbGciOiJIUzI1NiIsInR5cCI6IkpXVCJ9.eyJpZFVzZXIiOjE4LCJ0eXBlVXNlciI6MSwiZW1haWxVc2VyIjoiZWxvZGllLmJlcnRoYXVkMUBnbWFpbC5jb20iLCJpZEVjb2xlIjoxLCJpYXQiOjE1NjI3NzMwNDAsImV4cCI6MTU2MzM3Nzg0MH0.o5gGGicBLtWNdiDOfEyafrNfz76pYa-cxYejg8Kjpqc', 'web'),
(106, 1, 'eyJhbGciOiJIUzI1NiIsInR5cCI6IkpXVCJ9.eyJpZFVzZXIiOjEsInR5cGVVc2VyIjoyLCJlbWFpbFVzZXIiOiJlbG9kaWUuYmVydGhhdWRAZXBpdGVjaC5ldSIsImlkRWNvbGUiOjEsImlhdCI6MTU2Mjc3MzI2NCwiZXhwIjoxNTYzMzc4MDY0fQ._PlHrGmonIe7UXCB6adpXN5k7hoILTaqDUTNzk2S2qQ', 'web'),
(107, 1, 'eyJhbGciOiJIUzI1NiIsInR5cCI6IkpXVCJ9.eyJpZFVzZXIiOjEsInR5cGVVc2VyIjoyLCJlbWFpbFVzZXIiOiJlbG9kaWUuYmVydGhhdWRAZXBpdGVjaC5ldSIsImlkRWNvbGUiOjEsImlhdCI6MTU2MzAzOTMwMiwiZXhwIjoxNTYzNjQ0MTAyfQ.wO822Auuock2qq0rOdgOuRx8-A6ggM0GgKe3lJom-kQ', 'web'),
(108, 1, 'eyJhbGciOiJIUzI1NiIsInR5cCI6IkpXVCJ9.eyJpZFVzZXIiOjEsInR5cGVVc2VyIjoyLCJlbWFpbFVzZXIiOiJlbG9kaWUuYmVydGhhdWRAZXBpdGVjaC5ldSIsImlkRWNvbGUiOjEsImlhdCI6MTU2NDA2MDQ2NCwiZXhwIjoxNTY0NjY1MjY0fQ.hyHH17hgTKB_QsPlRa81zfrGOMBgingGvCa1uohNCAY', 'web'),
(109, 1, 'eyJhbGciOiJIUzI1NiIsInR5cCI6IkpXVCJ9.eyJpZFVzZXIiOjEsInR5cGVVc2VyIjoyLCJlbWFpbFVzZXIiOiJlbG9kaWUuYmVydGhhdWRAZXBpdGVjaC5ldSIsImlkRWNvbGUiOjEsImlhdCI6MTU2NDQxODE4NiwiZXhwIjoxNTY1MDIyOTg2fQ.-MxVRImpyk_ehREh5gfGlgadbgRtxDC1nCvZOJj0kVY', 'web'),
(110, 1, 'eyJhbGciOiJIUzI1NiIsInR5cCI6IkpXVCJ9.eyJpZFVzZXIiOjEsInR5cGVVc2VyIjoyLCJlbWFpbFVzZXIiOiJlbG9kaWUuYmVydGhhdWRAZXBpdGVjaC5ldSIsImlkRWNvbGUiOjEsImlhdCI6MTU2NDQ5MDA4OCwiZXhwIjoxNTY1MDk0ODg4fQ.9dCaGCOEoWHMawI2Idz7Y2l48PvsrnVtIJF0E-hBd8g', 'web'),
(111, 1, 'eyJhbGciOiJIUzI1NiIsInR5cCI6IkpXVCJ9.eyJpZFVzZXIiOjEsInR5cGVVc2VyIjoyLCJlbWFpbFVzZXIiOiJlbG9kaWUuYmVydGhhdWRAZXBpdGVjaC5ldSIsImlkRWNvbGUiOjEsImlhdCI6MTU2NDU4ODg4MywiZXhwIjoxNTY1MTkzNjgzfQ.TlMEgRxdOxadOWbXEdtfpN9plfQK-RYH-06xvZiicJ0', 'web'),
(112, 1, 'eyJhbGciOiJIUzI1NiIsInR5cCI6IkpXVCJ9.eyJpZFVzZXIiOjEsInR5cGVVc2VyIjoyLCJlbWFpbFVzZXIiOiJlbG9kaWUuYmVydGhhdWRAZXBpdGVjaC5ldSIsImlkRWNvbGUiOjEsImlhdCI6MTU2NDU4OTExMiwiZXhwIjoxNTY1MTkzOTEyfQ.7DyFL9pwNTjZsoqKvFsnK_VS56vbmt1sWZHyhEHukyI', 'web'),
(113, 1, 'eyJhbGciOiJIUzI1NiIsInR5cCI6IkpXVCJ9.eyJpZFVzZXIiOjEsInR5cGVVc2VyIjoyLCJlbWFpbFVzZXIiOiJlbG9kaWUuYmVydGhhdWRAZXBpdGVjaC5ldSIsImlkRWNvbGUiOjEsImlhdCI6MTU2NDU4OTU0OSwiZXhwIjoxNTY1MTk0MzQ5fQ.4gKLdBSFukdhrYhYuoNLeJ3GBSrw6M7ZHvKVQcjoB2k', 'web'),
(114, 1, 'eyJhbGciOiJIUzI1NiIsInR5cCI6IkpXVCJ9.eyJpZFVzZXIiOjEsInR5cGVVc2VyIjoyLCJlbWFpbFVzZXIiOiJlbG9kaWUuYmVydGhhdWRAZXBpdGVjaC5ldSIsImlkRWNvbGUiOjEsImlhdCI6MTU2NDcwNTA0MiwiZXhwIjoxNTY1MzA5ODQyfQ.fLbc7WQLbxp1fnT2nYgm2kjcZVz1W3ljo2G70ubDqxA', 'web'),
(115, 18, 'eyJhbGciOiJIUzI1NiIsInR5cCI6IkpXVCJ9.eyJpZFVzZXIiOjE4LCJ0eXBlVXNlciI6MSwiZW1haWxVc2VyIjoiZWxvZGllLmJlcnRoYXVkMUBnbWFpbC5jb20iLCJpZEVjb2xlIjoxLCJpYXQiOjE1NjQ3MDU0NjEsImV4cCI6MTU2NTMxMDI2MX0.HzsRGxSYekCDG_3Rvjnw8QAjZMt6YQDp_Ay98xOjvek', 'web'),
(116, 1, 'eyJhbGciOiJIUzI1NiIsInR5cCI6IkpXVCJ9.eyJpZFVzZXIiOjEsInR5cGVVc2VyIjoyLCJlbWFpbFVzZXIiOiJlbG9kaWUuYmVydGhhdWRAZXBpdGVjaC5ldSIsImlkRWNvbGUiOjEsImlhdCI6MTU2NDcwNTU4NSwiZXhwIjoxNTY1MzEwMzg1fQ.oKqqj38kAUV4WVlwsOS4zU_FT0U1ILd6QI9liMX1Pm4', 'web'),
(117, 18, 'eyJhbGciOiJIUzI1NiIsInR5cCI6IkpXVCJ9.eyJpZFVzZXIiOjE4LCJ0eXBlVXNlciI6MSwiZW1haWxVc2VyIjoiZWxvZGllLmJlcnRoYXVkMUBnbWFpbC5jb20iLCJpZEVjb2xlIjoxLCJpYXQiOjE1NjQ3MDU2MjIsImV4cCI6MTU2NTMxMDQyMn0.C5S2TZB01VL-PlP5BSdQLYymkJ8yvoASHJMChzaHYUI', 'web'),
(118, 1, 'eyJhbGciOiJIUzI1NiIsInR5cCI6IkpXVCJ9.eyJpZFVzZXIiOjEsInR5cGVVc2VyIjoyLCJlbWFpbFVzZXIiOiJlbG9kaWUuYmVydGhhdWRAZXBpdGVjaC5ldSIsImlkRWNvbGUiOjEsImlhdCI6MTU2NTAwMDEwNywiZXhwIjoxNTY1NjA0OTA3fQ.JnQ6ZallYShYhiPpy5LS5obSXngyKHNssHjhypSEssw', 'web'),
(119, 1, 'eyJhbGciOiJIUzI1NiIsInR5cCI6IkpXVCJ9.eyJpZFVzZXIiOjEsInR5cGVVc2VyIjoyLCJlbWFpbFVzZXIiOiJlbG9kaWUuYmVydGhhdWRAZXBpdGVjaC5ldSIsImlkRWNvbGUiOjEsImlhdCI6MTU2NTAwNTU4NiwiZXhwIjoxNTY1NjEwMzg2fQ.JuQyiu7JZ6iayRMw1Kg5tF5sAuoKIWyx401nQORSWFs', 'web'),
(120, 1, 'eyJhbGciOiJIUzI1NiIsInR5cCI6IkpXVCJ9.eyJpZFVzZXIiOjEsInR5cGVVc2VyIjoyLCJlbWFpbFVzZXIiOiJlbG9kaWUuYmVydGhhdWRAZXBpdGVjaC5ldSIsImlkRWNvbGUiOjEsImlhdCI6MTU2NTA5NTQ2OCwiZXhwIjoxNTY1NzAwMjY4fQ.ABeBY_jjbVi0INvvTRVVQQJOUzrLXZuJNUhbZzoFYNg', 'web'),
(121, 1, 'eyJhbGciOiJIUzI1NiIsInR5cCI6IkpXVCJ9.eyJpZFVzZXIiOjEsInR5cGVVc2VyIjoyLCJlbWFpbFVzZXIiOiJlbG9kaWUuYmVydGhhdWRAZXBpdGVjaC5ldSIsImlkRWNvbGUiOjEsImlhdCI6MTU2NTA5NTUwMywiZXhwIjoxNTY1NzAwMzAzfQ.237J90lFqSJxR_SRayctPIAeM6ioOie_g6NeQ9AjNLs', 'web'),
(122, 1, 'eyJhbGciOiJIUzI1NiIsInR5cCI6IkpXVCJ9.eyJpZFVzZXIiOjEsInR5cGVVc2VyIjoyLCJlbWFpbFVzZXIiOiJlbG9kaWUuYmVydGhhdWRAZXBpdGVjaC5ldSIsImlkRWNvbGUiOjEsImlhdCI6MTU2NTA5OTM4NiwiZXhwIjoxNTY1NzA0MTg2fQ.ZSHfly2F1Gxk13vWlW3GmI_D5RBvO_Y0O7WuMWFEoW4', 'web'),
(123, 1, 'eyJhbGciOiJIUzI1NiIsInR5cCI6IkpXVCJ9.eyJpZFVzZXIiOjEsInR5cGVVc2VyIjoyLCJlbWFpbFVzZXIiOiJlbG9kaWUuYmVydGhhdWRAZXBpdGVjaC5ldSIsImlkRWNvbGUiOjEsImlhdCI6MTU2NTEwMTQ4NywiZXhwIjoxNTY1NzA2Mjg3fQ.7pMr9v5Dti8_r4lQC7COn8cetOTcAPyotqtfsqK_AZU', 'web'),
(124, 0, 'eyJhbGciOiJIUzI1NiIsInR5cCI6IkpXVCJ9.eyJpZFVzZXIiOjAsInR5cGVVc2VyIjo0LCJlbWFpbFVzZXIiOiJibGFua0BibGFuay5jb20iLCJpZEVjb2xlIjoxLCJpYXQiOjE1NjUxMzI0NDksImV4cCI6MTU2NTczNzI0OX0.RxoiNMVzO4yU53ArENXUQEPUUDDzijKqQtYBwnpZUCk', 'web'),
(125, 1, 'eyJhbGciOiJIUzI1NiIsInR5cCI6IkpXVCJ9.eyJpZFVzZXIiOjEsInR5cGVVc2VyIjoyLCJlbWFpbFVzZXIiOiJlbG9kaWUuYmVydGhhdWRAZXBpdGVjaC5ldSIsImlkRWNvbGUiOjEsImlhdCI6MTU2NTYxMjkzNywiZXhwIjoxNTY2MjE3NzM3fQ.B6sqmBkZLpoy-uMoj8cgS16Y7gO2QQqD6kBBpoy9sTQ', 'web'),
(126, 21, 'eyJhbGciOiJIUzI1NiIsInR5cCI6IkpXVCJ9.eyJpZFVzZXIiOjIxLCJ0eXBlVXNlciI6MSwiZW1haWxVc2VyIjoibWF4ZW5jZS5sYXVxdWVAZXBpdGVjaC5ldSIsImlkRWNvbGUiOjEsImlhdCI6MTU2NTYxOTU3NCwiZXhwIjoxNTY2MjI0Mzc0fQ.kk7svHOaQc51S3Fb41jitim7oqG8lbF_BsX3WKk6YRI', 'web'),
(127, 1, 'eyJhbGciOiJIUzI1NiIsInR5cCI6IkpXVCJ9.eyJpZFVzZXIiOjEsInR5cGVVc2VyIjoyLCJlbWFpbFVzZXIiOiJlbG9kaWUuYmVydGhhdWRAZXBpdGVjaC5ldSIsImlkRWNvbGUiOjEsImlhdCI6MTU2NTYyMTE5MCwiZXhwIjoxNTY2MjI1OTkwfQ.oV9NCwXSBEKS-wZ3HDSPlxYvB-sHZWSO7cF9OrCnFSw', 'web'),
(128, 21, 'eyJhbGciOiJIUzI1NiIsInR5cCI6IkpXVCJ9.eyJpZFVzZXIiOjIxLCJ0eXBlVXNlciI6MSwiZW1haWxVc2VyIjoibWF4ZW5jZS5sYXVxdWVAZXBpdGVjaC5ldSIsImlkRWNvbGUiOjEsImlhdCI6MTU2NTYyMTI2NiwiZXhwIjoxNTY2MjI2MDY2fQ.TVyVJYvi-LKJejjHXHfeMQ_7lRGo6W-6fpzFDMrB-n4', 'web'),
(129, 1, 'eyJhbGciOiJIUzI1NiIsInR5cCI6IkpXVCJ9.eyJpZFVzZXIiOjEsInR5cGVVc2VyIjoyLCJlbWFpbFVzZXIiOiJlbG9kaWUuYmVydGhhdWRAZXBpdGVjaC5ldSIsImlkRWNvbGUiOjEsImlhdCI6MTU2NTYyNjIwMiwiZXhwIjoxNTY2MjMxMDAyfQ.q3KqMIJMMvx-MwLtlxXU_GUI6KXcKtht6rRen5xY3XQ', 'web'),
(130, 21, 'eyJhbGciOiJIUzI1NiIsInR5cCI6IkpXVCJ9.eyJpZFVzZXIiOjIxLCJ0eXBlVXNlciI6MSwiZW1haWxVc2VyIjoibWF4ZW5jZS5sYXVxdWVAZXBpdGVjaC5ldSIsImlkRWNvbGUiOjEsImlhdCI6MTU2NTYyNjIzNywiZXhwIjoxNTY2MjMxMDM3fQ.cGxFswsGWBeZmSipIjiA4ltXkeQuS8erjzo8NpN3AFo', 'web'),
(131, 1, 'eyJhbGciOiJIUzI1NiIsInR5cCI6IkpXVCJ9.eyJpZFVzZXIiOjEsInR5cGVVc2VyIjoyLCJlbWFpbFVzZXIiOiJlbG9kaWUuYmVydGhhdWRAZXBpdGVjaC5ldSIsImlkRWNvbGUiOjEsImlhdCI6MTU2NTcxMDExNiwiZXhwIjoxNTY2MzE0OTE2fQ.-gyh611bZKhPGqTUEhU6NddqWcdQTBwXRdjL3ZrJUk8', 'web'),
(132, 5, 'eyJhbGciOiJIUzI1NiIsInR5cCI6IkpXVCJ9.eyJpZFVzZXIiOjUsInR5cGVVc2VyIjo0LCJlbWFpbFVzZXIiOiJoZXJzZW50aW5vQGdtYWlsLmNvbSIsImlkRWNvbGUiOjEsImlhdCI6MTU2NTcxNzkxOSwiZXhwIjoxNTY2MzIyNzE5fQ.0_dMQ2QABOvnyIgyS3namcUNI1q0tgi3uj3ylU4lRMo', 'web'),
(133, 5, 'eyJhbGciOiJIUzI1NiIsInR5cCI6IkpXVCJ9.eyJpZFVzZXIiOjUsInR5cGVVc2VyIjo0LCJlbWFpbFVzZXIiOiJoZXJzZW50aW5vQGdtYWlsLmNvbSIsImlkRWNvbGUiOjEsImlhdCI6MTU2NTcxODUwNiwiZXhwIjoxNTY2MzIzMzA2fQ.xZ2pYgcQRyW0y6zyw0gK86ypIw4Aozy4wCBRxMCqAbI', 'web'),
(134, 5, 'eyJhbGciOiJIUzI1NiIsInR5cCI6IkpXVCJ9.eyJpZFVzZXIiOjUsInR5cGVVc2VyIjo0LCJlbWFpbFVzZXIiOiJoZXJzZW50aW5vQGdtYWlsLmNvbSIsImlkRWNvbGUiOjEsImlhdCI6MTU2NTcxODU1NiwiZXhwIjoxNTY2MzIzMzU2fQ.E7p3PMqiaDzEJQFcVa4FYQf1cZniscxXs-vHvuoNd_M', 'web'),
(135, 1, 'eyJhbGciOiJIUzI1NiIsInR5cCI6IkpXVCJ9.eyJpZFVzZXIiOjEsInR5cGVVc2VyIjoyLCJlbWFpbFVzZXIiOiJlbG9kaWUuYmVydGhhdWRAZXBpdGVjaC5ldSIsImlkRWNvbGUiOjEsImlhdCI6MTU2NTc4NjE2MCwiZXhwIjoxNTY2MzkwOTYwfQ.N0Z0lFJFZeheaj4MvXv0A4NjG-WC5tjsaHUbXpRP1-o', 'web'),
(136, 1, 'eyJhbGciOiJIUzI1NiIsInR5cCI6IkpXVCJ9.eyJpZFVzZXIiOjEsInR5cGVVc2VyIjoyLCJlbWFpbFVzZXIiOiJlbG9kaWUuYmVydGhhdWRAZXBpdGVjaC5ldSIsImlkRWNvbGUiOjEsImlhdCI6MTU2NTc4NjQ2MywiZXhwIjoxNTY2MzkxMjYzfQ.a1DnVTwIFvD2-Ls2Lad__nDwQ-2HU4gR2sKV-TMB4z4', 'web'),
(137, 18, 'eyJhbGciOiJIUzI1NiIsInR5cCI6IkpXVCJ9.eyJpZFVzZXIiOjE4LCJ0eXBlVXNlciI6MSwiZW1haWxVc2VyIjoiZWxvZGllLmJlcnRoYXVkMUBnbWFpbC5jb20iLCJpZEVjb2xlIjoxLCJpYXQiOjE1NjU3ODY3ODgsImV4cCI6MTU2NjM5MTU4OH0._fuClrE_Q2Yh9FiyciDBrFOyEe-EktLzLV3lLqKjZsY', 'web'),
(138, 1, 'eyJhbGciOiJIUzI1NiIsInR5cCI6IkpXVCJ9.eyJpZFVzZXIiOjEsInR5cGVVc2VyIjoyLCJlbWFpbFVzZXIiOiJlbG9kaWUuYmVydGhhdWRAZXBpdGVjaC5ldSIsImlkRWNvbGUiOjEsImlhdCI6MTU2NTc4ODc4OSwiZXhwIjoxNTY2MzkzNTg5fQ.GJAxOW_-rHPISFrG02_u6nMD-QAMjdGzBeunlRBVETs', 'web'),
(139, 18, 'eyJhbGciOiJIUzI1NiIsInR5cCI6IkpXVCJ9.eyJpZFVzZXIiOjE4LCJ0eXBlVXNlciI6MSwiZW1haWxVc2VyIjoiZWxvZGllLmJlcnRoYXVkMUBnbWFpbC5jb20iLCJpZEVjb2xlIjoxLCJpYXQiOjE1NjU3ODk3NzIsImV4cCI6MTU2NjM5NDU3Mn0.i0srkAM0TBW_EXgBaaVGNkuIKzmkV7z8c82bDuEOCOE', 'web'),
(140, 2, 'eyJhbGciOiJIUzI1NiIsInR5cCI6IkpXVCJ9.eyJpZFVzZXIiOjIsInR5cGVVc2VyIjoxLCJlbWFpbFVzZXIiOiJsYXVyaWFuZS5mb3VyY2FkZUBzbWdsLmZyIiwiaWRFY29sZSI6MSwiaWF0IjoxNTY1Nzg5ODM0LCJleHAiOjE1NjYzOTQ2MzR9.cE9MmGiQ-sKalswWrfhbTEQ1Ro36mIe6wPnH1ceeSs0', 'android'),
(141, 1, 'eyJhbGciOiJIUzI1NiIsInR5cCI6IkpXVCJ9.eyJpZFVzZXIiOjEsInR5cGVVc2VyIjoyLCJlbWFpbFVzZXIiOiJlbG9kaWUuYmVydGhhdWRAZXBpdGVjaC5ldSIsImlkRWNvbGUiOjEsImlhdCI6MTU2NTc4OTg4NSwiZXhwIjoxNTY2Mzk0Njg1fQ.JRw_EBP1tHTZb7lGyRudvQnD6YV-BE-7f886OZ5T99U', 'web'),
(142, 2, 'eyJhbGciOiJIUzI1NiIsInR5cCI6IkpXVCJ9.eyJpZFVzZXIiOjIsInR5cGVVc2VyIjoxLCJlbWFpbFVzZXIiOiJsYXVyaWFuZS5mb3VyY2FkZUBzbWdsLmZyIiwiaWRFY29sZSI6MSwiaWF0IjoxNTY1NzkxMDE0LCJleHAiOjE1NjYzOTU4MTR9.cARondfTTUPiZVSelffK8HJynZO3TBFK611__5HSex0', 'android'),
(143, 1, 'eyJhbGciOiJIUzI1NiIsInR5cCI6IkpXVCJ9.eyJpZFVzZXIiOjEsInR5cGVVc2VyIjoyLCJlbWFpbFVzZXIiOiJlbG9kaWUuYmVydGhhdWRAZXBpdGVjaC5ldSIsImlkRWNvbGUiOjEsImlhdCI6MTU2NTc5MTMyNSwiZXhwIjoxNTY2Mzk2MTI1fQ.2BwmQ66hVxljUmD31ePRsqMv6J0onpTEy5q4gYmYAKE', 'web'),
(144, 2, 'eyJhbGciOiJIUzI1NiIsInR5cCI6IkpXVCJ9.eyJpZFVzZXIiOjIsInR5cGVVc2VyIjoxLCJlbWFpbFVzZXIiOiJsYXVyaWFuZS5mb3VyY2FkZUBzbWdsLmZyIiwiaWRFY29sZSI6MSwiaWF0IjoxNTY1ODcxNTQ1LCJleHAiOjE1NjY0NzYzNDV9.eiVQ2EPLe1bB8R2tbPVZsu9Vbms1slyKlNNprudHfV8', 'android'),
(145, 5, 'eyJhbGciOiJIUzI1NiIsInR5cCI6IkpXVCJ9.eyJpZFVzZXIiOjUsInR5cGVVc2VyIjo0LCJlbWFpbFVzZXIiOiJoZXJzZW50aW5vQGdtYWlsLmNvbSIsImlkRWNvbGUiOjEsImlhdCI6MTU2NTkxODMyMiwiZXhwIjoxNTY2NTIzMTIyfQ.pTTlS-fOpzV1hmdWwinjZONzKpuDqBHKOD3Mjcabb2M', 'web'),
(146, 5, 'eyJhbGciOiJIUzI1NiIsInR5cCI6IkpXVCJ9.eyJpZFVzZXIiOjUsInR5cGVVc2VyIjo0LCJlbWFpbFVzZXIiOiJoZXJzZW50aW5vQGdtYWlsLmNvbSIsImlkRWNvbGUiOjEsImlhdCI6MTU2NjA0NTM2MiwiZXhwIjoxNTY2NjUwMTYyfQ.sCA6OhcSM1sMSZLz3QnjGcH_60dQhqyobLklL7WQrZk', 'web'),
(147, 5, 'eyJhbGciOiJIUzI1NiIsInR5cCI6IkpXVCJ9.eyJpZFVzZXIiOjUsInR5cGVVc2VyIjo0LCJlbWFpbFVzZXIiOiJoZXJzZW50aW5vQGdtYWlsLmNvbSIsImlkRWNvbGUiOjEsImlhdCI6MTU2NjA0NTk2NiwiZXhwIjoxNTY2NjUwNzY2fQ.XzJ4RiVcNEFVss-IrdD7q-h2Sdt1k4lglKlkbjh-60Y', 'web'),
(148, 21, 'eyJhbGciOiJIUzI1NiIsInR5cCI6IkpXVCJ9.eyJpZFVzZXIiOjIxLCJ0eXBlVXNlciI6MSwiZW1haWxVc2VyIjoibWF4ZW5jZS5sYXVxdWVAZXBpdGVjaC5ldSIsImlkRWNvbGUiOjEsImlhdCI6MTU2NjA0Nzc5NiwiZXhwIjoxNTY2NjUyNTk2fQ.m8Aa_64NNwdhbR_RlUqOQKL-TUmzUQy8aLEDkXaLxaU', 'web'),
(149, 21, 'eyJhbGciOiJIUzI1NiIsInR5cCI6IkpXVCJ9.eyJpZFVzZXIiOjIxLCJ0eXBlVXNlciI6MSwiZW1haWxVc2VyIjoibWF4ZW5jZS5sYXVxdWVAZXBpdGVjaC5ldSIsImlkRWNvbGUiOjEsImlhdCI6MTU2NjA2MjAzMCwiZXhwIjoxNTY2NjY2ODMwfQ.rV1UmF5x7P5GVFXlU3sK4JigtbDyCTh6LBhEzSjVZ5A', 'web'),
(150, 1, 'eyJhbGciOiJIUzI1NiIsInR5cCI6IkpXVCJ9.eyJpZFVzZXIiOjEsInR5cGVVc2VyIjoyLCJlbWFpbFVzZXIiOiJlbG9kaWUuYmVydGhhdWRAZXBpdGVjaC5ldSIsImlkRWNvbGUiOjEsImlhdCI6MTU2NjEzNjEwMywiZXhwIjoxNTY2NzQwOTAzfQ.kY9Yqs_v6pufZPx0tOexyCxK_EhsDBUTWWp5WVoM0pM', 'web'),
(151, 21, 'eyJhbGciOiJIUzI1NiIsInR5cCI6IkpXVCJ9.eyJpZFVzZXIiOjIxLCJ0eXBlVXNlciI6MSwiZW1haWxVc2VyIjoibWF4ZW5jZS5sYXVxdWVAZXBpdGVjaC5ldSIsImlkRWNvbGUiOjEsImlhdCI6MTU2NjE0NTMxNCwiZXhwIjoxNTY2NzUwMTE0fQ.wNKZ9E46RXpoCRIMIkSlLKJMQmJeFnI7WniygoY1ymQ', 'web'),
(152, 1, 'eyJhbGciOiJIUzI1NiIsInR5cCI6IkpXVCJ9.eyJpZFVzZXIiOjEsInR5cGVVc2VyIjoyLCJlbWFpbFVzZXIiOiJlbG9kaWUuYmVydGhhdWRAZXBpdGVjaC5ldSIsImlkRWNvbGUiOjEsImlhdCI6MTU2NjE0NTM3NywiZXhwIjoxNTY2NzUwMTc3fQ.6gxKja48ENaLdDs0J4dlGENq3EiWFC6l7B_uAJbHGhM', 'web'),
(153, 21, 'eyJhbGciOiJIUzI1NiIsInR5cCI6IkpXVCJ9.eyJpZFVzZXIiOjIxLCJ0eXBlVXNlciI6MSwiZW1haWxVc2VyIjoibWF4ZW5jZS5sYXVxdWVAZXBpdGVjaC5ldSIsImlkRWNvbGUiOjEsImlhdCI6MTU2NjE0NTc5NywiZXhwIjoxNTY2NzUwNTk3fQ.bX7zkb7Sz9woHHEhq9fie1FWz6oKpgCyFnqThMtzvDw', 'web'),
(154, 1, 'eyJhbGciOiJIUzI1NiIsInR5cCI6IkpXVCJ9.eyJpZFVzZXIiOjEsInR5cGVVc2VyIjoyLCJlbWFpbFVzZXIiOiJlbG9kaWUuYmVydGhhdWRAZXBpdGVjaC5ldSIsImlkRWNvbGUiOjEsImlhdCI6MTU2NjE0NTgyOCwiZXhwIjoxNTY2NzUwNjI4fQ.ZaqdrLgX_brV5I21qIUWo_LimSIADPrbJwBCW5cm1z0', 'web'),
(155, 1, 'eyJhbGciOiJIUzI1NiIsInR5cCI6IkpXVCJ9.eyJpZFVzZXIiOjEsInR5cGVVc2VyIjoyLCJlbWFpbFVzZXIiOiJlbG9kaWUuYmVydGhhdWRAZXBpdGVjaC5ldSIsImlkRWNvbGUiOjEsImlhdCI6MTU2NjMyOTYzMSwiZXhwIjoxNTY2OTM0NDMxfQ.W12VLgSX_4rxN6SFW-BqFpcr0omMOIxtlStDrvn0TSA', 'web'),
(156, 1, 'eyJhbGciOiJIUzI1NiIsInR5cCI6IkpXVCJ9.eyJpZFVzZXIiOjEsInR5cGVVc2VyIjoyLCJlbWFpbFVzZXIiOiJlbG9kaWUuYmVydGhhdWRAZXBpdGVjaC5ldSIsImlkRWNvbGUiOjEsImlhdCI6MTU2NjMzMDMxMiwiZXhwIjoxNTY2OTM1MTEyfQ.OKzGw39KUeaENylVpnc8HSwocfWW2BhJvrTVQKi8yqM', 'web'),
(157, 1, 'eyJhbGciOiJIUzI1NiIsInR5cCI6IkpXVCJ9.eyJpZFVzZXIiOjEsInR5cGVVc2VyIjoyLCJlbWFpbFVzZXIiOiJlbG9kaWUuYmVydGhhdWRAZXBpdGVjaC5ldSIsImlkRWNvbGUiOjEsImlhdCI6MTU2NjMzMTQ3MCwiZXhwIjoxNTY2OTM2MjcwfQ.HWD6509mzyUp8kRyQEv6LKUhfxH61Xz7BhAsKZQFKxE', 'web'),
(158, 1, 'eyJhbGciOiJIUzI1NiIsInR5cCI6IkpXVCJ9.eyJpZFVzZXIiOjEsInR5cGVVc2VyIjoyLCJlbWFpbFVzZXIiOiJlbG9kaWUuYmVydGhhdWRAZXBpdGVjaC5ldSIsImlkRWNvbGUiOjEsImlhdCI6MTU2NjMzMTY4NywiZXhwIjoxNTY2OTM2NDg3fQ.mPNmciDMBFjsOVOX54-HY275yisZFwJ-YumCbNRiZTw', 'web'),
(159, 1, 'eyJhbGciOiJIUzI1NiIsInR5cCI6IkpXVCJ9.eyJpZFVzZXIiOjEsInR5cGVVc2VyIjoyLCJlbWFpbFVzZXIiOiJlbG9kaWUuYmVydGhhdWRAZXBpdGVjaC5ldSIsImlkRWNvbGUiOjEsImlhdCI6MTU2NjMzMjUwNSwiZXhwIjoxNTY2OTM3MzA1fQ.bizyOlrvcgQEp53m4dsquZfQnltPF5Y-6AF3FfdLwww', 'web'),
(160, 1, 'eyJhbGciOiJIUzI1NiIsInR5cCI6IkpXVCJ9.eyJpZFVzZXIiOjEsInR5cGVVc2VyIjoyLCJlbWFpbFVzZXIiOiJlbG9kaWUuYmVydGhhdWRAZXBpdGVjaC5ldSIsImlkRWNvbGUiOjEsImlhdCI6MTU2NjMzMjYxMywiZXhwIjoxNTY2OTM3NDEzfQ.Q-ahamP28YPW9dFpty9AapijapTDPb0sqi1JFalIwr4', 'web'),
(161, 1, 'eyJhbGciOiJIUzI1NiIsInR5cCI6IkpXVCJ9.eyJpZFVzZXIiOjEsInR5cGVVc2VyIjoyLCJlbWFpbFVzZXIiOiJlbG9kaWUuYmVydGhhdWRAZXBpdGVjaC5ldSIsImlkRWNvbGUiOjEsImlhdCI6MTU2NjMzMjY3OSwiZXhwIjoxNTY2OTM3NDc5fQ.Gg-qMrmlH0Tnl8RqQMxuhZTyY9p205TVW1R2rDN8hHc', 'web'),
(162, 5, 'eyJhbGciOiJIUzI1NiIsInR5cCI6IkpXVCJ9.eyJpZFVzZXIiOjUsInR5cGVVc2VyIjo0LCJlbWFpbFVzZXIiOiJoZXJzZW50aW5vQGdtYWlsLmNvbSIsImlkRWNvbGUiOjEsImlhdCI6MTU2NjQwMDg1NSwiZXhwIjoxNTY3MDA1NjU1fQ.654pmz4w4xOQCCmwshQtApzZNsXVzixM2Wm8yGAjhWA', 'web'),
(163, 5, 'eyJhbGciOiJIUzI1NiIsInR5cCI6IkpXVCJ9.eyJpZFVzZXIiOjUsInR5cGVVc2VyIjo0LCJlbWFpbFVzZXIiOiJoZXJzZW50aW5vQGdtYWlsLmNvbSIsImlkRWNvbGUiOjEsImlhdCI6MTU2NjQ2NjAwMywiZXhwIjoxNTY3MDcwODAzfQ.Grx09LWApSSFn8Dponx6GeX1Y6em-ekUI89kMPIarfk', 'web'),
(164, 1, 'eyJhbGciOiJIUzI1NiIsInR5cCI6IkpXVCJ9.eyJpZFVzZXIiOjEsInR5cGVVc2VyIjoyLCJlbWFpbFVzZXIiOiJlbG9kaWUuYmVydGhhdWRAZXBpdGVjaC5ldSIsImlkRWNvbGUiOjEsImlhdCI6MTU2NjU1MzkzNiwiZXhwIjoxNTY3MTU4NzM2fQ.PnSzQrowXkdEat4DkpZSNg-q7MsnyATZXksAH4boT6Y', 'web'),
(165, 1, 'eyJhbGciOiJIUzI1NiIsInR5cCI6IkpXVCJ9.eyJpZFVzZXIiOjEsInR5cGVVc2VyIjoyLCJlbWFpbFVzZXIiOiJlbG9kaWUuYmVydGhhdWRAZXBpdGVjaC5ldSIsImlkRWNvbGUiOjEsImlhdCI6MTU2NjU1NDMwNCwiZXhwIjoxNTY3MTU5MTA0fQ.BfkBYedY-nsDKqRUC-mpr7vSl22yJEP-ayk9ksMnsXs', 'web'),
(166, 1, 'eyJhbGciOiJIUzI1NiIsInR5cCI6IkpXVCJ9.eyJpZFVzZXIiOjEsInR5cGVVc2VyIjoyLCJlbWFpbFVzZXIiOiJlbG9kaWUuYmVydGhhdWRAZXBpdGVjaC5ldSIsImlkRWNvbGUiOjEsImlhdCI6MTU2NjU4OTU4OSwiZXhwIjoxNTY3MTk0Mzg5fQ.-28VAQhzdxLnGEUsTYu4KtGNNhdGYIRiWfDBC9frVs8', 'web'),
(167, 1, 'eyJhbGciOiJIUzI1NiIsInR5cCI6IkpXVCJ9.eyJpZFVzZXIiOjEsInR5cGVVc2VyIjoyLCJlbWFpbFVzZXIiOiJlbG9kaWUuYmVydGhhdWRAZXBpdGVjaC5ldSIsImlkRWNvbGUiOjEsImlhdCI6MTU2NjU5OTczMSwiZXhwIjoxNTY3MjA0NTMxfQ.G6v30aQcZ-RDqd7K5YmP5xt1Aih5mdUPmcSXue9gGsI', 'web'),
(168, 1, 'eyJhbGciOiJIUzI1NiIsInR5cCI6IkpXVCJ9.eyJpZFVzZXIiOjEsInR5cGVVc2VyIjoyLCJlbWFpbFVzZXIiOiJlbG9kaWUuYmVydGhhdWRAZXBpdGVjaC5ldSIsImlkRWNvbGUiOjEsImlhdCI6MTU2NjU5OTc5NywiZXhwIjoxNTY3MjA0NTk3fQ.oA_WzOu5SdBgHBCfafMakO7jTmKoHiZPVhbRE4XpUUc', 'web'),
(169, 1, 'eyJhbGciOiJIUzI1NiIsInR5cCI6IkpXVCJ9.eyJpZFVzZXIiOjEsInR5cGVVc2VyIjoyLCJlbWFpbFVzZXIiOiJlbG9kaWUuYmVydGhhdWRAZXBpdGVjaC5ldSIsImlkRWNvbGUiOjEsImlhdCI6MTU2NjY2MjQyMiwiZXhwIjoxNTY3MjY3MjIyfQ.DeCDPek1t6ndquVjen1QrFAt8mVCH8iMXmaX74mRy-g', 'web'),
(170, 1, 'eyJhbGciOiJIUzI1NiIsInR5cCI6IkpXVCJ9.eyJpZFVzZXIiOjEsInR5cGVVc2VyIjoyLCJlbWFpbFVzZXIiOiJlbG9kaWUuYmVydGhhdWRAZXBpdGVjaC5ldSIsImlkRWNvbGUiOjEsImlhdCI6MTU2NjY3NzA2MiwiZXhwIjoxNTY3MjgxODYyfQ.hPJhvM418xARxrJvtCC_6aoJM7CGFkfpJG1wfYpm5aY', 'web'),
(171, 1, 'eyJhbGciOiJIUzI1NiIsInR5cCI6IkpXVCJ9.eyJpZFVzZXIiOjEsInR5cGVVc2VyIjoyLCJlbWFpbFVzZXIiOiJlbG9kaWUuYmVydGhhdWRAZXBpdGVjaC5ldSIsImlkRWNvbGUiOjEsImlhdCI6MTU2NjgyOTE4OSwiZXhwIjoxNTY3NDMzOTg5fQ.QreRFrhnq9OcfSU6hMR23A3bPsy_sRQu_YDYV_4p6YM', 'web'),
(172, 1, 'eyJhbGciOiJIUzI1NiIsInR5cCI6IkpXVCJ9.eyJpZFVzZXIiOjEsInR5cGVVc2VyIjoyLCJlbWFpbFVzZXIiOiJlbG9kaWUuYmVydGhhdWRAZXBpdGVjaC5ldSIsImlkRWNvbGUiOjEsImlhdCI6MTU2NjgyOTI2NCwiZXhwIjoxNTY3NDM0MDY0fQ.gCBMhMcIILGFKsAY4nMWX3JiRlFiW9lEQ0qPj-opptA', 'web'),
(173, 18, 'eyJhbGciOiJIUzI1NiIsInR5cCI6IkpXVCJ9.eyJpZFVzZXIiOjE4LCJ0eXBlVXNlciI6MSwiZW1haWxVc2VyIjoiZWxvZGllLmJlcnRoYXVkMUBnbWFpbC5jb20iLCJpZEVjb2xlIjoxLCJpYXQiOjE1NjY4MjkzOTgsImV4cCI6MTU2NzQzNDE5OH0.7SpwhJxe3sIDwto9vgclR43RbpJL6ERAxcBNxm8vHYo', 'web'),
(174, 1, 'eyJhbGciOiJIUzI1NiIsInR5cCI6IkpXVCJ9.eyJpZFVzZXIiOjEsInR5cGVVc2VyIjoyLCJlbWFpbFVzZXIiOiJlbG9kaWUuYmVydGhhdWRAZXBpdGVjaC5ldSIsImlkRWNvbGUiOjEsImlhdCI6MTU2NjgyOTUzMSwiZXhwIjoxNTY3NDM0MzMxfQ.hRDYP0ZBiVNs0sMN4TS8Hhu_qmrGaktF6FTngQ81rB4', 'web'),
(175, 18, 'eyJhbGciOiJIUzI1NiIsInR5cCI6IkpXVCJ9.eyJpZFVzZXIiOjE4LCJ0eXBlVXNlciI6MSwiZW1haWxVc2VyIjoiZWxvZGllLmJlcnRoYXVkMUBnbWFpbC5jb20iLCJpZEVjb2xlIjoxLCJpYXQiOjE1NjY4Mjk1ODAsImV4cCI6MTU2NzQzNDM4MH0.gzoEGUVvbVH9fvA600cBORWtbHppC1LH4pBXXdM7y04', 'web'),
(176, 18, 'eyJhbGciOiJIUzI1NiIsInR5cCI6IkpXVCJ9.eyJpZFVzZXIiOjE4LCJ0eXBlVXNlciI6MSwiZW1haWxVc2VyIjoiZWxvZGllLmJlcnRoYXVkMUBnbWFpbC5jb20iLCJpZEVjb2xlIjoxLCJpYXQiOjE1NjY4Mjk2NzcsImV4cCI6MTU2NzQzNDQ3N30.Ixdx-VUcM714e6mWsuPw71Cxppt2D0oS4-fG17tlPDg', 'web'),
(177, 1, 'eyJhbGciOiJIUzI1NiIsInR5cCI6IkpXVCJ9.eyJpZFVzZXIiOjEsInR5cGVVc2VyIjoyLCJlbWFpbFVzZXIiOiJlbG9kaWUuYmVydGhhdWRAZXBpdGVjaC5ldSIsImlkRWNvbGUiOjEsImlhdCI6MTU2NjgyOTc4MywiZXhwIjoxNTY3NDM0NTgzfQ.BLd3hVjH0hVYq49Aaif7elKNclv_SS_ad06O8PemAWY', 'web'),
(178, 1, 'eyJhbGciOiJIUzI1NiIsInR5cCI6IkpXVCJ9.eyJpZFVzZXIiOjEsInR5cGVVc2VyIjoyLCJlbWFpbFVzZXIiOiJlbG9kaWUuYmVydGhhdWRAZXBpdGVjaC5ldSIsImlkRWNvbGUiOjEsImlhdCI6MTU2NjgzMDA3MSwiZXhwIjoxNTY3NDM0ODcxfQ.swwBevYL61BNdGuMRRvy-jo0Rvf5emVQSA3rEp71z_s', 'web'),
(179, 23, 'eyJhbGciOiJIUzI1NiIsInR5cCI6IkpXVCJ9.eyJpZFVzZXIiOjIzLCJ0eXBlVXNlciI6MSwiZW1haWxVc2VyIjoiZWxvZGllLmJlcnRoYXVkMUBnbWFpbC5jb20iLCJpZEVjb2xlIjoxLCJpYXQiOjE1NjY4MzAzNTEsImV4cCI6MTU2NzQzNTE1MX0.9db_CmAGtr8_lV7NtlrC0gAikm0jleAG34vaxNdSnU4', 'web'),
(180, 1, 'eyJhbGciOiJIUzI1NiIsInR5cCI6IkpXVCJ9.eyJpZFVzZXIiOjEsInR5cGVVc2VyIjoyLCJlbWFpbFVzZXIiOiJlbG9kaWUuYmVydGhhdWRAZXBpdGVjaC5ldSIsImlkRWNvbGUiOjEsImlhdCI6MTU2NjgzMDcxMywiZXhwIjoxNTY3NDM1NTEzfQ.UXLyB3PY9G-LSp_zv8GxhVB6JNme_wT-z2hDGSypMbo', 'web'),
(181, 1, 'eyJhbGciOiJIUzI1NiIsInR5cCI6IkpXVCJ9.eyJpZFVzZXIiOjEsInR5cGVVc2VyIjoyLCJlbWFpbFVzZXIiOiJlbG9kaWUuYmVydGhhdWRAZXBpdGVjaC5ldSIsImlkRWNvbGUiOjEsImlhdCI6MTU2NjgzMDc0NiwiZXhwIjoxNTY3NDM1NTQ2fQ.SJbHEcqqO6J1sfm_ZRlIaC5CCK97YXq1FQqIxHI6rHk', 'web'),
(182, 1, 'eyJhbGciOiJIUzI1NiIsInR5cCI6IkpXVCJ9.eyJpZFVzZXIiOjEsInR5cGVVc2VyIjoyLCJlbWFpbFVzZXIiOiJlbG9kaWUuYmVydGhhdWRAZXBpdGVjaC5ldSIsImlkRWNvbGUiOjEsImlhdCI6MTU2NjgzMDgwMywiZXhwIjoxNTY3NDM1NjAzfQ.nmoMWa8SCHkGIIQPQnXc4eUFweG19qHxnmH7Td8qnJQ', 'web'),
(183, 1, 'eyJhbGciOiJIUzI1NiIsInR5cCI6IkpXVCJ9.eyJpZFVzZXIiOjEsInR5cGVVc2VyIjoyLCJlbWFpbFVzZXIiOiJlbG9kaWUuYmVydGhhdWRAZXBpdGVjaC5ldSIsImlkRWNvbGUiOjEsImlhdCI6MTU2NjgzMTAwMCwiZXhwIjoxNTY3NDM1ODAwfQ.zYmaAFgNle5bl5adXXjdDMosnPE23ty7SXL-M82x15U', 'web'),
(184, 1, 'eyJhbGciOiJIUzI1NiIsInR5cCI6IkpXVCJ9.eyJpZFVzZXIiOjEsInR5cGVVc2VyIjoyLCJlbWFpbFVzZXIiOiJlbG9kaWUuYmVydGhhdWRAZXBpdGVjaC5ldSIsImlkRWNvbGUiOjEsImlhdCI6MTU2NjgzMTA2OSwiZXhwIjoxNTY3NDM1ODY5fQ.hz_8mBPH_Z8Cbvit7wfHleQvLTBu4h8AldCXIRK8__0', 'web'),
(185, 24, 'eyJhbGciOiJIUzI1NiIsInR5cCI6IkpXVCJ9.eyJpZFVzZXIiOjI0LCJ0eXBlVXNlciI6MSwiZW1haWxVc2VyIjoiZWxvZGllLmJlcnRoYXVkMUBnbWFpbC5jb20iLCJpZEVjb2xlIjoxLCJpYXQiOjE1NjY4MzExNTEsImV4cCI6MTU2NzQzNTk1MX0.Dl4EgIfoNDdg8R-oMXvO0KDfBRmvtiv_Dj5HQOgOKt4', 'web'),
(186, 1, 'eyJhbGciOiJIUzI1NiIsInR5cCI6IkpXVCJ9.eyJpZFVzZXIiOjEsInR5cGVVc2VyIjoyLCJlbWFpbFVzZXIiOiJlbG9kaWUuYmVydGhhdWRAZXBpdGVjaC5ldSIsImlkRWNvbGUiOjEsImlhdCI6MTU2NjgzMTI3MSwiZXhwIjoxNTY3NDM2MDcxfQ.MGF5ALqdZT6uMnk7YqP6EP_xXIC4NjqxYQQS5lqptgs', 'web'),
(187, 1, 'eyJhbGciOiJIUzI1NiIsInR5cCI6IkpXVCJ9.eyJpZFVzZXIiOjEsInR5cGVVc2VyIjoyLCJlbWFpbFVzZXIiOiJlbG9kaWUuYmVydGhhdWRAZXBpdGVjaC5ldSIsImlkRWNvbGUiOjEsImlhdCI6MTU2NjgzMTI3OCwiZXhwIjoxNTY3NDM2MDc4fQ.JOKEjesS9RslwhuiEy5z10G1d5RNgITJDCFHpvWocBg', 'web'),
(188, 1, 'eyJhbGciOiJIUzI1NiIsInR5cCI6IkpXVCJ9.eyJpZFVzZXIiOjEsInR5cGVVc2VyIjoyLCJlbWFpbFVzZXIiOiJlbG9kaWUuYmVydGhhdWRAZXBpdGVjaC5ldSIsImlkRWNvbGUiOjEsImlhdCI6MTU2NjgzMTI5MywiZXhwIjoxNTY3NDM2MDkzfQ.NNpI1xCJBxkqFYWVQqa5MBjl27bo8KBxU0apz-y6HFU', 'web'),
(189, 1, 'eyJhbGciOiJIUzI1NiIsInR5cCI6IkpXVCJ9.eyJpZFVzZXIiOjEsInR5cGVVc2VyIjoyLCJlbWFpbFVzZXIiOiJlbG9kaWUuYmVydGhhdWRAZXBpdGVjaC5ldSIsImlkRWNvbGUiOjEsImlhdCI6MTU2NjgzMTM0MCwiZXhwIjoxNTY3NDM2MTQwfQ.BzHldzGdS2qmGhqWV6Yaewy3feoxGyvHqaNIm8TIzLc', 'web'),
(190, 1, 'eyJhbGciOiJIUzI1NiIsInR5cCI6IkpXVCJ9.eyJpZFVzZXIiOjEsInR5cGVVc2VyIjoyLCJlbWFpbFVzZXIiOiJlbG9kaWUuYmVydGhhdWRAZXBpdGVjaC5ldSIsImlkRWNvbGUiOjEsImlhdCI6MTU2NjgzMTM0OSwiZXhwIjoxNTY3NDM2MTQ5fQ.cgEXNn9ScLDfzwkG8mpZjqMwE3KQEjkka10BLvwFFPE', 'web'),
(191, 1, 'eyJhbGciOiJIUzI1NiIsInR5cCI6IkpXVCJ9.eyJpZFVzZXIiOjEsInR5cGVVc2VyIjoyLCJlbWFpbFVzZXIiOiJlbG9kaWUuYmVydGhhdWRAZXBpdGVjaC5ldSIsImlkRWNvbGUiOjEsImlhdCI6MTU2NjgzMTM5MywiZXhwIjoxNTY3NDM2MTkzfQ.h7O441frHRlyFj2X_9AG-o0v0sdcLfbnyS93CXt2Jgw', 'web'),
(192, 1, 'eyJhbGciOiJIUzI1NiIsInR5cCI6IkpXVCJ9.eyJpZFVzZXIiOjEsInR5cGVVc2VyIjoyLCJlbWFpbFVzZXIiOiJlbG9kaWUuYmVydGhhdWRAZXBpdGVjaC5ldSIsImlkRWNvbGUiOjEsImlhdCI6MTU2NjgzMTQ5NywiZXhwIjoxNTY3NDM2Mjk3fQ.lU02Z2DnizxaMkDBWUZ8DcXaoFREapiD3qlk7j_VZOo', 'web'),
(193, 1, 'eyJhbGciOiJIUzI1NiIsInR5cCI6IkpXVCJ9.eyJpZFVzZXIiOjEsInR5cGVVc2VyIjoyLCJlbWFpbFVzZXIiOiJlbG9kaWUuYmVydGhhdWRAZXBpdGVjaC5ldSIsImlkRWNvbGUiOjEsImlhdCI6MTU2NjgzMTU4MywiZXhwIjoxNTY3NDM2MzgzfQ.p7JYosKV7Km5d7IslDj_pGT0X9ZiaNWFYOxV6j_eJGE', 'web'),
(194, 1, 'eyJhbGciOiJIUzI1NiIsInR5cCI6IkpXVCJ9.eyJpZFVzZXIiOjEsInR5cGVVc2VyIjoyLCJlbWFpbFVzZXIiOiJlbG9kaWUuYmVydGhhdWRAZXBpdGVjaC5ldSIsImlkRWNvbGUiOjEsImlhdCI6MTU2NjgzMTc3OSwiZXhwIjoxNTY3NDM2NTc5fQ.SspcHbpcEczjYDzoH5NLOt0XDVkKTFt10zmpXoIMAQI', 'web'),
(195, 1, 'eyJhbGciOiJIUzI1NiIsInR5cCI6IkpXVCJ9.eyJpZFVzZXIiOjEsInR5cGVVc2VyIjoyLCJlbWFpbFVzZXIiOiJlbG9kaWUuYmVydGhhdWRAZXBpdGVjaC5ldSIsImlkRWNvbGUiOjEsImlhdCI6MTU2NjgzMTg1OSwiZXhwIjoxNTY3NDM2NjU5fQ.OizgmGJzdQbv67lQORC5Lkh00nQN382NctMFCXJnlHo', 'web'),
(196, 1, 'eyJhbGciOiJIUzI1NiIsInR5cCI6IkpXVCJ9.eyJpZFVzZXIiOjEsInR5cGVVc2VyIjoyLCJlbWFpbFVzZXIiOiJlbG9kaWUuYmVydGhhdWRAZXBpdGVjaC5ldSIsImlkRWNvbGUiOjEsImlhdCI6MTU2NjgzMTkyNCwiZXhwIjoxNTY3NDM2NzI0fQ.0NGVKX9QLgg5y5VqCPRxxU_bktc-LfS9RyrBwrj2Mn8', 'web'),
(197, 25, 'eyJhbGciOiJIUzI1NiIsInR5cCI6IkpXVCJ9.eyJpZFVzZXIiOjI1LCJ0eXBlVXNlciI6MSwiZW1haWxVc2VyIjoiZWxvZGllLmJlcnRoYXVkMUBnbWFpbC5jb20iLCJpZEVjb2xlIjoxLCJpYXQiOjE1NjY4MzIzMzksImV4cCI6MTU2NzQzNzEzOX0.CWEs5h33mRE4lmELB05A6QwInTICxbIHxUCMXi6-Hi8', 'web'),
(198, 1, 'eyJhbGciOiJIUzI1NiIsInR5cCI6IkpXVCJ9.eyJpZFVzZXIiOjEsInR5cGVVc2VyIjoyLCJlbWFpbFVzZXIiOiJlbG9kaWUuYmVydGhhdWRAZXBpdGVjaC5ldSIsImlkRWNvbGUiOjEsImlhdCI6MTU2NjgzNzA1NSwiZXhwIjoxNTY3NDQxODU1fQ.UBVHBm-A9TnqWpDTyzHb9McGShTND8Im9XfebuFqK9U', 'web'),
(199, 26, 'eyJhbGciOiJIUzI1NiIsInR5cCI6IkpXVCJ9.eyJpZFVzZXIiOjI2LCJ0eXBlVXNlciI6MSwiZW1haWxVc2VyIjoiZ2FkcmF0LnJvbWFpbjMzQGdtYWlsLmNvbSIsImlkRWNvbGUiOjEsImlhdCI6MTU2NjgzODc4OCwiZXhwIjoxNTY3NDQzNTg4fQ.APjz5xaANxBmmWQbvBPzFGR1ib28glaoi9SrTM8w1Qk', 'web');
INSERT INTO `access_token` (`access_token_id`, `user_id`, `access_token`, `device_type`) VALUES
(200, 1, 'eyJhbGciOiJIUzI1NiIsInR5cCI6IkpXVCJ9.eyJpZFVzZXIiOjEsInR5cGVVc2VyIjoyLCJlbWFpbFVzZXIiOiJlbG9kaWUuYmVydGhhdWRAZXBpdGVjaC5ldSIsImlkRWNvbGUiOjEsImlhdCI6MTU2Njg0NDA1MCwiZXhwIjoxNTY3NDQ4ODUwfQ.vsoH2o31fLbVmbCbqeeODC9oIMoh-KoSxQ7XmQjgaig', 'web'),
(201, 21, 'eyJhbGciOiJIUzI1NiIsInR5cCI6IkpXVCJ9.eyJpZFVzZXIiOjIxLCJ0eXBlVXNlciI6MSwiZW1haWxVc2VyIjoibWF4ZW5jZS5sYXVxdWVAZXBpdGVjaC5ldSIsImlkRWNvbGUiOjEsImlhdCI6MTU2Njg0Nzc1NiwiZXhwIjoxNTY3NDUyNTU2fQ.qh-SEF8-6ALXb9ngelhwNiY2yWLlW4BqT0sTLFJGOjc', 'web');

-- --------------------------------------------------------

--
-- Structure de la table `d_abonnement`
--

CREATE TABLE `d_abonnement` (
  `idAbo` int(6) NOT NULL,
  `idEcole` int(6) NOT NULL,
  `isActive` tinyint(1) NOT NULL DEFAULT '0'
) ENGINE=InnoDB DEFAULT CHARSET=utf8;

--
-- Contenu de la table `d_abonnement`
--

INSERT INTO `d_abonnement` (`idAbo`, `idEcole`, `isActive`) VALUES
(3, 1, 2);

-- --------------------------------------------------------

--
-- Structure de la table `d_classe`
--

CREATE TABLE `d_classe` (
  `idClasse` int(6) NOT NULL,
  `level` int(2) NOT NULL,
  `num` int(11) NOT NULL,
  `annee` varchar(9) COLLATE utf8_unicode_ci NOT NULL
) ENGINE=InnoDB DEFAULT CHARSET=utf8 COLLATE=utf8_unicode_ci;

--
-- Contenu de la table `d_classe`
--

INSERT INTO `d_classe` (`idClasse`, `level`, `num`, `annee`) VALUES
(1, 4, 1, '2017/2018'),
(2, 8, 1, '2017/2018');

-- --------------------------------------------------------

--
-- Structure de la table `d_classeEcole`
--

CREATE TABLE `d_classeEcole` (
  `idClasse` int(6) NOT NULL,
  `idEcole` int(6) NOT NULL
) ENGINE=InnoDB DEFAULT CHARSET=utf8 COLLATE=utf8_unicode_ci;

--
-- Contenu de la table `d_classeEcole`
--

INSERT INTO `d_classeEcole` (`idClasse`, `idEcole`) VALUES
(1, 1),
(2, 1);

-- --------------------------------------------------------

--
-- Structure de la table `d_classeEleve`
--

CREATE TABLE `d_classeEleve` (
  `idClasse` int(11) NOT NULL,
  `idEleve` int(11) NOT NULL
) ENGINE=InnoDB DEFAULT CHARSET=utf8 COLLATE=utf8_unicode_ci;

--
-- Contenu de la table `d_classeEleve`
--

INSERT INTO `d_classeEleve` (`idClasse`, `idEleve`) VALUES
(1, 1),
(1, 2),
(1, 3),
(1, 4),
(1, 5),
(1, 6),
(1, 7),
(1, 8),
(1, 9),
(1, 10),
(1, 11),
(1, 12),
(1, 13),
(1, 14),
(1, 15),
(1, 16),
(1, 17),
(1, 18),
(1, 19),
(1, 20),
(2, 21),
(2, 22),
(2, 23),
(2, 24),
(2, 25),
(2, 26),
(2, 27),
(2, 28),
(2, 29),
(2, 30),
(2, 31),
(2, 32),
(2, 33),
(2, 34),
(2, 35),
(2, 36),
(2, 37),
(2, 38),
(2, 39),
(2, 40),
(1, 47),
(1, 48);

-- --------------------------------------------------------

--
-- Structure de la table `d_comsGames`
--

CREATE TABLE `d_comsGames` (
  `idCom` int(20) NOT NULL,
  `idUser` int(10) NOT NULL,
  `idEcole` int(10) NOT NULL,
  `date` timestamp NOT NULL DEFAULT CURRENT_TIMESTAMP,
  `commentaire` text NOT NULL
) ENGINE=InnoDB DEFAULT CHARSET=utf8;

-- --------------------------------------------------------

--
-- Structure de la table `d_creator`
--

CREATE TABLE `d_creator` (
  `idCreator` int(8) NOT NULL,
  `nom` varchar(32) NOT NULL
) ENGINE=InnoDB DEFAULT CHARSET=utf8;

--
-- Contenu de la table `d_creator`
--

INSERT INTO `d_creator` (`idCreator`, `nom`) VALUES
(1, 'VictorH'),
(2, 'MvCaster');

-- --------------------------------------------------------

--
-- Structure de la table `d_demandeAchatGame`
--

CREATE TABLE `d_demandeAchatGame` (
  `idDemande` int(11) NOT NULL,
  `idGame` int(8) NOT NULL,
  `idEcole` int(6) NOT NULL,
  `isAccepted` int(11) NOT NULL DEFAULT '2'
) ENGINE=InnoDB DEFAULT CHARSET=utf8;

--
-- Contenu de la table `d_demandeAchatGame`
--

INSERT INTO `d_demandeAchatGame` (`idDemande`, `idGame`, `idEcole`, `isAccepted`) VALUES
(14, 2, 1, 1),
(15, 3, 1, 1),
(16, 1, 1, 1),
(17, 2, 1, 0),
(18, 2, 1, 0),
(19, 1, 1, 1),
(21, 3, 1, 1),
(22, 2, 1, 0);

-- --------------------------------------------------------

--
-- Structure de la table `d_ecole`
--

CREATE TABLE `d_ecole` (
  `id` int(6) NOT NULL,
  `idDirecteur` int(11) NOT NULL,
  `nomEcole` varchar(32) COLLATE utf8_unicode_ci NOT NULL,
  `rue` varchar(32) COLLATE utf8_unicode_ci NOT NULL,
  `numRue` int(4) DEFAULT NULL,
  `ville` varchar(32) COLLATE utf8_unicode_ci NOT NULL,
  `departement` varchar(32) COLLATE utf8_unicode_ci NOT NULL,
  `tel` varchar(20) COLLATE utf8_unicode_ci NOT NULL,
  `id_customer` varchar(128) COLLATE utf8_unicode_ci NOT NULL,
  `email` varchar(64) COLLATE utf8_unicode_ci NOT NULL
) ENGINE=InnoDB DEFAULT CHARSET=utf8 COLLATE=utf8_unicode_ci;

--
-- Contenu de la table `d_ecole`
--

INSERT INTO `d_ecole` (`id`, `idDirecteur`, `nomEcole`, `rue`, `numRue`, `ville`, `departement`, `tel`, `id_customer`, `email`) VALUES
(1, 1, 'Sainte-Marie: Grand Lebrun', 'Rue de l\'école normale', 4, 'Bordeaux', 'Aquitaine', '0603874206', '', 'fake.mail@mail.mail'),
(3, 1, 'Lycée Gustave Eiffel', 'Rue du sas', 6, 'Bordeaux', 'Aquitaine', '0603875741', '', 'fake.mail@mail.mail');

-- --------------------------------------------------------

--
-- Structure de la table `d_eleves`
--

CREATE TABLE `d_eleves` (
  `idEleve` int(6) NOT NULL,
  `nomEleve` varchar(32) COLLATE utf8_unicode_ci NOT NULL,
  `prenomEleve` varchar(32) COLLATE utf8_unicode_ci NOT NULL,
  `BAE` varchar(32) COLLATE utf8_unicode_ci DEFAULT NULL,
  `INE` varchar(32) COLLATE utf8_unicode_ci DEFAULT NULL,
  `picPath` text COLLATE utf8_unicode_ci
) ENGINE=InnoDB DEFAULT CHARSET=utf8 COLLATE=utf8_unicode_ci;

--
-- Contenu de la table `d_eleves`
--

INSERT INTO `d_eleves` (`idEleve`, `nomEleve`, `prenomEleve`, `BAE`, `INE`, `picPath`) VALUES
(1, 'Merveillau', 'Denis', NULL, NULL, '1-eleve.png'),
(2, 'Senouci', 'Elies', NULL, NULL, '2-eleve.png'),
(3, 'Hersent', 'François', NULL, NULL, '3-eleve.png'),
(4, 'Bonduelle', 'James', NULL, NULL, '4-eleve.png'),
(5, 'Escrig', 'Raphael', NULL, NULL, '5-eleve.png'),
(6, 'Gadrat', 'Diana', NULL, NULL, '6-eleve.png'),
(7, 'Maisonnave', 'florian', NULL, NULL, '7-eleve.png'),
(8, 'Lauque', 'Camille', NULL, NULL, '8-eleve.png'),
(9, 'Rizla', 'Jeanne', NULL, NULL, '9-eleve.png'),
(10, 'Rimbaud', 'Martin', NULL, NULL, '10-eleve.png'),
(11, 'Charbonnier', 'Fanni', NULL, NULL, '11-eleve.png'),
(12, 'Septente', 'Sophie', NULL, NULL, '12-eleve.png'),
(13, 'Bozo', 'Jessica', NULL, NULL, '13-eleve.png'),
(14, 'Couturier', 'Manon', NULL, NULL, '14-eleve.png'),
(15, 'Lebedav', 'Camilla', NULL, NULL, '15-eleve.png'),
(16, 'Guillot', 'Enzo', NULL, NULL, '16-eleve.png'),
(17, 'Blossier', 'Noé', NULL, NULL, '17-eleve.png'),
(18, 'Tahi', 'Camelia', NULL, NULL, '18-eleve.png'),
(19, 'Pereira', 'Brandon', NULL, NULL, '19-eleve.png'),
(20, 'Quignon', 'Solène', NULL, NULL, '20-eleve.png'),
(21, 'Devaux', 'Corentine', NULL, NULL, '21-eleve.png'),
(22, 'Galandon', 'Anatole', NULL, NULL, '22-eleve.png'),
(23, 'Roussel', 'Alix', NULL, NULL, '23-eleve.png'),
(24, 'Moreira', 'Alba', NULL, NULL, '24-eleve.png'),
(25, 'Afonso', 'Joao', NULL, NULL, '25-eleve.png'),
(26, 'Mecea', 'Ana Maria', NULL, NULL, '26-eleve.png'),
(27, 'Sanluis', 'Christian', NULL, NULL, '27-eleve.png'),
(28, 'Joly', 'Jean', NULL, NULL, '28-eleve.png'),
(29, 'Petrus', 'Ralucan', NULL, NULL, '29-eleve.png'),
(30, 'Biecher', 'Lea', NULL, NULL, '30-eleve.png'),
(31, 'Gurtler', 'Thomas', NULL, NULL, '31-eleve.png'),
(32, 'Sparascio', 'Chiara', NULL, NULL, '32-eleve.png'),
(33, 'Renault', 'Pauline', NULL, NULL, '33-eleve.png'),
(34, 'Lelpo', 'Danny', NULL, NULL, '34-eleve.png'),
(35, 'Alexandre', 'Pedro', NULL, NULL, '35-eleve.png'),
(36, 'Longo', 'Roberto', NULL, NULL, '36-eleve.png'),
(37, 'Moise', 'Ian', NULL, NULL, '37-eleve.png'),
(38, 'Niemiec', 'Célia', NULL, NULL, '38-eleve.png'),
(39, 'Sosa Garcia', 'Isaac', NULL, NULL, '39-eleve.png'),
(40, 'Camarero', 'Israel', NULL, NULL, '40-eleve.png'),
(47, 'Bernard', 'Michel', NULL, NULL, NULL),
(48, 'George', 'Bush', NULL, NULL, NULL);

-- --------------------------------------------------------

--
-- Structure de la table `d_facturation`
--

CREATE TABLE `d_facturation` (
  `idFacture` int(11) NOT NULL,
  `idEcole` int(6) NOT NULL,
  `typeFacture` int(1) NOT NULL,
  `date` timestamp NOT NULL DEFAULT CURRENT_TIMESTAMP ON UPDATE CURRENT_TIMESTAMP,
  `prixHT` double NOT NULL,
  `prixTTC` double NOT NULL,
  `paid` tinyint(1) NOT NULL DEFAULT '0'
) ENGINE=InnoDB DEFAULT CHARSET=latin1;

--
-- Contenu de la table `d_facturation`
--

INSERT INTO `d_facturation` (`idFacture`, `idEcole`, `typeFacture`, `date`, `prixHT`, `prixTTC`, `paid`) VALUES
(1, 1, 2, '2019-08-24 20:40:37', 80, 100, 0);

-- --------------------------------------------------------

--
-- Structure de la table `d_files`
--

CREATE TABLE `d_files` (
  `idFile` int(5) NOT NULL,
  `nom` varchar(32) NOT NULL,
  `path` varchar(64) NOT NULL,
  `type` enum('IMG','PDF','MP4') NOT NULL,
  `description` text NOT NULL,
  `private` int(11) NOT NULL
) ENGINE=InnoDB DEFAULT CHARSET=utf8;

--
-- Contenu de la table `d_files`
--

INSERT INTO `d_files` (`idFile`, `nom`, `path`, `type`, `description`, `private`) VALUES
(9, 'carte mode', 'carte-du-monde.jpg', 'IMG', 'monde', 0),
(10, 'presentation', 'CouleursEtFormes.pdf', 'PDF', 'Couleurs et formes', 0),
(11, 'Alphabet', 'Apprendre lalphabet en samusant (francais).mp4', 'MP4', 'Alphabet', 0),
(13, 'test', 'Facture 100006 - Elodie Berthaud - 224,00 EUR.pdf', 'PDF', 'ttt', 1),
(15, '1234', 'Feedback Harry.pdf', 'PDF', '1234', 0),
(16, 'carte', 'Capture d’écran 2019-08-14 à 13.19.58.png', 'IMG', 'Fichier de carte', 0),
(17, 'test', 'Capture d’écran 2019-06-15 à 05.57.16.png', 'IMG', 'test', 1),
(18, 'monNouveauPdf', '2020_book_dune.pdf', 'PDF', 'ouiouioui', 1);

-- --------------------------------------------------------

--
-- Structure de la table `d_filesAppsUser`
--

CREATE TABLE `d_filesAppsUser` (
  `idFile` int(5) NOT NULL,
  `idUser` int(11) NOT NULL,
  `idEcole` int(11) NOT NULL
) ENGINE=InnoDB DEFAULT CHARSET=utf8;

--
-- Contenu de la table `d_filesAppsUser`
--

INSERT INTO `d_filesAppsUser` (`idFile`, `idUser`, `idEcole`) VALUES
(9, 1, 1),
(10, 1, 1),
(11, 2, 1),
(13, 1, 1),
(15, 1, 1),
(16, 18, 1),
(17, 18, 1),
(18, 1, 1);

-- --------------------------------------------------------

--
-- Structure de la table `d_games`
--

CREATE TABLE `d_games` (
  `id` int(8) NOT NULL,
  `idType` int(2) NOT NULL,
  `name` varchar(32) NOT NULL,
  `creator` int(8) NOT NULL,
  `path` varchar(256) DEFAULT NULL,
  `picPath` text,
  `prix` int(2) DEFAULT NULL,
  `prixTTC` int(11) DEFAULT NULL,
  `nb_joueurs` int(2) DEFAULT NULL,
  `current_version` text NOT NULL,
  `niveau` int(2) NOT NULL,
  `description` text NOT NULL
) ENGINE=InnoDB DEFAULT CHARSET=utf8;

--
-- Contenu de la table `d_games`
--

INSERT INTO `d_games` (`id`, `idType`, `name`, `creator`, `path`, `picPath`, `prix`, `prixTTC`, `nb_joueurs`, `current_version`, `niveau`, `description`) VALUES
(1, 2, 'Compteclasse', 1, NULL, '1-app.png', NULL, NULL, 4, '1.0', 2, 'Un jeu ludique qui permet aux plus petits de débuter dans les mathématiques. Une liste d\'objets apparait sur la table, et les enfants doivent, chacun leurs tour, définir combien il y a d\'objets selon la consigne.'),
(2, 1, 'Invacouleur', 1, NULL, '2-app.png', 80, 100, 4, '1.0', 1, 'Apprendre les couleurs tout en s\'amusant. '),
(3, 1, 'Color Pixel', 2, NULL, '3-app.png', 60, 72, 4, '1.0', 1, 'Jeux coopératif de coloriage. Enjoy !');

-- --------------------------------------------------------

--
-- Structure de la table `d_gamesAppEcole`
--

CREATE TABLE `d_gamesAppEcole` (
  `idGame` int(8) NOT NULL,
  `idEcole` int(6) NOT NULL,
  `dateAchat` timestamp NOT NULL DEFAULT CURRENT_TIMESTAMP
) ENGINE=InnoDB DEFAULT CHARSET=utf8;

--
-- Contenu de la table `d_gamesAppEcole`
--

INSERT INTO `d_gamesAppEcole` (`idGame`, `idEcole`, `dateAchat`) VALUES
(1, 1, '2019-08-14 13:55:31'),
(2, 1, '2019-08-24 20:40:36'),
(3, 1, '2019-08-15 20:39:53');

-- --------------------------------------------------------

--
-- Structure de la table `d_gamesAvis`
--

CREATE TABLE `d_gamesAvis` (
  `idAvis` int(11) NOT NULL,
  `idGame` int(11) NOT NULL,
  `note` float NOT NULL,
  `commentaire` text,
  `idUser` int(11) NOT NULL,
  `dateAvis` timestamp NOT NULL DEFAULT CURRENT_TIMESTAMP ON UPDATE CURRENT_TIMESTAMP
) ENGINE=InnoDB DEFAULT CHARSET=utf8;

--
-- Contenu de la table `d_gamesAvis`
--

INSERT INTO `d_gamesAvis` (`idAvis`, `idGame`, `note`, `commentaire`, `idUser`, `dateAvis`) VALUES
(1, 2, 4, 'C\'est super !', 2, '2019-08-26 18:23:56'),
(38, 3, 4, 'c\'est bien', 1, '2019-08-26 18:58:48');

-- --------------------------------------------------------

--
-- Structure de la table `d_gamesPlayed`
--

CREATE TABLE `d_gamesPlayed` (
  `idGP` int(11) NOT NULL,
  `idGame` int(11) NOT NULL,
  `idTypeGame` int(6) NOT NULL,
  `idProf` int(6) NOT NULL,
  `idClasse` int(6) NOT NULL,
  `isPlayed` int(11) NOT NULL DEFAULT '0',
  `TimeStamp` timestamp NOT NULL DEFAULT CURRENT_TIMESTAMP
) ENGINE=InnoDB DEFAULT CHARSET=utf8 COLLATE=utf8_unicode_ci;

--
-- Contenu de la table `d_gamesPlayed`
--

INSERT INTO `d_gamesPlayed` (`idGP`, `idGame`, `idTypeGame`, `idProf`, `idClasse`, `isPlayed`, `TimeStamp`) VALUES
(39, 2, 1, 2, 1, 1, '2019-05-09 13:19:48'),
(40, 3, 1, 2, 1, 1, '2019-05-09 13:21:06'),
(41, 1, 2, 2, 1, 1, '2019-05-09 13:21:50'),
(42, 2, 1, 2, 1, 1, '2019-05-09 13:24:06'),
(43, 2, 1, 2, 1, 1, '2019-05-09 13:24:39'),
(44, 2, 1, 2, 1, 1, '2019-05-09 13:25:34'),
(45, 1, 2, 2, 1, 1, '2019-05-09 14:05:20'),
(46, 2, 1, 2, 1, 1, '2019-05-09 14:05:47'),
(47, 1, 2, 2, 1, 1, '2019-05-09 14:06:08');

-- --------------------------------------------------------

--
-- Structure de la table `d_gamesScored`
--

CREATE TABLE `d_gamesScored` (
  `idGP` int(11) NOT NULL,
  `idEleve` int(6) NOT NULL,
  `score` int(3) NOT NULL
) ENGINE=InnoDB DEFAULT CHARSET=utf8 COLLATE=utf8_unicode_ci;

--
-- Contenu de la table `d_gamesScored`
--

INSERT INTO `d_gamesScored` (`idGP`, `idEleve`, `score`) VALUES
(39, 4, 0),
(39, 8, 0),
(39, 13, 0),
(39, 16, 0),
(40, 4, 0),
(40, 5, 0),
(40, 6, 0),
(40, 13, 0),
(41, 4, 0),
(41, 6, 0),
(41, 13, 0),
(41, 16, 0),
(42, 4, 80),
(42, 5, 34),
(42, 6, 50),
(42, 13, 62),
(43, 4, 10),
(43, 5, 12),
(43, 6, 70),
(43, 13, 33),
(44, 4, 67),
(44, 5, 87),
(44, 6, 100),
(44, 13, 34),
(45, 4, 0),
(45, 5, 0),
(45, 14, 0),
(45, 17, 0),
(46, 4, 0),
(46, 5, 0),
(46, 14, 0),
(46, 17, 0),
(47, 4, 0),
(47, 5, 0),
(47, 11, 0),
(47, 14, 0);

-- --------------------------------------------------------

--
-- Structure de la table `d_histAchat`
--

CREATE TABLE `d_histAchat` (
  `idHisto` int(6) NOT NULL,
  `idAbo` int(6) NOT NULL,
  `dateAchat` timestamp NOT NULL DEFAULT CURRENT_TIMESTAMP ON UPDATE CURRENT_TIMESTAMP
) ENGINE=InnoDB DEFAULT CHARSET=utf8;

-- --------------------------------------------------------

--
-- Structure de la table `d_licencesTables`
--

CREATE TABLE `d_licencesTables` (
  `idLicence` int(10) NOT NULL,
  `idEcole` int(6) NOT NULL,
  `serial` varchar(32) NOT NULL,
  `used` tinyint(1) NOT NULL,
  `dateExpire` timestamp NULL DEFAULT NULL
) ENGINE=InnoDB DEFAULT CHARSET=utf8;

--
-- Contenu de la table `d_licencesTables`
--

INSERT INTO `d_licencesTables` (`idLicence`, `idEcole`, `serial`, `used`, `dateExpire`) VALUES
(1, 1, 'TZDM-XT23-TAX5-4YNL', 1, '2019-05-16 00:00:00'),
(2, 1, 'VMR8-5Z66-25R2-EK3Y', 1, '2020-08-17 11:29:05');

-- --------------------------------------------------------

--
-- Structure de la table `d_notifications`
--

CREATE TABLE `d_notifications` (
  `idNotif` int(11) NOT NULL,
  `idUser` int(11) NOT NULL,
  `idToNotify` int(11) NOT NULL,
  `typeNotif` int(2) NOT NULL,
  `isRead` int(1) NOT NULL DEFAULT '0',
  `textNotif` text NOT NULL
) ENGINE=InnoDB DEFAULT CHARSET=utf8;

--
-- Contenu de la table `d_notifications`
--

INSERT INTO `d_notifications` (`idNotif`, `idUser`, `idToNotify`, `typeNotif`, `isRead`, `textNotif`) VALUES
(27, 1, 14, 1, 1, 'Une demande d\'achat d\'application a été faite.'),
(28, 2, 14, 1, 1, 'Votre demande d\'achat a été validée par le directeur.'),
(29, 1, 15, 1, 1, 'Une demande d\'achat d\'application a été faite.'),
(30, 2, 15, 1, 1, 'Votre demande d\'achat a été validée par le directeur.'),
(31, 1, 16, 1, 1, 'Une demande d\'achat d\'application a été faite.'),
(32, 18, 16, 1, 1, 'Votre demande d\'achat a été validée par le directeur.'),
(33, 1, 17, 1, 1, 'Une demande d\'achat d\'application a été faite.'),
(34, 21, 17, 1, 1, 'Votre demande d\'achat n\'a pas été validée par le directeur.'),
(35, 1, 18, 1, 1, 'Une demande d\'achat d\'application a été faite.'),
(36, 21, 18, 1, 1, 'Votre demande d\'achat n\'a pas été validée par le directeur.'),
(37, 1, 19, 1, 1, 'Une demande d\'achat d\'application a été faite.'),
(38, 2, 19, 1, 1, 'Votre demande d\'achat a été validée par le directeur.'),
(39, 18, 19, 1, 0, 'Votre demande d\'achat a été validée par le directeur.'),
(41, 1, 21, 1, 1, 'Une demande d\'achat d\'application a été faite.'),
(42, 2, 21, 1, 0, 'Votre demande d\'achat a été validée par le directeur.'),
(43, 1, 22, 1, 1, 'Une demande d\'achat d\'application a été faite.'),
(44, 21, 22, 1, 1, 'Votre demande d\'achat n\'a pas été validée par le directeur.');

-- --------------------------------------------------------

--
-- Structure de la table `d_partDemandeAchat`
--

CREATE TABLE `d_partDemandeAchat` (
  `idDemande` int(11) NOT NULL,
  `idProf` int(11) NOT NULL,
  `commentaire` text,
  `dateDemande` timestamp NOT NULL DEFAULT CURRENT_TIMESTAMP
) ENGINE=InnoDB DEFAULT CHARSET=utf8;

--
-- Contenu de la table `d_partDemandeAchat`
--

INSERT INTO `d_partDemandeAchat` (`idDemande`, `idProf`, `commentaire`, `dateDemande`) VALUES
(14, 2, 'Test', '2019-05-09 13:13:36'),
(15, 2, 'je veux cette appli', '2019-05-09 13:17:09'),
(19, 2, 'Bonjour.\nNous sommes plusieurs professeurs à considérer que cette application serai bénéfiques pour nos cours... Merci !', '2019-08-14 13:37:52'),
(21, 2, 'Bonjour,\n\nJ\'ai besoin de cette app pour travailler avec ma classe de CP svp.', '2019-08-15 12:35:59'),
(16, 18, 'bonjour à tous', '2019-08-02 00:25:15'),
(19, 18, 'Bonjours, j\'ai vraiment besoin de cette app pour faire des mathématiques.\nMerci!', '2019-08-14 13:36:38'),
(17, 21, 'Test', '2019-08-12 14:45:08'),
(18, 21, 'Lol', '2019-08-12 16:09:21'),
(22, 21, 'Je la veux', '2019-08-18 16:22:35');

-- --------------------------------------------------------

--
-- Structure de la table `d_profsAppClasse`
--

CREATE TABLE `d_profsAppClasse` (
  `idProf` int(11) NOT NULL,
  `idClasse` int(11) NOT NULL
) ENGINE=InnoDB DEFAULT CHARSET=latin1;

--
-- Contenu de la table `d_profsAppClasse`
--

INSERT INTO `d_profsAppClasse` (`idProf`, `idClasse`) VALUES
(2, 1),
(3, 2);

-- --------------------------------------------------------

--
-- Structure de la table `d_profsAppEcole`
--

CREATE TABLE `d_profsAppEcole` (
  `idEcole` int(6) NOT NULL,
  `idProf` int(6) NOT NULL
) ENGINE=InnoDB DEFAULT CHARSET=utf8 COLLATE=utf8_unicode_ci;

--
-- Contenu de la table `d_profsAppEcole`
--

INSERT INTO `d_profsAppEcole` (`idEcole`, `idProf`) VALUES
(1, 0),
(1, 1),
(1, 2),
(1, 3),
(1, 4),
(1, 5),
(1, 18),
(1, 19),
(1, 21),
(1, 23),
(1, 24),
(1, 25),
(1, 26);

-- --------------------------------------------------------

--
-- Structure de la table `d_tableEcole`
--

CREATE TABLE `d_tableEcole` (
  `idTable` int(11) NOT NULL,
  `idEcole` int(11) NOT NULL
) ENGINE=InnoDB DEFAULT CHARSET=utf8;

-- --------------------------------------------------------

--
-- Structure de la table `d_tableGames`
--

CREATE TABLE `d_tableGames` (
  `idTable` int(8) NOT NULL,
  `idGame` int(11) NOT NULL
) ENGINE=InnoDB DEFAULT CHARSET=utf8;

--
-- Contenu de la table `d_tableGames`
--

INSERT INTO `d_tableGames` (`idTable`, `idGame`) VALUES
(1, 1),
(12, 1),
(1, 2),
(1, 3);

-- --------------------------------------------------------

--
-- Structure de la table `d_tableProf`
--

CREATE TABLE `d_tableProf` (
  `tokenTable` varchar(256) NOT NULL,
  `idTable` int(8) NOT NULL,
  `idProf` int(8) NOT NULL DEFAULT '0'
) ENGINE=InnoDB DEFAULT CHARSET=utf8;

--
-- Contenu de la table `d_tableProf`
--

INSERT INTO `d_tableProf` (`tokenTable`, `idTable`, `idProf`) VALUES
('43b34e20e308747f1b093b2e2075d01d', 1, 0),
('48857292c6e0af6aeddb6fc81206fd50', 1, 0),
('c5e8ddff87ea7ffdc6ae6de80d7a2e00', 1, 0),
('f1c36cd2dbc5b6fcac45ecbe05766cee', 1, 0);

-- --------------------------------------------------------

--
-- Structure de la table `d_tables`
--

CREATE TABLE `d_tables` (
  `idTable` int(8) NOT NULL,
  `idSerial` int(10) NOT NULL DEFAULT '0',
  `nomTable` varchar(32) NOT NULL,
  `access_token` text NOT NULL
) ENGINE=InnoDB DEFAULT CHARSET=utf8;

--
-- Contenu de la table `d_tables`
--

INSERT INTO `d_tables` (`idTable`, `idSerial`, `nomTable`, `access_token`) VALUES
(1, 1, 'Dune_HenryIV', 'eyJhbGciOiJIUzI1NiIsInR5cCI6IkpXVCJ9.eyJpZFVzZXIiOjIxLCJ0eXBlVXNlciI6MSwiZW1haWxVc2VyIjoibWF4ZW5jZS5sYXVxdWVAZXBpdGVjaC5ldSIsImlkRWNvbGUiOjEsImlkVGFibGUiOjEsInBlcm0iOjQsImlhdCI6MTU2NjMxMjExNiwiZXhwIjoxNTY2OTE2OTE2fQ.dEGYoPjV9RH-ht2kXqu_rnjU0EXt3DXaCJ_OTV6mKZ8'),
(2, 1, 'tmp', 'NULL'),
(3, 1, 'tmp', 'NULL'),
(4, 1, 'tmp', 'NULL'),
(5, 1, 'tmp', 'NULL'),
(6, 1, 'tmp', 'NULL'),
(7, 1, 'tmp', 'NULL'),
(8, 1, 'tmp', 'NULL'),
(9, 1, 'salle1', 'NULL'),
(10, 1, 'tmp', 'NULL'),
(11, 1, 'tmp', 'NULL'),
(12, 1, 'salle1', 'NULL'),
(13, 1, 'tmp', 'NULL'),
(14, 1, 'Salle test', 'NULL'),
(15, 1, 'vatoutine', 'NULL'),
(16, 2, 'tmp', 'NULL'),
(17, 2, 'Salle1', 'NULL'),
(18, 1, 'tmp', 'NULL'),
(19, 1, 'tmp', 'NULL'),
(20, 1, 'salle2', 'NULL'),
(21, 2, 'salle3', 'NULL');

-- --------------------------------------------------------

--
-- Structure de la table `d_typeGames`
--

CREATE TABLE `d_typeGames` (
  `idType` int(2) NOT NULL,
  `labelType` varchar(32) NOT NULL
) ENGINE=InnoDB DEFAULT CHARSET=utf8;

--
-- Contenu de la table `d_typeGames`
--

INSERT INTO `d_typeGames` (`idType`, `labelType`) VALUES
(1, 'Logique'),
(2, 'Mathématiques');

-- --------------------------------------------------------

--
-- Structure de la table `d_users`
--

CREATE TABLE `d_users` (
  `idUser` int(11) NOT NULL,
  `nomUser` varchar(32) COLLATE utf8_unicode_ci NOT NULL,
  `prenomUser` varchar(32) COLLATE utf8_unicode_ci NOT NULL,
  `emailUser` varchar(256) COLLATE utf8_unicode_ci NOT NULL,
  `pass` varchar(256) COLLATE utf8_unicode_ci NOT NULL,
  `typeUser` int(11) NOT NULL DEFAULT '1',
  `picPath` text COLLATE utf8_unicode_ci,
  `access_token` varchar(256) COLLATE utf8_unicode_ci DEFAULT NULL,
  `device_type` enum('ios','android','web') COLLATE utf8_unicode_ci NOT NULL
) ENGINE=InnoDB DEFAULT CHARSET=utf8 COLLATE=utf8_unicode_ci;

--
-- Contenu de la table `d_users`
--

INSERT INTO `d_users` (`idUser`, `nomUser`, `prenomUser`, `emailUser`, `pass`, `typeUser`, `picPath`, `access_token`, `device_type`) VALUES
(0, 'blank', 'blank', 'romain.gadrat@epitech.eu', '7b2eac2c0fbdff497f15dd96a6b8ef49', 4, NULL, 'eyJhbGciOiJIUzI1NiIsInR5cCI6IkpXVCJ9.eyJpZFVzZXIiOjAsInR5cGVVc2VyIjo0LCJlbWFpbFVzZXIiOiJibGFua0BibGFuay5jb20iLCJpZEVjb2xlIjoxLCJpYXQiOjE1NjUxMzI0NDksImV4cCI6MTU2NTczNzI0OX0.RxoiNMVzO4yU53ArENXUQEPUUDDzijKqQtYBwnpZUCk', 'web'),
(1, 'Berthaud', 'Elodie', 'elodie.berthaud@epitech.eu', 'f71d18c419aea6c34d6cc5a14be37a0a', 2, '1-prof.png', 'eyJhbGciOiJIUzI1NiIsInR5cCI6IkpXVCJ9.eyJpZFVzZXIiOjEsInR5cGVVc2VyIjoyLCJlbWFpbFVzZXIiOiJlbG9kaWUuYmVydGhhdWRAZXBpdGVjaC5ldSIsImlkRWNvbGUiOjEsImlhdCI6MTU2Njg0NDA1MCwiZXhwIjoxNTY3NDQ4ODUwfQ.vsoH2o31fLbVmbCbqeeODC9oIMoh-KoSxQ7XmQjgaig', 'web'),
(2, 'Fourcade', 'Lauriane', 'lauriane.fourcade@smgl.fr', 'ee63119387ae65ef59c249ee6dfccf24', 1, '2-prof.png', 'eyJhbGciOiJIUzI1NiIsInR5cCI6IkpXVCJ9.eyJpZFVzZXIiOjIsInR5cGVVc2VyIjoxLCJlbWFpbFVzZXIiOiJsYXVyaWFuZS5mb3VyY2FkZUBzbWdsLmZyIiwiaWRFY29sZSI6MSwiaWF0IjoxNTY1ODcxNTQ1LCJleHAiOjE1NjY0NzYzNDV9.eiVQ2EPLe1bB8R2tbPVZsu9Vbms1slyKlNNprudHfV8', 'android'),
(3, 'Edison', 'Paolo', 'paolo.edison@smgl.fr', '2f23fa3579f3f75175793649115c1b25', 1, NULL, 'eyJhbGciOiJIUzI1NiIsInR5cCI6IkpXVCJ9.eyJpZFVzZXIiOjMsInR5cGVVc2VyIjoxLCJlbWFpbFVzZXIiOiJwYW9sby5lZGlzb25Ac21nbC5mciIsImlkRWNvbGUiOjEsImlhdCI6MTU1NzM5MjcwMSwiZXhwIjoxNTU3OTk3NTAxfQ.SS4ts6rkGC6X9--Cb0s8sOqv3X-n3kJp3jZj7eYit34', 'android'),
(4, 'SAINT-JUST', 'Guillaume', 'guillaume.saint-just@epitech.eu', '0d280daf5a885a7207bfa93455fd6b13', 1, NULL, 'n/a', 'web'),
(5, 'Hersent', 'Francois', 'hersentino@gmail.com', 'f02368945726d5fc2a14eb576f7276c0', 4, NULL, 'eyJhbGciOiJIUzI1NiIsInR5cCI6IkpXVCJ9.eyJpZFVzZXIiOjUsInR5cGVVc2VyIjo0LCJlbWFpbFVzZXIiOiJoZXJzZW50aW5vQGdtYWlsLmNvbSIsImlkRWNvbGUiOjEsImlhdCI6MTU2NjQ2NjAwMywiZXhwIjoxNTY3MDcwODAzfQ.Grx09LWApSSFn8Dponx6GeX1Y6em-ekUI89kMPIarfk', 'web'),
(19, 'Baraban', 'Céline', 'guillaume.saint.just.eip@gmail.com', '485f1a7d4d4c092fe0565baccdb8f529', 1, NULL, 'eyJhbGciOiJIUzI1NiIsInR5cCI6IkpXVCJ9.eyJpZFVzZXIiOjE5LCJ0eXBlVXNlciI6MSwiZW1haWxVc2VyIjoiZ3VpbGxhdW1lLnNhaW50Lmp1c3QuZWlwQGdtYWlsLmNvbSIsImlkRWNvbGUiOjEsImlhdCI6MTU1NzQwOTQyNCwiZXhwIjoxNTU4MDE0MjI0fQ.WVyw4UwwzotDhCFxC15OObBBfzSMfVI-GG-b3c4289s', 'web'),
(20, 'Guichard', 'Thomas', 'thomas.guichard@epitech.eu', '0498f75ef2f32195cf4796acbfecada5', 1, NULL, 'n/a', 'web'),
(21, 'Lauque', 'Maxence', 'maxence.lauque@epitech.eu', 'd94aaa84188bab7c74946cbc483db135', 1, NULL, 'eyJhbGciOiJIUzI1NiIsInR5cCI6IkpXVCJ9.eyJpZFVzZXIiOjIxLCJ0eXBlVXNlciI6MSwiZW1haWxVc2VyIjoibWF4ZW5jZS5sYXVxdWVAZXBpdGVjaC5ldSIsImlkRWNvbGUiOjEsImlhdCI6MTU2Njg0Nzc1NiwiZXhwIjoxNTY3NDUyNTU2fQ.qh-SEF8-6ALXb9ngelhwNiY2yWLlW4BqT0sTLFJGOjc', 'web'),
(25, 'Berthaud', 'Elodie', 'elodie.berthaud1@gmail.com', 'e59fda02ce8e788870a1208c73d1d13d', 1, NULL, 'eyJhbGciOiJIUzI1NiIsInR5cCI6IkpXVCJ9.eyJpZFVzZXIiOjI1LCJ0eXBlVXNlciI6MSwiZW1haWxVc2VyIjoiZWxvZGllLmJlcnRoYXVkMUBnbWFpbC5jb20iLCJpZEVjb2xlIjoxLCJpYXQiOjE1NjY4MzIzMzksImV4cCI6MTU2NzQzNzEzOX0.CWEs5h33mRE4lmELB05A6QwInTICxbIHxUCMXi6-Hi8', 'web'),
(26, 'Gadrat', 'Romain', 'gadrat.romain33@gmail.com', 'eacd7ef712164a0544bfa8374e795a66', 1, NULL, 'eyJhbGciOiJIUzI1NiIsInR5cCI6IkpXVCJ9.eyJpZFVzZXIiOjI2LCJ0eXBlVXNlciI6MSwiZW1haWxVc2VyIjoiZ2FkcmF0LnJvbWFpbjMzQGdtYWlsLmNvbSIsImlkRWNvbGUiOjEsImlhdCI6MTU2NjgzODc4OCwiZXhwIjoxNTY3NDQzNTg4fQ.APjz5xaANxBmmWQbvBPzFGR1ib28glaoi9SrTM8w1Qk', 'web');

--
-- Index pour les tables exportées
--

--
-- Index pour la table `access_token`
--
ALTER TABLE `access_token`
  ADD PRIMARY KEY (`access_token_id`),
  ADD KEY `fk_access_token_1_idx` (`user_id`);

--
-- Index pour la table `d_abonnement`
--
ALTER TABLE `d_abonnement`
  ADD PRIMARY KEY (`idAbo`),
  ADD UNIQUE KEY `idEcole` (`idEcole`);

--
-- Index pour la table `d_classe`
--
ALTER TABLE `d_classe`
  ADD PRIMARY KEY (`idClasse`);

--
-- Index pour la table `d_classeEcole`
--
ALTER TABLE `d_classeEcole`
  ADD PRIMARY KEY (`idClasse`,`idEcole`),
  ADD KEY `idEcole` (`idEcole`);

--
-- Index pour la table `d_classeEleve`
--
ALTER TABLE `d_classeEleve`
  ADD PRIMARY KEY (`idClasse`,`idEleve`),
  ADD KEY `idEleve` (`idEleve`);

--
-- Index pour la table `d_comsGames`
--
ALTER TABLE `d_comsGames`
  ADD PRIMARY KEY (`idCom`),
  ADD KEY `idUser` (`idUser`),
  ADD KEY `idEcole` (`idEcole`);

--
-- Index pour la table `d_creator`
--
ALTER TABLE `d_creator`
  ADD PRIMARY KEY (`idCreator`);

--
-- Index pour la table `d_demandeAchatGame`
--
ALTER TABLE `d_demandeAchatGame`
  ADD PRIMARY KEY (`idDemande`) USING BTREE,
  ADD KEY `idEcole` (`idEcole`),
  ADD KEY `idGame` (`idGame`);

--
-- Index pour la table `d_ecole`
--
ALTER TABLE `d_ecole`
  ADD PRIMARY KEY (`id`),
  ADD KEY `idDirecteur` (`idDirecteur`);

--
-- Index pour la table `d_eleves`
--
ALTER TABLE `d_eleves`
  ADD PRIMARY KEY (`idEleve`);

--
-- Index pour la table `d_facturation`
--
ALTER TABLE `d_facturation`
  ADD PRIMARY KEY (`idFacture`,`idEcole`) USING BTREE,
  ADD KEY `idEcole` (`idEcole`);

--
-- Index pour la table `d_files`
--
ALTER TABLE `d_files`
  ADD PRIMARY KEY (`idFile`),
  ADD UNIQUE KEY `path` (`path`);

--
-- Index pour la table `d_filesAppsUser`
--
ALTER TABLE `d_filesAppsUser`
  ADD PRIMARY KEY (`idFile`,`idUser`),
  ADD KEY `idUser` (`idUser`);

--
-- Index pour la table `d_games`
--
ALTER TABLE `d_games`
  ADD PRIMARY KEY (`id`),
  ADD KEY `creator` (`creator`),
  ADD KEY `idType` (`idType`) USING BTREE;

--
-- Index pour la table `d_gamesAppEcole`
--
ALTER TABLE `d_gamesAppEcole`
  ADD PRIMARY KEY (`idGame`,`idEcole`),
  ADD KEY `idEcole` (`idEcole`);

--
-- Index pour la table `d_gamesAvis`
--
ALTER TABLE `d_gamesAvis`
  ADD PRIMARY KEY (`idAvis`);

--
-- Index pour la table `d_gamesPlayed`
--
ALTER TABLE `d_gamesPlayed`
  ADD PRIMARY KEY (`idGP`),
  ADD KEY `idGame` (`idGame`),
  ADD KEY `idTypeGame` (`idTypeGame`),
  ADD KEY `idProf` (`idProf`),
  ADD KEY `idClasse` (`idClasse`);

--
-- Index pour la table `d_gamesScored`
--
ALTER TABLE `d_gamesScored`
  ADD PRIMARY KEY (`idGP`,`idEleve`),
  ADD KEY `idEleve` (`idEleve`);

--
-- Index pour la table `d_histAchat`
--
ALTER TABLE `d_histAchat`
  ADD PRIMARY KEY (`idHisto`),
  ADD UNIQUE KEY `idAbo` (`idAbo`);

--
-- Index pour la table `d_licencesTables`
--
ALTER TABLE `d_licencesTables`
  ADD PRIMARY KEY (`idLicence`),
  ADD KEY `idEcole` (`idEcole`);

--
-- Index pour la table `d_notifications`
--
ALTER TABLE `d_notifications`
  ADD PRIMARY KEY (`idNotif`),
  ADD KEY `idUser` (`idUser`),
  ADD KEY `idToNotify` (`idToNotify`);

--
-- Index pour la table `d_partDemandeAchat`
--
ALTER TABLE `d_partDemandeAchat`
  ADD PRIMARY KEY (`idProf`,`idDemande`),
  ADD KEY `idDemande` (`idDemande`);

--
-- Index pour la table `d_profsAppClasse`
--
ALTER TABLE `d_profsAppClasse`
  ADD PRIMARY KEY (`idProf`,`idClasse`),
  ADD KEY `idClasse` (`idClasse`);

--
-- Index pour la table `d_profsAppEcole`
--
ALTER TABLE `d_profsAppEcole`
  ADD PRIMARY KEY (`idEcole`,`idProf`),
  ADD KEY `idProf` (`idProf`);

--
-- Index pour la table `d_tableEcole`
--
ALTER TABLE `d_tableEcole`
  ADD PRIMARY KEY (`idTable`,`idEcole`),
  ADD KEY `idEcole` (`idEcole`);

--
-- Index pour la table `d_tableGames`
--
ALTER TABLE `d_tableGames`
  ADD PRIMARY KEY (`idTable`,`idGame`),
  ADD KEY `idGame` (`idGame`);

--
-- Index pour la table `d_tableProf`
--
ALTER TABLE `d_tableProf`
  ADD PRIMARY KEY (`tokenTable`,`idTable`),
  ADD KEY `idTable` (`idTable`),
  ADD KEY `idProf` (`idProf`);

--
-- Index pour la table `d_tables`
--
ALTER TABLE `d_tables`
  ADD PRIMARY KEY (`idTable`),
  ADD KEY `idSerial` (`idSerial`);

--
-- Index pour la table `d_typeGames`
--
ALTER TABLE `d_typeGames`
  ADD PRIMARY KEY (`idType`);

--
-- Index pour la table `d_users`
--
ALTER TABLE `d_users`
  ADD PRIMARY KEY (`idUser`);

--
-- AUTO_INCREMENT pour les tables exportées
--

--
-- AUTO_INCREMENT pour la table `access_token`
--
ALTER TABLE `access_token`
  MODIFY `access_token_id` int(11) NOT NULL AUTO_INCREMENT, AUTO_INCREMENT=202;
--
-- AUTO_INCREMENT pour la table `d_abonnement`
--
ALTER TABLE `d_abonnement`
  MODIFY `idAbo` int(6) NOT NULL AUTO_INCREMENT, AUTO_INCREMENT=4;
--
-- AUTO_INCREMENT pour la table `d_classe`
--
ALTER TABLE `d_classe`
  MODIFY `idClasse` int(6) NOT NULL AUTO_INCREMENT, AUTO_INCREMENT=3;
--
-- AUTO_INCREMENT pour la table `d_comsGames`
--
ALTER TABLE `d_comsGames`
  MODIFY `idCom` int(20) NOT NULL AUTO_INCREMENT;
--
-- AUTO_INCREMENT pour la table `d_creator`
--
ALTER TABLE `d_creator`
  MODIFY `idCreator` int(8) NOT NULL AUTO_INCREMENT, AUTO_INCREMENT=3;
--
-- AUTO_INCREMENT pour la table `d_demandeAchatGame`
--
ALTER TABLE `d_demandeAchatGame`
  MODIFY `idDemande` int(11) NOT NULL AUTO_INCREMENT, AUTO_INCREMENT=23;
--
-- AUTO_INCREMENT pour la table `d_ecole`
--
ALTER TABLE `d_ecole`
  MODIFY `id` int(6) NOT NULL AUTO_INCREMENT, AUTO_INCREMENT=4;
--
-- AUTO_INCREMENT pour la table `d_eleves`
--
ALTER TABLE `d_eleves`
  MODIFY `idEleve` int(6) NOT NULL AUTO_INCREMENT, AUTO_INCREMENT=49;
--
-- AUTO_INCREMENT pour la table `d_facturation`
--
ALTER TABLE `d_facturation`
  MODIFY `idFacture` int(11) NOT NULL AUTO_INCREMENT, AUTO_INCREMENT=2;
--
-- AUTO_INCREMENT pour la table `d_files`
--
ALTER TABLE `d_files`
  MODIFY `idFile` int(5) NOT NULL AUTO_INCREMENT, AUTO_INCREMENT=19;
--
-- AUTO_INCREMENT pour la table `d_games`
--
ALTER TABLE `d_games`
  MODIFY `id` int(8) NOT NULL AUTO_INCREMENT, AUTO_INCREMENT=5;
--
-- AUTO_INCREMENT pour la table `d_gamesAvis`
--
ALTER TABLE `d_gamesAvis`
  MODIFY `idAvis` int(11) NOT NULL AUTO_INCREMENT, AUTO_INCREMENT=39;
--
-- AUTO_INCREMENT pour la table `d_gamesPlayed`
--
ALTER TABLE `d_gamesPlayed`
  MODIFY `idGP` int(11) NOT NULL AUTO_INCREMENT, AUTO_INCREMENT=51;
--
-- AUTO_INCREMENT pour la table `d_histAchat`
--
ALTER TABLE `d_histAchat`
  MODIFY `idHisto` int(6) NOT NULL AUTO_INCREMENT;
--
-- AUTO_INCREMENT pour la table `d_licencesTables`
--
ALTER TABLE `d_licencesTables`
  MODIFY `idLicence` int(10) NOT NULL AUTO_INCREMENT, AUTO_INCREMENT=3;
--
-- AUTO_INCREMENT pour la table `d_notifications`
--
ALTER TABLE `d_notifications`
  MODIFY `idNotif` int(11) NOT NULL AUTO_INCREMENT, AUTO_INCREMENT=45;
--
-- AUTO_INCREMENT pour la table `d_tables`
--
ALTER TABLE `d_tables`
  MODIFY `idTable` int(8) NOT NULL AUTO_INCREMENT, AUTO_INCREMENT=22;
--
-- AUTO_INCREMENT pour la table `d_typeGames`
--
ALTER TABLE `d_typeGames`
  MODIFY `idType` int(2) NOT NULL AUTO_INCREMENT, AUTO_INCREMENT=3;
--
-- AUTO_INCREMENT pour la table `d_users`
--
ALTER TABLE `d_users`
  MODIFY `idUser` int(11) NOT NULL AUTO_INCREMENT, AUTO_INCREMENT=27;
--
-- Contraintes pour les tables exportées
--

--
-- Contraintes pour la table `access_token`
--
ALTER TABLE `access_token`
  ADD CONSTRAINT `fk_access_token_1` FOREIGN KEY (`user_id`) REFERENCES `d_users` (`idUser`) ON DELETE NO ACTION ON UPDATE NO ACTION;

--
-- Contraintes pour la table `d_abonnement`
--
ALTER TABLE `d_abonnement`
  ADD CONSTRAINT `d_abonnement_ibfk_1` FOREIGN KEY (`idEcole`) REFERENCES `d_ecole` (`id`) ON DELETE CASCADE ON UPDATE CASCADE;

--
-- Contraintes pour la table `d_classeEcole`
--
ALTER TABLE `d_classeEcole`
  ADD CONSTRAINT `d_classeEcole_ibfk_2` FOREIGN KEY (`idClasse`) REFERENCES `d_classe` (`idClasse`) ON DELETE CASCADE ON UPDATE CASCADE,
  ADD CONSTRAINT `d_classeEcole_ibfk_3` FOREIGN KEY (`idEcole`) REFERENCES `d_ecole` (`id`);

--
-- Contraintes pour la table `d_classeEleve`
--
ALTER TABLE `d_classeEleve`
  ADD CONSTRAINT `d_classeEleve_ibfk_1` FOREIGN KEY (`idEleve`) REFERENCES `d_eleves` (`idEleve`) ON DELETE CASCADE ON UPDATE CASCADE,
  ADD CONSTRAINT `d_classeEleve_ibfk_2` FOREIGN KEY (`idClasse`) REFERENCES `d_classe` (`idClasse`) ON DELETE CASCADE ON UPDATE CASCADE;

--
-- Contraintes pour la table `d_comsGames`
--
ALTER TABLE `d_comsGames`
  ADD CONSTRAINT `d_comsGames_ibfk_1` FOREIGN KEY (`idUser`) REFERENCES `d_users` (`idUser`) ON DELETE CASCADE ON UPDATE CASCADE,
  ADD CONSTRAINT `d_comsGames_ibfk_2` FOREIGN KEY (`idEcole`) REFERENCES `d_ecole` (`id`) ON DELETE CASCADE ON UPDATE CASCADE;

--
-- Contraintes pour la table `d_demandeAchatGame`
--
ALTER TABLE `d_demandeAchatGame`
  ADD CONSTRAINT `d_demandeAchatGame_ibfk_3` FOREIGN KEY (`idEcole`) REFERENCES `d_ecole` (`id`) ON DELETE CASCADE ON UPDATE CASCADE,
  ADD CONSTRAINT `d_demandeAchatGame_ibfk_4` FOREIGN KEY (`idGame`) REFERENCES `d_games` (`id`) ON DELETE CASCADE;

--
-- Contraintes pour la table `d_ecole`
--
ALTER TABLE `d_ecole`
  ADD CONSTRAINT `d_ecole_ibfk_1` FOREIGN KEY (`idDirecteur`) REFERENCES `d_users` (`idUser`) ON DELETE NO ACTION ON UPDATE NO ACTION;

--
-- Contraintes pour la table `d_facturation`
--
ALTER TABLE `d_facturation`
  ADD CONSTRAINT `d_facturation_ibfk_1` FOREIGN KEY (`idEcole`) REFERENCES `d_ecole` (`id`) ON DELETE NO ACTION ON UPDATE NO ACTION;

--
-- Contraintes pour la table `d_filesAppsUser`
--
ALTER TABLE `d_filesAppsUser`
  ADD CONSTRAINT `d_filesAppsUser_ibfk_1` FOREIGN KEY (`idFile`) REFERENCES `d_files` (`idFile`) ON DELETE CASCADE ON UPDATE CASCADE,
  ADD CONSTRAINT `d_filesAppsUser_ibfk_2` FOREIGN KEY (`idUser`) REFERENCES `d_users` (`idUser`) ON DELETE CASCADE ON UPDATE CASCADE;

--
-- Contraintes pour la table `d_games`
--
ALTER TABLE `d_games`
  ADD CONSTRAINT `d_games_ibfk_1` FOREIGN KEY (`creator`) REFERENCES `d_creator` (`idCreator`) ON DELETE CASCADE ON UPDATE CASCADE,
  ADD CONSTRAINT `d_games_ibfk_2` FOREIGN KEY (`idType`) REFERENCES `d_typeGames` (`idType`);

--
-- Contraintes pour la table `d_gamesAppEcole`
--
ALTER TABLE `d_gamesAppEcole`
  ADD CONSTRAINT `d_gamesAppEcole_ibfk_1` FOREIGN KEY (`idEcole`) REFERENCES `d_ecole` (`id`) ON DELETE CASCADE ON UPDATE CASCADE,
  ADD CONSTRAINT `d_gamesAppEcole_ibfk_2` FOREIGN KEY (`idGame`) REFERENCES `d_games` (`id`) ON DELETE CASCADE;

--
-- Contraintes pour la table `d_gamesPlayed`
--
ALTER TABLE `d_gamesPlayed`
  ADD CONSTRAINT `d_gamesPlayed_ibfk_2` FOREIGN KEY (`idProf`) REFERENCES `d_users` (`idUser`),
  ADD CONSTRAINT `d_gamesPlayed_ibfk_3` FOREIGN KEY (`idClasse`) REFERENCES `d_classe` (`idClasse`),
  ADD CONSTRAINT `d_gamesPlayed_ibfk_4` FOREIGN KEY (`idTypeGame`) REFERENCES `d_typeGames` (`idType`),
  ADD CONSTRAINT `d_gamesPlayed_ibfk_5` FOREIGN KEY (`idGame`) REFERENCES `d_games` (`id`);

--
-- Contraintes pour la table `d_gamesScored`
--
ALTER TABLE `d_gamesScored`
  ADD CONSTRAINT `d_gamesScored_ibfk_2` FOREIGN KEY (`idEleve`) REFERENCES `d_eleves` (`idEleve`) ON DELETE CASCADE ON UPDATE CASCADE,
  ADD CONSTRAINT `d_gamesScored_ibfk_3` FOREIGN KEY (`idGP`) REFERENCES `d_gamesPlayed` (`idGP`) ON DELETE CASCADE ON UPDATE CASCADE;

--
-- Contraintes pour la table `d_histAchat`
--
ALTER TABLE `d_histAchat`
  ADD CONSTRAINT `d_histAchat_ibfk_1` FOREIGN KEY (`idAbo`) REFERENCES `d_abonnement` (`idAbo`) ON DELETE CASCADE ON UPDATE CASCADE;

--
-- Contraintes pour la table `d_licencesTables`
--
ALTER TABLE `d_licencesTables`
  ADD CONSTRAINT `d_licencesTables_ibfk_3` FOREIGN KEY (`idEcole`) REFERENCES `d_ecole` (`id`) ON DELETE CASCADE,
  ADD CONSTRAINT `d_licencesTables_ibfk_4` FOREIGN KEY (`idLicence`) REFERENCES `d_tables` (`idTable`);

--
-- Contraintes pour la table `d_notifications`
--
ALTER TABLE `d_notifications`
  ADD CONSTRAINT `d_notifications_ibfk_1` FOREIGN KEY (`idToNotify`) REFERENCES `d_demandeAchatGame` (`idDemande`) ON DELETE CASCADE ON UPDATE CASCADE,
  ADD CONSTRAINT `d_notifications_ibfk_2` FOREIGN KEY (`idUser`) REFERENCES `d_users` (`idUser`) ON DELETE CASCADE ON UPDATE CASCADE;

--
-- Contraintes pour la table `d_partDemandeAchat`
--
ALTER TABLE `d_partDemandeAchat`
  ADD CONSTRAINT `d_partDemandeAchat_ibfk_1` FOREIGN KEY (`idProf`) REFERENCES `d_users` (`idUser`) ON DELETE CASCADE ON UPDATE CASCADE,
  ADD CONSTRAINT `d_partDemandeAchat_ibfk_2` FOREIGN KEY (`idDemande`) REFERENCES `d_demandeAchatGame` (`idDemande`) ON DELETE CASCADE ON UPDATE CASCADE;

--
-- Contraintes pour la table `d_profsAppClasse`
--
ALTER TABLE `d_profsAppClasse`
  ADD CONSTRAINT `d_profsAppClasse_ibfk_2` FOREIGN KEY (`idProf`) REFERENCES `d_users` (`idUser`),
  ADD CONSTRAINT `d_profsAppClasse_ibfk_3` FOREIGN KEY (`idClasse`) REFERENCES `d_classe` (`idClasse`) ON DELETE CASCADE ON UPDATE CASCADE;

--
-- Contraintes pour la table `d_profsAppEcole`
--
ALTER TABLE `d_profsAppEcole`
  ADD CONSTRAINT `d_profsAppEcole_ibfk_1` FOREIGN KEY (`idProf`) REFERENCES `d_users` (`idUser`) ON DELETE CASCADE ON UPDATE CASCADE,
  ADD CONSTRAINT `d_profsAppEcole_ibfk_2` FOREIGN KEY (`idEcole`) REFERENCES `d_ecole` (`id`) ON DELETE CASCADE ON UPDATE CASCADE;

--
-- Contraintes pour la table `d_tableEcole`
--
ALTER TABLE `d_tableEcole`
  ADD CONSTRAINT `d_tableEcole_ibfk_2` FOREIGN KEY (`idEcole`) REFERENCES `d_ecole` (`id`) ON DELETE CASCADE ON UPDATE CASCADE,
  ADD CONSTRAINT `d_tableEcole_ibfk_3` FOREIGN KEY (`idTable`) REFERENCES `d_tables` (`idTable`) ON DELETE CASCADE ON UPDATE CASCADE;

--
-- Contraintes pour la table `d_tableGames`
--
ALTER TABLE `d_tableGames`
  ADD CONSTRAINT `d_tableGames_ibfk_2` FOREIGN KEY (`idTable`) REFERENCES `d_tables` (`idTable`) ON DELETE CASCADE ON UPDATE CASCADE,
  ADD CONSTRAINT `d_tableGames_ibfk_3` FOREIGN KEY (`idGame`) REFERENCES `d_games` (`id`) ON DELETE CASCADE;

--
-- Contraintes pour la table `d_tableProf`
--
ALTER TABLE `d_tableProf`
  ADD CONSTRAINT `d_tableProf_ibfk_3` FOREIGN KEY (`idTable`) REFERENCES `d_tables` (`idTable`) ON DELETE CASCADE ON UPDATE CASCADE,
  ADD CONSTRAINT `d_tableProf_ibfk_4` FOREIGN KEY (`idProf`) REFERENCES `d_users` (`idUser`) ON DELETE CASCADE ON UPDATE CASCADE;

/*!40101 SET CHARACTER_SET_CLIENT=@OLD_CHARACTER_SET_CLIENT */;
/*!40101 SET CHARACTER_SET_RESULTS=@OLD_CHARACTER_SET_RESULTS */;
/*!40101 SET COLLATION_CONNECTION=@OLD_COLLATION_CONNECTION */;
